solid ASCII
  facet normal 4.940940e-02 1.303668e-01 9.902339e-01
    outer loop
      vertex   2.900000e+01 4.925882e+01 1.496593e+01
      vertex   2.900000e+01 4.900000e+01 1.500000e+01
      vertex   2.918574e+01 4.915391e+01 1.497047e+01
    endloop
  endfacet
  facet normal 1.304564e-01 3.268886e-02 9.909150e-01
    outer loop
      vertex   2.918574e+01 4.915391e+01 1.497047e+01
      vertex   2.900000e+01 4.900000e+01 1.500000e+01
      vertex   2.925882e+01 4.900000e+01 1.496593e+01
    endloop
  endfacet
  facet normal 3.162140e-01 1.223638e-01 9.407634e-01
    outer loop
      vertex   2.918574e+01 4.915391e+01 1.497047e+01
      vertex   2.925882e+01 4.900000e+01 1.496593e+01
      vertex   2.939854e+01 4.922023e+01 1.489032e+01
    endloop
  endfacet
  facet normal 3.816287e-01 7.419375e-02 9.213332e-01
    outer loop
      vertex   2.939854e+01 4.922023e+01 1.489032e+01
      vertex   2.925882e+01 4.900000e+01 1.496593e+01
      vertex   2.950000e+01 4.900000e+01 1.486603e+01
    endloop
  endfacet
  facet normal 5.215192e-01 1.475718e-01 8.403810e-01
    outer loop
      vertex   2.939854e+01 4.922023e+01 1.489032e+01
      vertex   2.950000e+01 4.900000e+01 1.486603e+01
      vertex   2.959494e+01 4.925449e+01 1.476242e+01
    endloop
  endfacet
  facet normal 6.059824e-01 9.544300e-02 7.897316e-01
    outer loop
      vertex   2.959494e+01 4.925449e+01 1.476242e+01
      vertex   2.950000e+01 4.900000e+01 1.486603e+01
      vertex   2.970711e+01 4.900000e+01 1.470711e+01
    endloop
  endfacet
  facet normal 6.984452e-01 1.560404e-01 6.984452e-01
    outer loop
      vertex   2.959494e+01 4.925449e+01 1.476242e+01
      vertex   2.970711e+01 4.900000e+01 1.470711e+01
      vertex   2.976242e+01 4.925449e+01 1.459494e+01
    endloop
  endfacet
  facet normal 7.897316e-01 9.544300e-02 6.059824e-01
    outer loop
      vertex   2.976242e+01 4.925449e+01 1.459494e+01
      vertex   2.970711e+01 4.900000e+01 1.470711e+01
      vertex   2.986603e+01 4.900000e+01 1.450000e+01
    endloop
  endfacet
  facet normal 8.403810e-01 1.475718e-01 5.215192e-01
    outer loop
      vertex   2.976242e+01 4.925449e+01 1.459494e+01
      vertex   2.986603e+01 4.900000e+01 1.450000e+01
      vertex   2.989032e+01 4.922023e+01 1.439854e+01
    endloop
  endfacet
  facet normal 9.213332e-01 7.419375e-02 3.816287e-01
    outer loop
      vertex   2.989032e+01 4.922023e+01 1.439854e+01
      vertex   2.986603e+01 4.900000e+01 1.450000e+01
      vertex   2.996593e+01 4.900000e+01 1.425882e+01
    endloop
  endfacet
  facet normal 9.407634e-01 1.223638e-01 3.162140e-01
    outer loop
      vertex   2.989032e+01 4.922023e+01 1.439854e+01
      vertex   2.996593e+01 4.900000e+01 1.425882e+01
      vertex   2.997047e+01 4.915391e+01 1.418574e+01
    endloop
  endfacet
  facet normal 9.909150e-01 3.268886e-02 1.304564e-01
    outer loop
      vertex   2.997047e+01 4.915391e+01 1.418574e+01
      vertex   2.996593e+01 4.900000e+01 1.425882e+01
      vertex   3.000000e+01 4.900000e+01 1.400000e+01
    endloop
  endfacet
  facet normal 9.902339e-01 1.303668e-01 4.940940e-02
    outer loop
      vertex   2.997047e+01 4.915391e+01 1.418574e+01
      vertex   3.000000e+01 4.900000e+01 1.400000e+01
      vertex   2.996593e+01 4.925882e+01 1.400000e+01
    endloop
  endfacet
  facet normal 9.537278e-01 2.711922e-01 1.298391e-01
    outer loop
      vertex   2.997047e+01 4.915391e+01 1.418574e+01
      vertex   2.996593e+01 4.925882e+01 1.400000e+01
      vertex   2.991750e+01 4.938864e+01 1.408453e+01
    endloop
  endfacet
  facet normal 9.223031e-01 3.820305e-01 -5.839280e-02
    outer loop
      vertex   2.991750e+01 4.938864e+01 1.408453e+01
      vertex   2.996593e+01 4.925882e+01 1.400000e+01
      vertex   2.986603e+01 4.950000e+01 1.400000e+01
    endloop
  endfacet
  facet normal 8.447130e-01 5.110938e-01 1.588805e-01
    outer loop
      vertex   2.991750e+01 4.938864e+01 1.408453e+01
      vertex   2.986603e+01 4.950000e+01 1.400000e+01
      vertex   2.983242e+01 4.945904e+01 1.431041e+01
    endloop
  endfacet
  facet normal 8.257119e-01 5.407082e-01 1.607312e-01
    outer loop
      vertex   2.983242e+01 4.945904e+01 1.431041e+01
      vertex   2.986603e+01 4.950000e+01 1.400000e+01
      vertex   2.971780e+01 4.966657e+01 1.420112e+01
    endloop
  endfacet
  facet normal 7.197061e-01 5.901245e-01 3.657544e-01
    outer loop
      vertex   2.983242e+01 4.945904e+01 1.431041e+01
      vertex   2.971780e+01 4.966657e+01 1.420112e+01
      vertex   2.969666e+01 4.949540e+01 1.451888e+01
    endloop
  endfacet
  facet normal 7.197061e-01 5.901245e-01 3.657544e-01
    outer loop
      vertex   2.969666e+01 4.949540e+01 1.451888e+01
      vertex   2.971780e+01 4.966657e+01 1.420112e+01
      vertex   2.958343e+01 4.970255e+01 1.440746e+01
    endloop
  endfacet
  facet normal 5.611197e-01 6.085140e-01 5.611197e-01
    outer loop
      vertex   2.969666e+01 4.949540e+01 1.451888e+01
      vertex   2.958343e+01 4.970255e+01 1.440746e+01
      vertex   2.951888e+01 4.949540e+01 1.469666e+01
    endloop
  endfacet
  facet normal 5.611197e-01 6.085140e-01 5.611197e-01
    outer loop
      vertex   2.951888e+01 4.949540e+01 1.469666e+01
      vertex   2.958343e+01 4.970255e+01 1.440746e+01
      vertex   2.940746e+01 4.970255e+01 1.458343e+01
    endloop
  endfacet
  facet normal 3.657544e-01 5.901245e-01 7.197061e-01
    outer loop
      vertex   2.951888e+01 4.949540e+01 1.469666e+01
      vertex   2.940746e+01 4.970255e+01 1.458343e+01
      vertex   2.931041e+01 4.945904e+01 1.483242e+01
    endloop
  endfacet
  facet normal 3.657544e-01 5.901245e-01 7.197061e-01
    outer loop
      vertex   2.931041e+01 4.945904e+01 1.483242e+01
      vertex   2.940746e+01 4.970255e+01 1.458343e+01
      vertex   2.920112e+01 4.966657e+01 1.471780e+01
    endloop
  endfacet
  facet normal 1.607312e-01 5.407082e-01 8.257119e-01
    outer loop
      vertex   2.931041e+01 4.945904e+01 1.483242e+01
      vertex   2.920112e+01 4.966657e+01 1.471780e+01
      vertex   2.900000e+01 4.950000e+01 1.486603e+01
    endloop
  endfacet
  facet normal 8.026201e-02 6.067974e-01 7.907938e-01
    outer loop
      vertex   2.900000e+01 4.950000e+01 1.486603e+01
      vertex   2.920112e+01 4.966657e+01 1.471780e+01
      vertex   2.900000e+01 4.970711e+01 1.470711e+01
    endloop
  endfacet
  facet normal 1.159338e-01 7.476569e-01 6.538873e-01
    outer loop
      vertex   2.900000e+01 4.970711e+01 1.470711e+01
      vertex   2.920112e+01 4.966657e+01 1.471780e+01
      vertex   2.907813e+01 4.982867e+01 1.455426e+01
    endloop
  endfacet
  facet normal -4.340169e-02 7.926058e-01 6.081878e-01
    outer loop
      vertex   2.900000e+01 4.970711e+01 1.470711e+01
      vertex   2.907813e+01 4.982867e+01 1.455426e+01
      vertex   2.900000e+01 4.986603e+01 1.450000e+01
    endloop
  endfacet
  facet normal 1.261909e-01 8.925984e-01 4.328324e-01
    outer loop
      vertex   2.900000e+01 4.986603e+01 1.450000e+01
      vertex   2.907813e+01 4.982867e+01 1.455426e+01
      vertex   2.926828e+01 4.986183e+01 1.443044e+01
    endloop
  endfacet
  facet normal 1.178222e-01 9.091026e-01 3.995626e-01
    outer loop
      vertex   2.900000e+01 4.986603e+01 1.450000e+01
      vertex   2.926828e+01 4.986183e+01 1.443044e+01
      vertex   2.911081e+01 4.996237e+01 1.424811e+01
    endloop
  endfacet
  facet normal 2.729599e-01 9.224889e-01 2.729599e-01
    outer loop
      vertex   2.911081e+01 4.996237e+01 1.424811e+01
      vertex   2.926828e+01 4.986183e+01 1.443044e+01
      vertex   2.924811e+01 4.996237e+01 1.411081e+01
    endloop
  endfacet
  facet normal 1.036987e-01 9.891881e-01 1.036987e-01
    outer loop
      vertex   2.911081e+01 4.996237e+01 1.424811e+01
      vertex   2.924811e+01 4.996237e+01 1.411081e+01
      vertex   2.900000e+01 5.000000e+01 1.400000e+01
    endloop
  endfacet
  facet normal 1.303977e-01 9.904691e-01 4.435481e-02
    outer loop
      vertex   2.900000e+01 5.000000e+01 1.400000e+01
      vertex   2.924811e+01 4.996237e+01 1.411081e+01
      vertex   2.925882e+01 4.996593e+01 1.400000e+01
    endloop
  endfacet
  facet normal 3.818374e-01 9.218370e-01 6.645835e-02
    outer loop
      vertex   2.925882e+01 4.996593e+01 1.400000e+01
      vertex   2.924811e+01 4.996237e+01 1.411081e+01
      vertex   2.950000e+01 4.986603e+01 1.400000e+01
    endloop
  endfacet
  facet normal 3.995626e-01 9.091026e-01 1.178222e-01
    outer loop
      vertex   2.950000e+01 4.986603e+01 1.400000e+01
      vertex   2.924811e+01 4.996237e+01 1.411081e+01
      vertex   2.943044e+01 4.986183e+01 1.426828e+01
    endloop
  endfacet
  facet normal 4.328324e-01 8.925984e-01 1.261909e-01
    outer loop
      vertex   2.950000e+01 4.986603e+01 1.400000e+01
      vertex   2.943044e+01 4.986183e+01 1.426828e+01
      vertex   2.955426e+01 4.982867e+01 1.407813e+01
    endloop
  endfacet
  facet normal 5.834139e-01 7.743828e-01 2.448663e-01
    outer loop
      vertex   2.955426e+01 4.982867e+01 1.407813e+01
      vertex   2.943044e+01 4.986183e+01 1.426828e+01
      vertex   2.958343e+01 4.970255e+01 1.440746e+01
    endloop
  endfacet
  facet normal 5.834139e-01 7.743828e-01 2.448663e-01
    outer loop
      vertex   2.955426e+01 4.982867e+01 1.407813e+01
      vertex   2.958343e+01 4.970255e+01 1.440746e+01
      vertex   2.971780e+01 4.966657e+01 1.420112e+01
    endloop
  endfacet
  facet normal 7.907938e-01 6.067974e-01 8.026201e-02
    outer loop
      vertex   2.986603e+01 4.950000e+01 1.400000e+01
      vertex   2.970711e+01 4.970711e+01 1.400000e+01
      vertex   2.971780e+01 4.966657e+01 1.420112e+01
    endloop
  endfacet
  facet normal 6.538873e-01 7.476569e-01 1.159338e-01
    outer loop
      vertex   2.971780e+01 4.966657e+01 1.420112e+01
      vertex   2.970711e+01 4.970711e+01 1.400000e+01
      vertex   2.955426e+01 4.982867e+01 1.407813e+01
    endloop
  endfacet
  facet normal 6.081878e-01 7.926058e-01 -4.340169e-02
    outer loop
      vertex   2.970711e+01 4.970711e+01 1.400000e+01
      vertex   2.950000e+01 4.986603e+01 1.400000e+01
      vertex   2.955426e+01 4.982867e+01 1.407813e+01
    endloop
  endfacet
  facet normal 4.435481e-02 9.904691e-01 1.303977e-01
    outer loop
      vertex   2.900000e+01 5.000000e+01 1.400000e+01
      vertex   2.900000e+01 4.996593e+01 1.425882e+01
      vertex   2.911081e+01 4.996237e+01 1.424811e+01
    endloop
  endfacet
  facet normal 6.645835e-02 9.218370e-01 3.818374e-01
    outer loop
      vertex   2.911081e+01 4.996237e+01 1.424811e+01
      vertex   2.900000e+01 4.996593e+01 1.425882e+01
      vertex   2.900000e+01 4.986603e+01 1.450000e+01
    endloop
  endfacet
  facet normal 1.588805e-01 5.110938e-01 8.447130e-01
    outer loop
      vertex   2.931041e+01 4.945904e+01 1.483242e+01
      vertex   2.900000e+01 4.950000e+01 1.486603e+01
      vertex   2.908453e+01 4.938864e+01 1.491750e+01
    endloop
  endfacet
  facet normal -5.839280e-02 3.820305e-01 9.223031e-01
    outer loop
      vertex   2.908453e+01 4.938864e+01 1.491750e+01
      vertex   2.900000e+01 4.950000e+01 1.486603e+01
      vertex   2.900000e+01 4.925882e+01 1.496593e+01
    endloop
  endfacet
  facet normal 1.298391e-01 2.711922e-01 9.537278e-01
    outer loop
      vertex   2.908453e+01 4.938864e+01 1.491750e+01
      vertex   2.900000e+01 4.925882e+01 1.496593e+01
      vertex   2.918574e+01 4.915391e+01 1.497047e+01
    endloop
  endfacet
  facet normal 2.475550e-01 3.135991e-01 9.167181e-01
    outer loop
      vertex   2.931041e+01 4.945904e+01 1.483242e+01
      vertex   2.908453e+01 4.938864e+01 1.491750e+01
      vertex   2.918574e+01 4.915391e+01 1.497047e+01
    endloop
  endfacet
  facet normal 4.620595e-01 3.663208e-01 8.076571e-01
    outer loop
      vertex   2.951888e+01 4.949540e+01 1.469666e+01
      vertex   2.931041e+01 4.945904e+01 1.483242e+01
      vertex   2.939854e+01 4.922023e+01 1.489032e+01
    endloop
  endfacet
  facet normal 2.475550e-01 3.135991e-01 9.167181e-01
    outer loop
      vertex   2.939854e+01 4.922023e+01 1.489032e+01
      vertex   2.931041e+01 4.945904e+01 1.483242e+01
      vertex   2.918574e+01 4.915391e+01 1.497047e+01
    endloop
  endfacet
  facet normal 2.448663e-01 7.743828e-01 5.834139e-01
    outer loop
      vertex   2.926828e+01 4.986183e+01 1.443044e+01
      vertex   2.907813e+01 4.982867e+01 1.455426e+01
      vertex   2.920112e+01 4.966657e+01 1.471780e+01
    endloop
  endfacet
  facet normal 2.448663e-01 7.743828e-01 5.834139e-01
    outer loop
      vertex   2.926828e+01 4.986183e+01 1.443044e+01
      vertex   2.920112e+01 4.966657e+01 1.471780e+01
      vertex   2.940746e+01 4.970255e+01 1.458343e+01
    endloop
  endfacet
  facet normal 6.528138e-01 3.842763e-01 6.528138e-01
    outer loop
      vertex   2.969666e+01 4.949540e+01 1.451888e+01
      vertex   2.951888e+01 4.949540e+01 1.469666e+01
      vertex   2.959494e+01 4.925449e+01 1.476242e+01
    endloop
  endfacet
  facet normal 4.620595e-01 3.663208e-01 8.076571e-01
    outer loop
      vertex   2.959494e+01 4.925449e+01 1.476242e+01
      vertex   2.951888e+01 4.949540e+01 1.469666e+01
      vertex   2.939854e+01 4.922023e+01 1.489032e+01
    endloop
  endfacet
  facet normal 4.317293e-01 7.919720e-01 4.317293e-01
    outer loop
      vertex   2.958343e+01 4.970255e+01 1.440746e+01
      vertex   2.943044e+01 4.986183e+01 1.426828e+01
      vertex   2.940746e+01 4.970255e+01 1.458343e+01
    endloop
  endfacet
  facet normal 4.317293e-01 7.919720e-01 4.317293e-01
    outer loop
      vertex   2.940746e+01 4.970255e+01 1.458343e+01
      vertex   2.943044e+01 4.986183e+01 1.426828e+01
      vertex   2.926828e+01 4.986183e+01 1.443044e+01
    endloop
  endfacet
  facet normal 2.729599e-01 9.224889e-01 2.729599e-01
    outer loop
      vertex   2.943044e+01 4.986183e+01 1.426828e+01
      vertex   2.924811e+01 4.996237e+01 1.411081e+01
      vertex   2.926828e+01 4.986183e+01 1.443044e+01
    endloop
  endfacet
  facet normal 8.076571e-01 3.663208e-01 4.620595e-01
    outer loop
      vertex   2.983242e+01 4.945904e+01 1.431041e+01
      vertex   2.969666e+01 4.949540e+01 1.451888e+01
      vertex   2.976242e+01 4.925449e+01 1.459494e+01
    endloop
  endfacet
  facet normal 6.528138e-01 3.842763e-01 6.528138e-01
    outer loop
      vertex   2.976242e+01 4.925449e+01 1.459494e+01
      vertex   2.969666e+01 4.949540e+01 1.451888e+01
      vertex   2.959494e+01 4.925449e+01 1.476242e+01
    endloop
  endfacet
  facet normal 9.167181e-01 3.135991e-01 2.475550e-01
    outer loop
      vertex   2.991750e+01 4.938864e+01 1.408453e+01
      vertex   2.983242e+01 4.945904e+01 1.431041e+01
      vertex   2.989032e+01 4.922023e+01 1.439854e+01
    endloop
  endfacet
  facet normal 8.076571e-01 3.663208e-01 4.620595e-01
    outer loop
      vertex   2.989032e+01 4.922023e+01 1.439854e+01
      vertex   2.983242e+01 4.945904e+01 1.431041e+01
      vertex   2.976242e+01 4.925449e+01 1.459494e+01
    endloop
  endfacet
  facet normal 9.167181e-01 3.135991e-01 2.475550e-01
    outer loop
      vertex   2.997047e+01 4.915391e+01 1.418574e+01
      vertex   2.991750e+01 4.938864e+01 1.408453e+01
      vertex   2.989032e+01 4.922023e+01 1.439854e+01
    endloop
  endfacet
  facet normal -1.304564e-01 3.268886e-02 9.909150e-01
    outer loop
      vertex   7.411810e-01 4.900000e+01 1.496593e+01
      vertex   1.000000e+00 4.900000e+01 1.500000e+01
      vertex   8.142561e-01 4.915391e+01 1.497047e+01
    endloop
  endfacet
  facet normal -4.940940e-02 1.303668e-01 9.902339e-01
    outer loop
      vertex   8.142561e-01 4.915391e+01 1.497047e+01
      vertex   1.000000e+00 4.900000e+01 1.500000e+01
      vertex   1.000000e+00 4.925882e+01 1.496593e+01
    endloop
  endfacet
  facet normal -1.298391e-01 2.711922e-01 9.537278e-01
    outer loop
      vertex   8.142561e-01 4.915391e+01 1.497047e+01
      vertex   1.000000e+00 4.925882e+01 1.496593e+01
      vertex   9.154700e-01 4.938864e+01 1.491750e+01
    endloop
  endfacet
  facet normal 5.839280e-02 3.820305e-01 9.223031e-01
    outer loop
      vertex   9.154700e-01 4.938864e+01 1.491750e+01
      vertex   1.000000e+00 4.925882e+01 1.496593e+01
      vertex   1.000000e+00 4.950000e+01 1.486603e+01
    endloop
  endfacet
  facet normal -1.588805e-01 5.110938e-01 8.447130e-01
    outer loop
      vertex   9.154700e-01 4.938864e+01 1.491750e+01
      vertex   1.000000e+00 4.950000e+01 1.486603e+01
      vertex   6.895943e-01 4.945904e+01 1.483242e+01
    endloop
  endfacet
  facet normal -1.607312e-01 5.407082e-01 8.257119e-01
    outer loop
      vertex   6.895943e-01 4.945904e+01 1.483242e+01
      vertex   1.000000e+00 4.950000e+01 1.486603e+01
      vertex   7.988787e-01 4.966657e+01 1.471780e+01
    endloop
  endfacet
  facet normal -3.657544e-01 5.901245e-01 7.197061e-01
    outer loop
      vertex   6.895943e-01 4.945904e+01 1.483242e+01
      vertex   7.988787e-01 4.966657e+01 1.471780e+01
      vertex   4.811193e-01 4.949540e+01 1.469666e+01
    endloop
  endfacet
  facet normal -3.657544e-01 5.901245e-01 7.197061e-01
    outer loop
      vertex   4.811193e-01 4.949540e+01 1.469666e+01
      vertex   7.988787e-01 4.966657e+01 1.471780e+01
      vertex   5.925356e-01 4.970255e+01 1.458343e+01
    endloop
  endfacet
  facet normal -5.611197e-01 6.085140e-01 5.611197e-01
    outer loop
      vertex   4.811193e-01 4.949540e+01 1.469666e+01
      vertex   5.925356e-01 4.970255e+01 1.458343e+01
      vertex   3.033355e-01 4.949540e+01 1.451888e+01
    endloop
  endfacet
  facet normal -5.611197e-01 6.085140e-01 5.611197e-01
    outer loop
      vertex   3.033355e-01 4.949540e+01 1.451888e+01
      vertex   5.925356e-01 4.970255e+01 1.458343e+01
      vertex   4.165699e-01 4.970255e+01 1.440746e+01
    endloop
  endfacet
  facet normal -7.197061e-01 5.901245e-01 3.657544e-01
    outer loop
      vertex   3.033355e-01 4.949540e+01 1.451888e+01
      vertex   4.165699e-01 4.970255e+01 1.440746e+01
      vertex   1.675766e-01 4.945904e+01 1.431041e+01
    endloop
  endfacet
  facet normal -7.197061e-01 5.901245e-01 3.657544e-01
    outer loop
      vertex   1.675766e-01 4.945904e+01 1.431041e+01
      vertex   4.165699e-01 4.970255e+01 1.440746e+01
      vertex   2.821994e-01 4.966657e+01 1.420112e+01
    endloop
  endfacet
  facet normal -8.257119e-01 5.407082e-01 1.607312e-01
    outer loop
      vertex   1.675766e-01 4.945904e+01 1.431041e+01
      vertex   2.821994e-01 4.966657e+01 1.420112e+01
      vertex   1.339746e-01 4.950000e+01 1.400000e+01
    endloop
  endfacet
  facet normal -7.907938e-01 6.067974e-01 8.026201e-02
    outer loop
      vertex   1.339746e-01 4.950000e+01 1.400000e+01
      vertex   2.821994e-01 4.966657e+01 1.420112e+01
      vertex   2.928932e-01 4.970711e+01 1.400000e+01
    endloop
  endfacet
  facet normal -6.538873e-01 7.476569e-01 1.159338e-01
    outer loop
      vertex   2.928932e-01 4.970711e+01 1.400000e+01
      vertex   2.821994e-01 4.966657e+01 1.420112e+01
      vertex   4.457391e-01 4.982867e+01 1.407813e+01
    endloop
  endfacet
  facet normal -6.081878e-01 7.926058e-01 -4.340169e-02
    outer loop
      vertex   2.928932e-01 4.970711e+01 1.400000e+01
      vertex   4.457391e-01 4.982867e+01 1.407813e+01
      vertex   5.000000e-01 4.986603e+01 1.400000e+01
    endloop
  endfacet
  facet normal -4.328324e-01 8.925984e-01 1.261909e-01
    outer loop
      vertex   5.000000e-01 4.986603e+01 1.400000e+01
      vertex   4.457391e-01 4.982867e+01 1.407813e+01
      vertex   5.695642e-01 4.986183e+01 1.426828e+01
    endloop
  endfacet
  facet normal -3.995626e-01 9.091026e-01 1.178222e-01
    outer loop
      vertex   5.000000e-01 4.986603e+01 1.400000e+01
      vertex   5.695642e-01 4.986183e+01 1.426828e+01
      vertex   7.518919e-01 4.996237e+01 1.411081e+01
    endloop
  endfacet
  facet normal -2.729599e-01 9.224889e-01 2.729599e-01
    outer loop
      vertex   7.518919e-01 4.996237e+01 1.411081e+01
      vertex   5.695642e-01 4.986183e+01 1.426828e+01
      vertex   8.891872e-01 4.996237e+01 1.424811e+01
    endloop
  endfacet
  facet normal -1.036987e-01 9.891881e-01 1.036987e-01
    outer loop
      vertex   7.518919e-01 4.996237e+01 1.411081e+01
      vertex   8.891872e-01 4.996237e+01 1.424811e+01
      vertex   1.000000e+00 5.000000e+01 1.400000e+01
    endloop
  endfacet
  facet normal -4.435481e-02 9.904691e-01 1.303977e-01
    outer loop
      vertex   1.000000e+00 5.000000e+01 1.400000e+01
      vertex   8.891872e-01 4.996237e+01 1.424811e+01
      vertex   1.000000e+00 4.996593e+01 1.425882e+01
    endloop
  endfacet
  facet normal -6.645835e-02 9.218370e-01 3.818374e-01
    outer loop
      vertex   1.000000e+00 4.996593e+01 1.425882e+01
      vertex   8.891872e-01 4.996237e+01 1.424811e+01
      vertex   1.000000e+00 4.986603e+01 1.450000e+01
    endloop
  endfacet
  facet normal -1.178222e-01 9.091026e-01 3.995626e-01
    outer loop
      vertex   1.000000e+00 4.986603e+01 1.450000e+01
      vertex   8.891872e-01 4.996237e+01 1.424811e+01
      vertex   7.317200e-01 4.986183e+01 1.443044e+01
    endloop
  endfacet
  facet normal -1.261909e-01 8.925984e-01 4.328324e-01
    outer loop
      vertex   1.000000e+00 4.986603e+01 1.450000e+01
      vertex   7.317200e-01 4.986183e+01 1.443044e+01
      vertex   9.218691e-01 4.982867e+01 1.455426e+01
    endloop
  endfacet
  facet normal -2.448663e-01 7.743828e-01 5.834139e-01
    outer loop
      vertex   9.218691e-01 4.982867e+01 1.455426e+01
      vertex   7.317200e-01 4.986183e+01 1.443044e+01
      vertex   5.925356e-01 4.970255e+01 1.458343e+01
    endloop
  endfacet
  facet normal -2.448663e-01 7.743828e-01 5.834139e-01
    outer loop
      vertex   9.218691e-01 4.982867e+01 1.455426e+01
      vertex   5.925356e-01 4.970255e+01 1.458343e+01
      vertex   7.988787e-01 4.966657e+01 1.471780e+01
    endloop
  endfacet
  facet normal -8.026201e-02 6.067974e-01 7.907938e-01
    outer loop
      vertex   1.000000e+00 4.950000e+01 1.486603e+01
      vertex   1.000000e+00 4.970711e+01 1.470711e+01
      vertex   7.988787e-01 4.966657e+01 1.471780e+01
    endloop
  endfacet
  facet normal -1.159338e-01 7.476569e-01 6.538873e-01
    outer loop
      vertex   7.988787e-01 4.966657e+01 1.471780e+01
      vertex   1.000000e+00 4.970711e+01 1.470711e+01
      vertex   9.218691e-01 4.982867e+01 1.455426e+01
    endloop
  endfacet
  facet normal 4.340169e-02 7.926058e-01 6.081878e-01
    outer loop
      vertex   1.000000e+00 4.970711e+01 1.470711e+01
      vertex   1.000000e+00 4.986603e+01 1.450000e+01
      vertex   9.218691e-01 4.982867e+01 1.455426e+01
    endloop
  endfacet
  facet normal -1.303977e-01 9.904691e-01 4.435481e-02
    outer loop
      vertex   1.000000e+00 5.000000e+01 1.400000e+01
      vertex   7.411810e-01 4.996593e+01 1.400000e+01
      vertex   7.518919e-01 4.996237e+01 1.411081e+01
    endloop
  endfacet
  facet normal -3.818374e-01 9.218370e-01 6.645835e-02
    outer loop
      vertex   7.518919e-01 4.996237e+01 1.411081e+01
      vertex   7.411810e-01 4.996593e+01 1.400000e+01
      vertex   5.000000e-01 4.986603e+01 1.400000e+01
    endloop
  endfacet
  facet normal -8.447130e-01 5.110938e-01 1.588805e-01
    outer loop
      vertex   1.675766e-01 4.945904e+01 1.431041e+01
      vertex   1.339746e-01 4.950000e+01 1.400000e+01
      vertex   8.249758e-02 4.938864e+01 1.408453e+01
    endloop
  endfacet
  facet normal -9.223031e-01 3.820305e-01 -5.839280e-02
    outer loop
      vertex   8.249758e-02 4.938864e+01 1.408453e+01
      vertex   1.339746e-01 4.950000e+01 1.400000e+01
      vertex   3.407417e-02 4.925882e+01 1.400000e+01
    endloop
  endfacet
  facet normal -9.537278e-01 2.711922e-01 1.298391e-01
    outer loop
      vertex   8.249758e-02 4.938864e+01 1.408453e+01
      vertex   3.407417e-02 4.925882e+01 1.400000e+01
      vertex   2.953101e-02 4.915391e+01 1.418574e+01
    endloop
  endfacet
  facet normal -9.902339e-01 1.303668e-01 4.940940e-02
    outer loop
      vertex   2.953101e-02 4.915391e+01 1.418574e+01
      vertex   3.407417e-02 4.925882e+01 1.400000e+01
      vertex   0.000000e+00 4.900000e+01 1.400000e+01
    endloop
  endfacet
  facet normal -9.909150e-01 3.268886e-02 1.304564e-01
    outer loop
      vertex   2.953101e-02 4.915391e+01 1.418574e+01
      vertex   0.000000e+00 4.900000e+01 1.400000e+01
      vertex   3.407417e-02 4.900000e+01 1.425882e+01
    endloop
  endfacet
  facet normal -9.407634e-01 1.223638e-01 3.162140e-01
    outer loop
      vertex   2.953101e-02 4.915391e+01 1.418574e+01
      vertex   3.407417e-02 4.900000e+01 1.425882e+01
      vertex   1.096821e-01 4.922023e+01 1.439854e+01
    endloop
  endfacet
  facet normal -9.213332e-01 7.419375e-02 3.816287e-01
    outer loop
      vertex   1.096821e-01 4.922023e+01 1.439854e+01
      vertex   3.407417e-02 4.900000e+01 1.425882e+01
      vertex   1.339746e-01 4.900000e+01 1.450000e+01
    endloop
  endfacet
  facet normal -8.403810e-01 1.475718e-01 5.215192e-01
    outer loop
      vertex   1.096821e-01 4.922023e+01 1.439854e+01
      vertex   1.339746e-01 4.900000e+01 1.450000e+01
      vertex   2.375775e-01 4.925449e+01 1.459494e+01
    endloop
  endfacet
  facet normal -7.897316e-01 9.544300e-02 6.059824e-01
    outer loop
      vertex   2.375775e-01 4.925449e+01 1.459494e+01
      vertex   1.339746e-01 4.900000e+01 1.450000e+01
      vertex   2.928932e-01 4.900000e+01 1.470711e+01
    endloop
  endfacet
  facet normal -6.984452e-01 1.560404e-01 6.984452e-01
    outer loop
      vertex   2.375775e-01 4.925449e+01 1.459494e+01
      vertex   2.928932e-01 4.900000e+01 1.470711e+01
      vertex   4.050638e-01 4.925449e+01 1.476242e+01
    endloop
  endfacet
  facet normal -6.059824e-01 9.544300e-02 7.897316e-01
    outer loop
      vertex   4.050638e-01 4.925449e+01 1.476242e+01
      vertex   2.928932e-01 4.900000e+01 1.470711e+01
      vertex   5.000000e-01 4.900000e+01 1.486603e+01
    endloop
  endfacet
  facet normal -5.215192e-01 1.475718e-01 8.403810e-01
    outer loop
      vertex   4.050638e-01 4.925449e+01 1.476242e+01
      vertex   5.000000e-01 4.900000e+01 1.486603e+01
      vertex   6.014636e-01 4.922023e+01 1.489032e+01
    endloop
  endfacet
  facet normal -3.816287e-01 7.419375e-02 9.213332e-01
    outer loop
      vertex   6.014636e-01 4.922023e+01 1.489032e+01
      vertex   5.000000e-01 4.900000e+01 1.486603e+01
      vertex   7.411810e-01 4.900000e+01 1.496593e+01
    endloop
  endfacet
  facet normal -3.162140e-01 1.223638e-01 9.407634e-01
    outer loop
      vertex   6.014636e-01 4.922023e+01 1.489032e+01
      vertex   7.411810e-01 4.900000e+01 1.496593e+01
      vertex   8.142561e-01 4.915391e+01 1.497047e+01
    endloop
  endfacet
  facet normal -2.475550e-01 3.135991e-01 9.167181e-01
    outer loop
      vertex   6.014636e-01 4.922023e+01 1.489032e+01
      vertex   8.142561e-01 4.915391e+01 1.497047e+01
      vertex   9.154700e-01 4.938864e+01 1.491750e+01
    endloop
  endfacet
  facet normal -4.620595e-01 3.663208e-01 8.076571e-01
    outer loop
      vertex   4.050638e-01 4.925449e+01 1.476242e+01
      vertex   6.014636e-01 4.922023e+01 1.489032e+01
      vertex   6.895943e-01 4.945904e+01 1.483242e+01
    endloop
  endfacet
  facet normal -2.475550e-01 3.135991e-01 9.167181e-01
    outer loop
      vertex   6.895943e-01 4.945904e+01 1.483242e+01
      vertex   6.014636e-01 4.922023e+01 1.489032e+01
      vertex   9.154700e-01 4.938864e+01 1.491750e+01
    endloop
  endfacet
  facet normal -4.620595e-01 3.663208e-01 8.076571e-01
    outer loop
      vertex   4.050638e-01 4.925449e+01 1.476242e+01
      vertex   6.895943e-01 4.945904e+01 1.483242e+01
      vertex   4.811193e-01 4.949540e+01 1.469666e+01
    endloop
  endfacet
  facet normal -4.317293e-01 7.919720e-01 4.317293e-01
    outer loop
      vertex   4.165699e-01 4.970255e+01 1.440746e+01
      vertex   5.925356e-01 4.970255e+01 1.458343e+01
      vertex   7.317200e-01 4.986183e+01 1.443044e+01
    endloop
  endfacet
  facet normal -4.317293e-01 7.919720e-01 4.317293e-01
    outer loop
      vertex   4.165699e-01 4.970255e+01 1.440746e+01
      vertex   7.317200e-01 4.986183e+01 1.443044e+01
      vertex   5.695642e-01 4.986183e+01 1.426828e+01
    endloop
  endfacet
  facet normal -2.729599e-01 9.224889e-01 2.729599e-01
    outer loop
      vertex   5.695642e-01 4.986183e+01 1.426828e+01
      vertex   7.317200e-01 4.986183e+01 1.443044e+01
      vertex   8.891872e-01 4.996237e+01 1.424811e+01
    endloop
  endfacet
  facet normal -6.528138e-01 3.842763e-01 6.528138e-01
    outer loop
      vertex   2.375775e-01 4.925449e+01 1.459494e+01
      vertex   4.050638e-01 4.925449e+01 1.476242e+01
      vertex   4.811193e-01 4.949540e+01 1.469666e+01
    endloop
  endfacet
  facet normal -6.528138e-01 3.842763e-01 6.528138e-01
    outer loop
      vertex   2.375775e-01 4.925449e+01 1.459494e+01
      vertex   4.811193e-01 4.949540e+01 1.469666e+01
      vertex   3.033355e-01 4.949540e+01 1.451888e+01
    endloop
  endfacet
  facet normal -5.834139e-01 7.743828e-01 2.448663e-01
    outer loop
      vertex   2.821994e-01 4.966657e+01 1.420112e+01
      vertex   4.165699e-01 4.970255e+01 1.440746e+01
      vertex   5.695642e-01 4.986183e+01 1.426828e+01
    endloop
  endfacet
  facet normal -5.834139e-01 7.743828e-01 2.448663e-01
    outer loop
      vertex   4.457391e-01 4.982867e+01 1.407813e+01
      vertex   2.821994e-01 4.966657e+01 1.420112e+01
      vertex   5.695642e-01 4.986183e+01 1.426828e+01
    endloop
  endfacet
  facet normal -8.076571e-01 3.663208e-01 4.620595e-01
    outer loop
      vertex   1.096821e-01 4.922023e+01 1.439854e+01
      vertex   2.375775e-01 4.925449e+01 1.459494e+01
      vertex   3.033355e-01 4.949540e+01 1.451888e+01
    endloop
  endfacet
  facet normal -8.076571e-01 3.663208e-01 4.620595e-01
    outer loop
      vertex   1.096821e-01 4.922023e+01 1.439854e+01
      vertex   3.033355e-01 4.949540e+01 1.451888e+01
      vertex   1.675766e-01 4.945904e+01 1.431041e+01
    endloop
  endfacet
  facet normal -9.167181e-01 3.135991e-01 2.475550e-01
    outer loop
      vertex   2.953101e-02 4.915391e+01 1.418574e+01
      vertex   1.096821e-01 4.922023e+01 1.439854e+01
      vertex   1.675766e-01 4.945904e+01 1.431041e+01
    endloop
  endfacet
  facet normal -9.167181e-01 3.135991e-01 2.475550e-01
    outer loop
      vertex   8.249758e-02 4.938864e+01 1.408453e+01
      vertex   2.953101e-02 4.915391e+01 1.418574e+01
      vertex   1.675766e-01 4.945904e+01 1.431041e+01
    endloop
  endfacet
  facet normal 4.940940e-02 9.902339e-01 -1.303668e-01
    outer loop
      vertex   2.900000e+01 4.996593e+01 7.411810e-01
      vertex   2.900000e+01 5.000000e+01 1.000000e+00
      vertex   2.918574e+01 4.997047e+01 8.460872e-01
    endloop
  endfacet
  facet normal 1.304564e-01 9.909150e-01 -3.268886e-02
    outer loop
      vertex   2.918574e+01 4.997047e+01 8.460872e-01
      vertex   2.900000e+01 5.000000e+01 1.000000e+00
      vertex   2.925882e+01 4.996593e+01 1.000000e+00
    endloop
  endfacet
  facet normal 3.162140e-01 9.407634e-01 -1.223638e-01
    outer loop
      vertex   2.918574e+01 4.997047e+01 8.460872e-01
      vertex   2.925882e+01 4.996593e+01 1.000000e+00
      vertex   2.939854e+01 4.989032e+01 7.797665e-01
    endloop
  endfacet
  facet normal 3.816287e-01 9.213332e-01 -7.419375e-02
    outer loop
      vertex   2.939854e+01 4.989032e+01 7.797665e-01
      vertex   2.925882e+01 4.996593e+01 1.000000e+00
      vertex   2.950000e+01 4.986603e+01 1.000000e+00
    endloop
  endfacet
  facet normal 5.215192e-01 8.403810e-01 -1.475718e-01
    outer loop
      vertex   2.939854e+01 4.989032e+01 7.797665e-01
      vertex   2.950000e+01 4.986603e+01 1.000000e+00
      vertex   2.959494e+01 4.976242e+01 7.455143e-01
    endloop
  endfacet
  facet normal 6.059824e-01 7.897316e-01 -9.544300e-02
    outer loop
      vertex   2.959494e+01 4.976242e+01 7.455143e-01
      vertex   2.950000e+01 4.986603e+01 1.000000e+00
      vertex   2.970711e+01 4.970711e+01 1.000000e+00
    endloop
  endfacet
  facet normal 6.984452e-01 6.984452e-01 -1.560404e-01
    outer loop
      vertex   2.959494e+01 4.976242e+01 7.455143e-01
      vertex   2.970711e+01 4.970711e+01 1.000000e+00
      vertex   2.976242e+01 4.959494e+01 7.455143e-01
    endloop
  endfacet
  facet normal 7.897316e-01 6.059824e-01 -9.544300e-02
    outer loop
      vertex   2.976242e+01 4.959494e+01 7.455143e-01
      vertex   2.970711e+01 4.970711e+01 1.000000e+00
      vertex   2.986603e+01 4.950000e+01 1.000000e+00
    endloop
  endfacet
  facet normal 8.403810e-01 5.215192e-01 -1.475718e-01
    outer loop
      vertex   2.976242e+01 4.959494e+01 7.455143e-01
      vertex   2.986603e+01 4.950000e+01 1.000000e+00
      vertex   2.989032e+01 4.939854e+01 7.797665e-01
    endloop
  endfacet
  facet normal 9.213332e-01 3.816287e-01 -7.419375e-02
    outer loop
      vertex   2.989032e+01 4.939854e+01 7.797665e-01
      vertex   2.986603e+01 4.950000e+01 1.000000e+00
      vertex   2.996593e+01 4.925882e+01 1.000000e+00
    endloop
  endfacet
  facet normal 9.407634e-01 3.162140e-01 -1.223638e-01
    outer loop
      vertex   2.989032e+01 4.939854e+01 7.797665e-01
      vertex   2.996593e+01 4.925882e+01 1.000000e+00
      vertex   2.997047e+01 4.918574e+01 8.460872e-01
    endloop
  endfacet
  facet normal 9.909150e-01 1.304564e-01 -3.268886e-02
    outer loop
      vertex   2.997047e+01 4.918574e+01 8.460872e-01
      vertex   2.996593e+01 4.925882e+01 1.000000e+00
      vertex   3.000000e+01 4.900000e+01 1.000000e+00
    endloop
  endfacet
  facet normal 9.902339e-01 4.940940e-02 -1.303668e-01
    outer loop
      vertex   2.997047e+01 4.918574e+01 8.460872e-01
      vertex   3.000000e+01 4.900000e+01 1.000000e+00
      vertex   2.996593e+01 4.900000e+01 7.411810e-01
    endloop
  endfacet
  facet normal 9.537278e-01 1.298391e-01 -2.711922e-01
    outer loop
      vertex   2.997047e+01 4.918574e+01 8.460872e-01
      vertex   2.996593e+01 4.900000e+01 7.411810e-01
      vertex   2.991750e+01 4.908453e+01 6.113562e-01
    endloop
  endfacet
  facet normal 9.223031e-01 -5.839280e-02 -3.820305e-01
    outer loop
      vertex   2.991750e+01 4.908453e+01 6.113562e-01
      vertex   2.996593e+01 4.900000e+01 7.411810e-01
      vertex   2.986603e+01 4.900000e+01 5.000000e-01
    endloop
  endfacet
  facet normal 8.447130e-01 1.588805e-01 -5.110938e-01
    outer loop
      vertex   2.991750e+01 4.908453e+01 6.113562e-01
      vertex   2.986603e+01 4.900000e+01 5.000000e-01
      vertex   2.983242e+01 4.931041e+01 5.409579e-01
    endloop
  endfacet
  facet normal 8.257119e-01 1.607312e-01 -5.407082e-01
    outer loop
      vertex   2.983242e+01 4.931041e+01 5.409579e-01
      vertex   2.986603e+01 4.900000e+01 5.000000e-01
      vertex   2.971780e+01 4.920112e+01 3.334323e-01
    endloop
  endfacet
  facet normal 7.197061e-01 3.657544e-01 -5.901245e-01
    outer loop
      vertex   2.983242e+01 4.931041e+01 5.409579e-01
      vertex   2.971780e+01 4.920112e+01 3.334323e-01
      vertex   2.969666e+01 4.951888e+01 5.045998e-01
    endloop
  endfacet
  facet normal 7.197061e-01 3.657544e-01 -5.901245e-01
    outer loop
      vertex   2.969666e+01 4.951888e+01 5.045998e-01
      vertex   2.971780e+01 4.920112e+01 3.334323e-01
      vertex   2.958343e+01 4.940746e+01 2.974460e-01
    endloop
  endfacet
  facet normal 5.611197e-01 5.611197e-01 -6.085140e-01
    outer loop
      vertex   2.969666e+01 4.951888e+01 5.045998e-01
      vertex   2.958343e+01 4.940746e+01 2.974460e-01
      vertex   2.951888e+01 4.969666e+01 5.045998e-01
    endloop
  endfacet
  facet normal 5.611197e-01 5.611197e-01 -6.085140e-01
    outer loop
      vertex   2.951888e+01 4.969666e+01 5.045998e-01
      vertex   2.958343e+01 4.940746e+01 2.974460e-01
      vertex   2.940746e+01 4.958343e+01 2.974460e-01
    endloop
  endfacet
  facet normal 3.657544e-01 7.197061e-01 -5.901245e-01
    outer loop
      vertex   2.951888e+01 4.969666e+01 5.045998e-01
      vertex   2.940746e+01 4.958343e+01 2.974460e-01
      vertex   2.931041e+01 4.983242e+01 5.409579e-01
    endloop
  endfacet
  facet normal 3.657544e-01 7.197061e-01 -5.901245e-01
    outer loop
      vertex   2.931041e+01 4.983242e+01 5.409579e-01
      vertex   2.940746e+01 4.958343e+01 2.974460e-01
      vertex   2.920112e+01 4.971780e+01 3.334323e-01
    endloop
  endfacet
  facet normal 1.607312e-01 8.257119e-01 -5.407082e-01
    outer loop
      vertex   2.931041e+01 4.983242e+01 5.409579e-01
      vertex   2.920112e+01 4.971780e+01 3.334323e-01
      vertex   2.900000e+01 4.986603e+01 5.000000e-01
    endloop
  endfacet
  facet normal 8.026201e-02 7.907938e-01 -6.067974e-01
    outer loop
      vertex   2.900000e+01 4.986603e+01 5.000000e-01
      vertex   2.920112e+01 4.971780e+01 3.334323e-01
      vertex   2.900000e+01 4.970711e+01 2.928932e-01
    endloop
  endfacet
  facet normal 1.159338e-01 6.538873e-01 -7.476569e-01
    outer loop
      vertex   2.900000e+01 4.970711e+01 2.928932e-01
      vertex   2.920112e+01 4.971780e+01 3.334323e-01
      vertex   2.907813e+01 4.955426e+01 1.713321e-01
    endloop
  endfacet
  facet normal -4.340169e-02 6.081878e-01 -7.926058e-01
    outer loop
      vertex   2.900000e+01 4.970711e+01 2.928932e-01
      vertex   2.907813e+01 4.955426e+01 1.713321e-01
      vertex   2.900000e+01 4.950000e+01 1.339746e-01
    endloop
  endfacet
  facet normal 1.261909e-01 4.328324e-01 -8.925984e-01
    outer loop
      vertex   2.900000e+01 4.950000e+01 1.339746e-01
      vertex   2.907813e+01 4.955426e+01 1.713321e-01
      vertex   2.926828e+01 4.943044e+01 1.381701e-01
    endloop
  endfacet
  facet normal 1.178222e-01 3.995626e-01 -9.091026e-01
    outer loop
      vertex   2.900000e+01 4.950000e+01 1.339746e-01
      vertex   2.926828e+01 4.943044e+01 1.381701e-01
      vertex   2.911081e+01 4.924811e+01 3.762643e-02
    endloop
  endfacet
  facet normal 2.729599e-01 2.729599e-01 -9.224889e-01
    outer loop
      vertex   2.911081e+01 4.924811e+01 3.762643e-02
      vertex   2.926828e+01 4.943044e+01 1.381701e-01
      vertex   2.924811e+01 4.911081e+01 3.762643e-02
    endloop
  endfacet
  facet normal 1.036987e-01 1.036987e-01 -9.891881e-01
    outer loop
      vertex   2.911081e+01 4.924811e+01 3.762643e-02
      vertex   2.924811e+01 4.911081e+01 3.762643e-02
      vertex   2.900000e+01 4.900000e+01 0.000000e+00
    endloop
  endfacet
  facet normal 1.303977e-01 4.435481e-02 -9.904691e-01
    outer loop
      vertex   2.900000e+01 4.900000e+01 0.000000e+00
      vertex   2.924811e+01 4.911081e+01 3.762643e-02
      vertex   2.925882e+01 4.900000e+01 3.407417e-02
    endloop
  endfacet
  facet normal 3.818374e-01 6.645835e-02 -9.218370e-01
    outer loop
      vertex   2.925882e+01 4.900000e+01 3.407417e-02
      vertex   2.924811e+01 4.911081e+01 3.762643e-02
      vertex   2.950000e+01 4.900000e+01 1.339746e-01
    endloop
  endfacet
  facet normal 3.995626e-01 1.178222e-01 -9.091026e-01
    outer loop
      vertex   2.950000e+01 4.900000e+01 1.339746e-01
      vertex   2.924811e+01 4.911081e+01 3.762643e-02
      vertex   2.943044e+01 4.926828e+01 1.381701e-01
    endloop
  endfacet
  facet normal 4.328324e-01 1.261909e-01 -8.925984e-01
    outer loop
      vertex   2.950000e+01 4.900000e+01 1.339746e-01
      vertex   2.943044e+01 4.926828e+01 1.381701e-01
      vertex   2.955426e+01 4.907813e+01 1.713321e-01
    endloop
  endfacet
  facet normal 5.834139e-01 2.448663e-01 -7.743828e-01
    outer loop
      vertex   2.955426e+01 4.907813e+01 1.713321e-01
      vertex   2.943044e+01 4.926828e+01 1.381701e-01
      vertex   2.958343e+01 4.940746e+01 2.974460e-01
    endloop
  endfacet
  facet normal 5.834139e-01 2.448663e-01 -7.743828e-01
    outer loop
      vertex   2.955426e+01 4.907813e+01 1.713321e-01
      vertex   2.958343e+01 4.940746e+01 2.974460e-01
      vertex   2.971780e+01 4.920112e+01 3.334323e-01
    endloop
  endfacet
  facet normal 7.907938e-01 8.026201e-02 -6.067974e-01
    outer loop
      vertex   2.986603e+01 4.900000e+01 5.000000e-01
      vertex   2.970711e+01 4.900000e+01 2.928932e-01
      vertex   2.971780e+01 4.920112e+01 3.334323e-01
    endloop
  endfacet
  facet normal 6.538873e-01 1.159338e-01 -7.476569e-01
    outer loop
      vertex   2.971780e+01 4.920112e+01 3.334323e-01
      vertex   2.970711e+01 4.900000e+01 2.928932e-01
      vertex   2.955426e+01 4.907813e+01 1.713321e-01
    endloop
  endfacet
  facet normal 6.081878e-01 -4.340169e-02 -7.926058e-01
    outer loop
      vertex   2.970711e+01 4.900000e+01 2.928932e-01
      vertex   2.950000e+01 4.900000e+01 1.339746e-01
      vertex   2.955426e+01 4.907813e+01 1.713321e-01
    endloop
  endfacet
  facet normal 4.435481e-02 1.303977e-01 -9.904691e-01
    outer loop
      vertex   2.900000e+01 4.900000e+01 0.000000e+00
      vertex   2.900000e+01 4.925882e+01 3.407417e-02
      vertex   2.911081e+01 4.924811e+01 3.762643e-02
    endloop
  endfacet
  facet normal 6.645835e-02 3.818374e-01 -9.218370e-01
    outer loop
      vertex   2.911081e+01 4.924811e+01 3.762643e-02
      vertex   2.900000e+01 4.925882e+01 3.407417e-02
      vertex   2.900000e+01 4.950000e+01 1.339746e-01
    endloop
  endfacet
  facet normal 1.588805e-01 8.447130e-01 -5.110938e-01
    outer loop
      vertex   2.931041e+01 4.983242e+01 5.409579e-01
      vertex   2.900000e+01 4.986603e+01 5.000000e-01
      vertex   2.908453e+01 4.991750e+01 6.113562e-01
    endloop
  endfacet
  facet normal -5.839281e-02 9.223031e-01 -3.820305e-01
    outer loop
      vertex   2.908453e+01 4.991750e+01 6.113562e-01
      vertex   2.900000e+01 4.986603e+01 5.000000e-01
      vertex   2.900000e+01 4.996593e+01 7.411810e-01
    endloop
  endfacet
  facet normal 1.298391e-01 9.537278e-01 -2.711922e-01
    outer loop
      vertex   2.908453e+01 4.991750e+01 6.113562e-01
      vertex   2.900000e+01 4.996593e+01 7.411810e-01
      vertex   2.918574e+01 4.997047e+01 8.460872e-01
    endloop
  endfacet
  facet normal 2.475550e-01 9.167181e-01 -3.135991e-01
    outer loop
      vertex   2.931041e+01 4.983242e+01 5.409579e-01
      vertex   2.908453e+01 4.991750e+01 6.113562e-01
      vertex   2.918574e+01 4.997047e+01 8.460872e-01
    endloop
  endfacet
  facet normal 4.620595e-01 8.076571e-01 -3.663208e-01
    outer loop
      vertex   2.951888e+01 4.969666e+01 5.045998e-01
      vertex   2.931041e+01 4.983242e+01 5.409579e-01
      vertex   2.939854e+01 4.989032e+01 7.797665e-01
    endloop
  endfacet
  facet normal 2.475550e-01 9.167181e-01 -3.135991e-01
    outer loop
      vertex   2.939854e+01 4.989032e+01 7.797665e-01
      vertex   2.931041e+01 4.983242e+01 5.409579e-01
      vertex   2.918574e+01 4.997047e+01 8.460872e-01
    endloop
  endfacet
  facet normal 2.448663e-01 5.834139e-01 -7.743828e-01
    outer loop
      vertex   2.926828e+01 4.943044e+01 1.381701e-01
      vertex   2.907813e+01 4.955426e+01 1.713321e-01
      vertex   2.920112e+01 4.971780e+01 3.334323e-01
    endloop
  endfacet
  facet normal 2.448663e-01 5.834139e-01 -7.743828e-01
    outer loop
      vertex   2.926828e+01 4.943044e+01 1.381701e-01
      vertex   2.920112e+01 4.971780e+01 3.334323e-01
      vertex   2.940746e+01 4.958343e+01 2.974460e-01
    endloop
  endfacet
  facet normal 6.528138e-01 6.528138e-01 -3.842763e-01
    outer loop
      vertex   2.969666e+01 4.951888e+01 5.045998e-01
      vertex   2.951888e+01 4.969666e+01 5.045998e-01
      vertex   2.959494e+01 4.976242e+01 7.455143e-01
    endloop
  endfacet
  facet normal 4.620595e-01 8.076571e-01 -3.663208e-01
    outer loop
      vertex   2.959494e+01 4.976242e+01 7.455143e-01
      vertex   2.951888e+01 4.969666e+01 5.045998e-01
      vertex   2.939854e+01 4.989032e+01 7.797665e-01
    endloop
  endfacet
  facet normal 4.317293e-01 4.317293e-01 -7.919720e-01
    outer loop
      vertex   2.958343e+01 4.940746e+01 2.974460e-01
      vertex   2.943044e+01 4.926828e+01 1.381701e-01
      vertex   2.940746e+01 4.958343e+01 2.974460e-01
    endloop
  endfacet
  facet normal 4.317293e-01 4.317293e-01 -7.919720e-01
    outer loop
      vertex   2.940746e+01 4.958343e+01 2.974460e-01
      vertex   2.943044e+01 4.926828e+01 1.381701e-01
      vertex   2.926828e+01 4.943044e+01 1.381701e-01
    endloop
  endfacet
  facet normal 2.729599e-01 2.729599e-01 -9.224889e-01
    outer loop
      vertex   2.943044e+01 4.926828e+01 1.381701e-01
      vertex   2.924811e+01 4.911081e+01 3.762643e-02
      vertex   2.926828e+01 4.943044e+01 1.381701e-01
    endloop
  endfacet
  facet normal 8.076571e-01 4.620595e-01 -3.663208e-01
    outer loop
      vertex   2.983242e+01 4.931041e+01 5.409579e-01
      vertex   2.969666e+01 4.951888e+01 5.045998e-01
      vertex   2.976242e+01 4.959494e+01 7.455143e-01
    endloop
  endfacet
  facet normal 6.528138e-01 6.528138e-01 -3.842763e-01
    outer loop
      vertex   2.976242e+01 4.959494e+01 7.455143e-01
      vertex   2.969666e+01 4.951888e+01 5.045998e-01
      vertex   2.959494e+01 4.976242e+01 7.455143e-01
    endloop
  endfacet
  facet normal 9.167181e-01 2.475550e-01 -3.135991e-01
    outer loop
      vertex   2.991750e+01 4.908453e+01 6.113562e-01
      vertex   2.983242e+01 4.931041e+01 5.409579e-01
      vertex   2.989032e+01 4.939854e+01 7.797665e-01
    endloop
  endfacet
  facet normal 8.076571e-01 4.620595e-01 -3.663208e-01
    outer loop
      vertex   2.989032e+01 4.939854e+01 7.797665e-01
      vertex   2.983242e+01 4.931041e+01 5.409579e-01
      vertex   2.976242e+01 4.959494e+01 7.455143e-01
    endloop
  endfacet
  facet normal 9.167181e-01 2.475550e-01 -3.135991e-01
    outer loop
      vertex   2.997047e+01 4.918574e+01 8.460872e-01
      vertex   2.991750e+01 4.908453e+01 6.113562e-01
      vertex   2.989032e+01 4.939854e+01 7.797665e-01
    endloop
  endfacet
  facet normal 1.304564e-01 -3.268886e-02 9.909150e-01
    outer loop
      vertex   2.925882e+01 1.000000e+00 1.496593e+01
      vertex   2.900000e+01 1.000000e+00 1.500000e+01
      vertex   2.918574e+01 8.460872e-01 1.497047e+01
    endloop
  endfacet
  facet normal 4.940940e-02 -1.303668e-01 9.902339e-01
    outer loop
      vertex   2.918574e+01 8.460872e-01 1.497047e+01
      vertex   2.900000e+01 1.000000e+00 1.500000e+01
      vertex   2.900000e+01 7.411810e-01 1.496593e+01
    endloop
  endfacet
  facet normal 1.298391e-01 -2.711922e-01 9.537278e-01
    outer loop
      vertex   2.918574e+01 8.460872e-01 1.497047e+01
      vertex   2.900000e+01 7.411810e-01 1.496593e+01
      vertex   2.908453e+01 6.113562e-01 1.491750e+01
    endloop
  endfacet
  facet normal -5.839280e-02 -3.820305e-01 9.223031e-01
    outer loop
      vertex   2.908453e+01 6.113562e-01 1.491750e+01
      vertex   2.900000e+01 7.411810e-01 1.496593e+01
      vertex   2.900000e+01 5.000000e-01 1.486603e+01
    endloop
  endfacet
  facet normal 1.588805e-01 -5.110938e-01 8.447130e-01
    outer loop
      vertex   2.908453e+01 6.113562e-01 1.491750e+01
      vertex   2.900000e+01 5.000000e-01 1.486603e+01
      vertex   2.931041e+01 5.409579e-01 1.483242e+01
    endloop
  endfacet
  facet normal 1.607312e-01 -5.407082e-01 8.257119e-01
    outer loop
      vertex   2.931041e+01 5.409579e-01 1.483242e+01
      vertex   2.900000e+01 5.000000e-01 1.486603e+01
      vertex   2.920112e+01 3.334323e-01 1.471780e+01
    endloop
  endfacet
  facet normal 3.657544e-01 -5.901245e-01 7.197061e-01
    outer loop
      vertex   2.931041e+01 5.409579e-01 1.483242e+01
      vertex   2.920112e+01 3.334323e-01 1.471780e+01
      vertex   2.951888e+01 5.045998e-01 1.469666e+01
    endloop
  endfacet
  facet normal 3.657544e-01 -5.901245e-01 7.197061e-01
    outer loop
      vertex   2.951888e+01 5.045998e-01 1.469666e+01
      vertex   2.920112e+01 3.334323e-01 1.471780e+01
      vertex   2.940746e+01 2.974460e-01 1.458343e+01
    endloop
  endfacet
  facet normal 5.611197e-01 -6.085140e-01 5.611197e-01
    outer loop
      vertex   2.951888e+01 5.045998e-01 1.469666e+01
      vertex   2.940746e+01 2.974460e-01 1.458343e+01
      vertex   2.969666e+01 5.045998e-01 1.451888e+01
    endloop
  endfacet
  facet normal 5.611197e-01 -6.085140e-01 5.611197e-01
    outer loop
      vertex   2.969666e+01 5.045998e-01 1.451888e+01
      vertex   2.940746e+01 2.974460e-01 1.458343e+01
      vertex   2.958343e+01 2.974460e-01 1.440746e+01
    endloop
  endfacet
  facet normal 7.197061e-01 -5.901245e-01 3.657544e-01
    outer loop
      vertex   2.969666e+01 5.045998e-01 1.451888e+01
      vertex   2.958343e+01 2.974460e-01 1.440746e+01
      vertex   2.983242e+01 5.409579e-01 1.431041e+01
    endloop
  endfacet
  facet normal 7.197061e-01 -5.901245e-01 3.657544e-01
    outer loop
      vertex   2.983242e+01 5.409579e-01 1.431041e+01
      vertex   2.958343e+01 2.974460e-01 1.440746e+01
      vertex   2.971780e+01 3.334323e-01 1.420112e+01
    endloop
  endfacet
  facet normal 8.257119e-01 -5.407082e-01 1.607312e-01
    outer loop
      vertex   2.983242e+01 5.409579e-01 1.431041e+01
      vertex   2.971780e+01 3.334323e-01 1.420112e+01
      vertex   2.986603e+01 5.000000e-01 1.400000e+01
    endloop
  endfacet
  facet normal 7.907938e-01 -6.067974e-01 8.026201e-02
    outer loop
      vertex   2.986603e+01 5.000000e-01 1.400000e+01
      vertex   2.971780e+01 3.334323e-01 1.420112e+01
      vertex   2.970711e+01 2.928932e-01 1.400000e+01
    endloop
  endfacet
  facet normal 6.538873e-01 -7.476569e-01 1.159338e-01
    outer loop
      vertex   2.970711e+01 2.928932e-01 1.400000e+01
      vertex   2.971780e+01 3.334323e-01 1.420112e+01
      vertex   2.955426e+01 1.713321e-01 1.407813e+01
    endloop
  endfacet
  facet normal 6.081878e-01 -7.926058e-01 -4.340169e-02
    outer loop
      vertex   2.970711e+01 2.928932e-01 1.400000e+01
      vertex   2.955426e+01 1.713321e-01 1.407813e+01
      vertex   2.950000e+01 1.339746e-01 1.400000e+01
    endloop
  endfacet
  facet normal 4.328324e-01 -8.925984e-01 1.261909e-01
    outer loop
      vertex   2.950000e+01 1.339746e-01 1.400000e+01
      vertex   2.955426e+01 1.713321e-01 1.407813e+01
      vertex   2.943044e+01 1.381701e-01 1.426828e+01
    endloop
  endfacet
  facet normal 3.995626e-01 -9.091026e-01 1.178222e-01
    outer loop
      vertex   2.950000e+01 1.339746e-01 1.400000e+01
      vertex   2.943044e+01 1.381701e-01 1.426828e+01
      vertex   2.924811e+01 3.762643e-02 1.411081e+01
    endloop
  endfacet
  facet normal 2.729599e-01 -9.224889e-01 2.729599e-01
    outer loop
      vertex   2.924811e+01 3.762643e-02 1.411081e+01
      vertex   2.943044e+01 1.381701e-01 1.426828e+01
      vertex   2.911081e+01 3.762643e-02 1.424811e+01
    endloop
  endfacet
  facet normal 1.036987e-01 -9.891881e-01 1.036987e-01
    outer loop
      vertex   2.924811e+01 3.762643e-02 1.411081e+01
      vertex   2.911081e+01 3.762643e-02 1.424811e+01
      vertex   2.900000e+01 0.000000e+00 1.400000e+01
    endloop
  endfacet
  facet normal 4.435481e-02 -9.904691e-01 1.303977e-01
    outer loop
      vertex   2.900000e+01 0.000000e+00 1.400000e+01
      vertex   2.911081e+01 3.762643e-02 1.424811e+01
      vertex   2.900000e+01 3.407417e-02 1.425882e+01
    endloop
  endfacet
  facet normal 6.645835e-02 -9.218370e-01 3.818374e-01
    outer loop
      vertex   2.900000e+01 3.407417e-02 1.425882e+01
      vertex   2.911081e+01 3.762643e-02 1.424811e+01
      vertex   2.900000e+01 1.339746e-01 1.450000e+01
    endloop
  endfacet
  facet normal 1.178222e-01 -9.091026e-01 3.995626e-01
    outer loop
      vertex   2.900000e+01 1.339746e-01 1.450000e+01
      vertex   2.911081e+01 3.762643e-02 1.424811e+01
      vertex   2.926828e+01 1.381701e-01 1.443044e+01
    endloop
  endfacet
  facet normal 1.261909e-01 -8.925984e-01 4.328324e-01
    outer loop
      vertex   2.900000e+01 1.339746e-01 1.450000e+01
      vertex   2.926828e+01 1.381701e-01 1.443044e+01
      vertex   2.907813e+01 1.713321e-01 1.455426e+01
    endloop
  endfacet
  facet normal 2.448663e-01 -7.743828e-01 5.834139e-01
    outer loop
      vertex   2.907813e+01 1.713321e-01 1.455426e+01
      vertex   2.926828e+01 1.381701e-01 1.443044e+01
      vertex   2.940746e+01 2.974460e-01 1.458343e+01
    endloop
  endfacet
  facet normal 2.448663e-01 -7.743828e-01 5.834139e-01
    outer loop
      vertex   2.907813e+01 1.713321e-01 1.455426e+01
      vertex   2.940746e+01 2.974460e-01 1.458343e+01
      vertex   2.920112e+01 3.334323e-01 1.471780e+01
    endloop
  endfacet
  facet normal 8.026201e-02 -6.067974e-01 7.907938e-01
    outer loop
      vertex   2.900000e+01 5.000000e-01 1.486603e+01
      vertex   2.900000e+01 2.928932e-01 1.470711e+01
      vertex   2.920112e+01 3.334323e-01 1.471780e+01
    endloop
  endfacet
  facet normal 1.159338e-01 -7.476569e-01 6.538873e-01
    outer loop
      vertex   2.920112e+01 3.334323e-01 1.471780e+01
      vertex   2.900000e+01 2.928932e-01 1.470711e+01
      vertex   2.907813e+01 1.713321e-01 1.455426e+01
    endloop
  endfacet
  facet normal -4.340169e-02 -7.926058e-01 6.081878e-01
    outer loop
      vertex   2.900000e+01 2.928932e-01 1.470711e+01
      vertex   2.900000e+01 1.339746e-01 1.450000e+01
      vertex   2.907813e+01 1.713321e-01 1.455426e+01
    endloop
  endfacet
  facet normal 1.303977e-01 -9.904691e-01 4.435481e-02
    outer loop
      vertex   2.900000e+01 0.000000e+00 1.400000e+01
      vertex   2.925882e+01 3.407417e-02 1.400000e+01
      vertex   2.924811e+01 3.762643e-02 1.411081e+01
    endloop
  endfacet
  facet normal 3.818374e-01 -9.218370e-01 6.645835e-02
    outer loop
      vertex   2.924811e+01 3.762643e-02 1.411081e+01
      vertex   2.925882e+01 3.407417e-02 1.400000e+01
      vertex   2.950000e+01 1.339746e-01 1.400000e+01
    endloop
  endfacet
  facet normal 8.447130e-01 -5.110938e-01 1.588805e-01
    outer loop
      vertex   2.983242e+01 5.409579e-01 1.431041e+01
      vertex   2.986603e+01 5.000000e-01 1.400000e+01
      vertex   2.991750e+01 6.113562e-01 1.408453e+01
    endloop
  endfacet
  facet normal 9.223031e-01 -3.820305e-01 -5.839280e-02
    outer loop
      vertex   2.991750e+01 6.113562e-01 1.408453e+01
      vertex   2.986603e+01 5.000000e-01 1.400000e+01
      vertex   2.996593e+01 7.411810e-01 1.400000e+01
    endloop
  endfacet
  facet normal 9.537278e-01 -2.711922e-01 1.298391e-01
    outer loop
      vertex   2.991750e+01 6.113562e-01 1.408453e+01
      vertex   2.996593e+01 7.411810e-01 1.400000e+01
      vertex   2.997047e+01 8.460872e-01 1.418574e+01
    endloop
  endfacet
  facet normal 9.902339e-01 -1.303668e-01 4.940940e-02
    outer loop
      vertex   2.997047e+01 8.460872e-01 1.418574e+01
      vertex   2.996593e+01 7.411810e-01 1.400000e+01
      vertex   3.000000e+01 1.000000e+00 1.400000e+01
    endloop
  endfacet
  facet normal 9.909150e-01 -3.268886e-02 1.304564e-01
    outer loop
      vertex   2.997047e+01 8.460872e-01 1.418574e+01
      vertex   3.000000e+01 1.000000e+00 1.400000e+01
      vertex   2.996593e+01 1.000000e+00 1.425882e+01
    endloop
  endfacet
  facet normal 9.407634e-01 -1.223638e-01 3.162140e-01
    outer loop
      vertex   2.997047e+01 8.460872e-01 1.418574e+01
      vertex   2.996593e+01 1.000000e+00 1.425882e+01
      vertex   2.989032e+01 7.797665e-01 1.439854e+01
    endloop
  endfacet
  facet normal 9.213332e-01 -7.419375e-02 3.816287e-01
    outer loop
      vertex   2.989032e+01 7.797665e-01 1.439854e+01
      vertex   2.996593e+01 1.000000e+00 1.425882e+01
      vertex   2.986603e+01 1.000000e+00 1.450000e+01
    endloop
  endfacet
  facet normal 8.403810e-01 -1.475718e-01 5.215192e-01
    outer loop
      vertex   2.989032e+01 7.797665e-01 1.439854e+01
      vertex   2.986603e+01 1.000000e+00 1.450000e+01
      vertex   2.976242e+01 7.455143e-01 1.459494e+01
    endloop
  endfacet
  facet normal 7.897316e-01 -9.544300e-02 6.059824e-01
    outer loop
      vertex   2.976242e+01 7.455143e-01 1.459494e+01
      vertex   2.986603e+01 1.000000e+00 1.450000e+01
      vertex   2.970711e+01 1.000000e+00 1.470711e+01
    endloop
  endfacet
  facet normal 6.984452e-01 -1.560404e-01 6.984452e-01
    outer loop
      vertex   2.976242e+01 7.455143e-01 1.459494e+01
      vertex   2.970711e+01 1.000000e+00 1.470711e+01
      vertex   2.959494e+01 7.455143e-01 1.476242e+01
    endloop
  endfacet
  facet normal 6.059824e-01 -9.544300e-02 7.897316e-01
    outer loop
      vertex   2.959494e+01 7.455143e-01 1.476242e+01
      vertex   2.970711e+01 1.000000e+00 1.470711e+01
      vertex   2.950000e+01 1.000000e+00 1.486603e+01
    endloop
  endfacet
  facet normal 5.215192e-01 -1.475718e-01 8.403810e-01
    outer loop
      vertex   2.959494e+01 7.455143e-01 1.476242e+01
      vertex   2.950000e+01 1.000000e+00 1.486603e+01
      vertex   2.939854e+01 7.797665e-01 1.489032e+01
    endloop
  endfacet
  facet normal 3.816287e-01 -7.419375e-02 9.213332e-01
    outer loop
      vertex   2.939854e+01 7.797665e-01 1.489032e+01
      vertex   2.950000e+01 1.000000e+00 1.486603e+01
      vertex   2.925882e+01 1.000000e+00 1.496593e+01
    endloop
  endfacet
  facet normal 3.162140e-01 -1.223638e-01 9.407634e-01
    outer loop
      vertex   2.939854e+01 7.797665e-01 1.489032e+01
      vertex   2.925882e+01 1.000000e+00 1.496593e+01
      vertex   2.918574e+01 8.460872e-01 1.497047e+01
    endloop
  endfacet
  facet normal 2.475550e-01 -3.135991e-01 9.167181e-01
    outer loop
      vertex   2.939854e+01 7.797665e-01 1.489032e+01
      vertex   2.918574e+01 8.460872e-01 1.497047e+01
      vertex   2.908453e+01 6.113562e-01 1.491750e+01
    endloop
  endfacet
  facet normal 4.620595e-01 -3.663208e-01 8.076571e-01
    outer loop
      vertex   2.959494e+01 7.455143e-01 1.476242e+01
      vertex   2.939854e+01 7.797665e-01 1.489032e+01
      vertex   2.931041e+01 5.409579e-01 1.483242e+01
    endloop
  endfacet
  facet normal 2.475550e-01 -3.135991e-01 9.167181e-01
    outer loop
      vertex   2.931041e+01 5.409579e-01 1.483242e+01
      vertex   2.939854e+01 7.797665e-01 1.489032e+01
      vertex   2.908453e+01 6.113562e-01 1.491750e+01
    endloop
  endfacet
  facet normal 4.620595e-01 -3.663208e-01 8.076571e-01
    outer loop
      vertex   2.959494e+01 7.455143e-01 1.476242e+01
      vertex   2.931041e+01 5.409579e-01 1.483242e+01
      vertex   2.951888e+01 5.045998e-01 1.469666e+01
    endloop
  endfacet
  facet normal 4.317293e-01 -7.919720e-01 4.317293e-01
    outer loop
      vertex   2.958343e+01 2.974460e-01 1.440746e+01
      vertex   2.940746e+01 2.974460e-01 1.458343e+01
      vertex   2.926828e+01 1.381701e-01 1.443044e+01
    endloop
  endfacet
  facet normal 4.317293e-01 -7.919720e-01 4.317293e-01
    outer loop
      vertex   2.958343e+01 2.974460e-01 1.440746e+01
      vertex   2.926828e+01 1.381701e-01 1.443044e+01
      vertex   2.943044e+01 1.381701e-01 1.426828e+01
    endloop
  endfacet
  facet normal 2.729599e-01 -9.224889e-01 2.729599e-01
    outer loop
      vertex   2.943044e+01 1.381701e-01 1.426828e+01
      vertex   2.926828e+01 1.381701e-01 1.443044e+01
      vertex   2.911081e+01 3.762643e-02 1.424811e+01
    endloop
  endfacet
  facet normal 6.528138e-01 -3.842763e-01 6.528138e-01
    outer loop
      vertex   2.976242e+01 7.455143e-01 1.459494e+01
      vertex   2.959494e+01 7.455143e-01 1.476242e+01
      vertex   2.951888e+01 5.045998e-01 1.469666e+01
    endloop
  endfacet
  facet normal 6.528138e-01 -3.842763e-01 6.528138e-01
    outer loop
      vertex   2.976242e+01 7.455143e-01 1.459494e+01
      vertex   2.951888e+01 5.045998e-01 1.469666e+01
      vertex   2.969666e+01 5.045998e-01 1.451888e+01
    endloop
  endfacet
  facet normal 5.834139e-01 -7.743828e-01 2.448663e-01
    outer loop
      vertex   2.971780e+01 3.334323e-01 1.420112e+01
      vertex   2.958343e+01 2.974460e-01 1.440746e+01
      vertex   2.943044e+01 1.381701e-01 1.426828e+01
    endloop
  endfacet
  facet normal 5.834139e-01 -7.743828e-01 2.448663e-01
    outer loop
      vertex   2.955426e+01 1.713321e-01 1.407813e+01
      vertex   2.971780e+01 3.334323e-01 1.420112e+01
      vertex   2.943044e+01 1.381701e-01 1.426828e+01
    endloop
  endfacet
  facet normal 8.076571e-01 -3.663208e-01 4.620595e-01
    outer loop
      vertex   2.989032e+01 7.797665e-01 1.439854e+01
      vertex   2.976242e+01 7.455143e-01 1.459494e+01
      vertex   2.969666e+01 5.045998e-01 1.451888e+01
    endloop
  endfacet
  facet normal 8.076571e-01 -3.663208e-01 4.620595e-01
    outer loop
      vertex   2.989032e+01 7.797665e-01 1.439854e+01
      vertex   2.969666e+01 5.045998e-01 1.451888e+01
      vertex   2.983242e+01 5.409579e-01 1.431041e+01
    endloop
  endfacet
  facet normal 9.167181e-01 -3.135991e-01 2.475550e-01
    outer loop
      vertex   2.997047e+01 8.460872e-01 1.418574e+01
      vertex   2.989032e+01 7.797665e-01 1.439854e+01
      vertex   2.983242e+01 5.409579e-01 1.431041e+01
    endloop
  endfacet
  facet normal 9.167181e-01 -3.135991e-01 2.475550e-01
    outer loop
      vertex   2.991750e+01 6.113562e-01 1.408453e+01
      vertex   2.997047e+01 8.460872e-01 1.418574e+01
      vertex   2.983242e+01 5.409579e-01 1.431041e+01
    endloop
  endfacet
  facet normal -1.304564e-01 9.909150e-01 -3.268886e-02
    outer loop
      vertex   7.411810e-01 4.996593e+01 1.000000e+00
      vertex   1.000000e+00 5.000000e+01 1.000000e+00
      vertex   8.142561e-01 4.997047e+01 8.460872e-01
    endloop
  endfacet
  facet normal -4.940940e-02 9.902339e-01 -1.303668e-01
    outer loop
      vertex   8.142561e-01 4.997047e+01 8.460872e-01
      vertex   1.000000e+00 5.000000e+01 1.000000e+00
      vertex   1.000000e+00 4.996593e+01 7.411810e-01
    endloop
  endfacet
  facet normal -1.298391e-01 9.537278e-01 -2.711922e-01
    outer loop
      vertex   8.142561e-01 4.997047e+01 8.460872e-01
      vertex   1.000000e+00 4.996593e+01 7.411810e-01
      vertex   9.154700e-01 4.991750e+01 6.113562e-01
    endloop
  endfacet
  facet normal 5.839280e-02 9.223031e-01 -3.820305e-01
    outer loop
      vertex   9.154700e-01 4.991750e+01 6.113562e-01
      vertex   1.000000e+00 4.996593e+01 7.411810e-01
      vertex   1.000000e+00 4.986603e+01 5.000000e-01
    endloop
  endfacet
  facet normal -1.588805e-01 8.447130e-01 -5.110938e-01
    outer loop
      vertex   9.154700e-01 4.991750e+01 6.113562e-01
      vertex   1.000000e+00 4.986603e+01 5.000000e-01
      vertex   6.895943e-01 4.983242e+01 5.409579e-01
    endloop
  endfacet
  facet normal -1.607312e-01 8.257119e-01 -5.407082e-01
    outer loop
      vertex   6.895943e-01 4.983242e+01 5.409579e-01
      vertex   1.000000e+00 4.986603e+01 5.000000e-01
      vertex   7.988787e-01 4.971780e+01 3.334323e-01
    endloop
  endfacet
  facet normal -3.657544e-01 7.197061e-01 -5.901245e-01
    outer loop
      vertex   6.895943e-01 4.983242e+01 5.409579e-01
      vertex   7.988787e-01 4.971780e+01 3.334323e-01
      vertex   4.811193e-01 4.969666e+01 5.045998e-01
    endloop
  endfacet
  facet normal -3.657544e-01 7.197061e-01 -5.901245e-01
    outer loop
      vertex   4.811193e-01 4.969666e+01 5.045998e-01
      vertex   7.988787e-01 4.971780e+01 3.334323e-01
      vertex   5.925356e-01 4.958343e+01 2.974460e-01
    endloop
  endfacet
  facet normal -5.611197e-01 5.611197e-01 -6.085140e-01
    outer loop
      vertex   4.811193e-01 4.969666e+01 5.045998e-01
      vertex   5.925356e-01 4.958343e+01 2.974460e-01
      vertex   3.033355e-01 4.951888e+01 5.045998e-01
    endloop
  endfacet
  facet normal -5.611197e-01 5.611197e-01 -6.085140e-01
    outer loop
      vertex   3.033355e-01 4.951888e+01 5.045998e-01
      vertex   5.925356e-01 4.958343e+01 2.974460e-01
      vertex   4.165699e-01 4.940746e+01 2.974460e-01
    endloop
  endfacet
  facet normal -7.197061e-01 3.657544e-01 -5.901245e-01
    outer loop
      vertex   3.033355e-01 4.951888e+01 5.045998e-01
      vertex   4.165699e-01 4.940746e+01 2.974460e-01
      vertex   1.675766e-01 4.931041e+01 5.409579e-01
    endloop
  endfacet
  facet normal -7.197061e-01 3.657544e-01 -5.901245e-01
    outer loop
      vertex   1.675766e-01 4.931041e+01 5.409579e-01
      vertex   4.165699e-01 4.940746e+01 2.974460e-01
      vertex   2.821994e-01 4.920112e+01 3.334323e-01
    endloop
  endfacet
  facet normal -8.257119e-01 1.607312e-01 -5.407082e-01
    outer loop
      vertex   1.675766e-01 4.931041e+01 5.409579e-01
      vertex   2.821994e-01 4.920112e+01 3.334323e-01
      vertex   1.339746e-01 4.900000e+01 5.000000e-01
    endloop
  endfacet
  facet normal -7.907938e-01 8.026201e-02 -6.067974e-01
    outer loop
      vertex   1.339746e-01 4.900000e+01 5.000000e-01
      vertex   2.821994e-01 4.920112e+01 3.334323e-01
      vertex   2.928932e-01 4.900000e+01 2.928932e-01
    endloop
  endfacet
  facet normal -6.538873e-01 1.159338e-01 -7.476569e-01
    outer loop
      vertex   2.928932e-01 4.900000e+01 2.928932e-01
      vertex   2.821994e-01 4.920112e+01 3.334323e-01
      vertex   4.457391e-01 4.907813e+01 1.713321e-01
    endloop
  endfacet
  facet normal -6.081878e-01 -4.340169e-02 -7.926058e-01
    outer loop
      vertex   2.928932e-01 4.900000e+01 2.928932e-01
      vertex   4.457391e-01 4.907813e+01 1.713321e-01
      vertex   5.000000e-01 4.900000e+01 1.339746e-01
    endloop
  endfacet
  facet normal -4.328324e-01 1.261909e-01 -8.925984e-01
    outer loop
      vertex   5.000000e-01 4.900000e+01 1.339746e-01
      vertex   4.457391e-01 4.907813e+01 1.713321e-01
      vertex   5.695642e-01 4.926828e+01 1.381701e-01
    endloop
  endfacet
  facet normal -3.995626e-01 1.178222e-01 -9.091026e-01
    outer loop
      vertex   5.000000e-01 4.900000e+01 1.339746e-01
      vertex   5.695642e-01 4.926828e+01 1.381701e-01
      vertex   7.518919e-01 4.911081e+01 3.762643e-02
    endloop
  endfacet
  facet normal -2.729599e-01 2.729599e-01 -9.224889e-01
    outer loop
      vertex   7.518919e-01 4.911081e+01 3.762643e-02
      vertex   5.695642e-01 4.926828e+01 1.381701e-01
      vertex   8.891872e-01 4.924811e+01 3.762643e-02
    endloop
  endfacet
  facet normal -1.036987e-01 1.036987e-01 -9.891881e-01
    outer loop
      vertex   7.518919e-01 4.911081e+01 3.762643e-02
      vertex   8.891872e-01 4.924811e+01 3.762643e-02
      vertex   1.000000e+00 4.900000e+01 0.000000e+00
    endloop
  endfacet
  facet normal -4.435481e-02 1.303977e-01 -9.904691e-01
    outer loop
      vertex   1.000000e+00 4.900000e+01 0.000000e+00
      vertex   8.891872e-01 4.924811e+01 3.762643e-02
      vertex   1.000000e+00 4.925882e+01 3.407417e-02
    endloop
  endfacet
  facet normal -6.645835e-02 3.818374e-01 -9.218370e-01
    outer loop
      vertex   1.000000e+00 4.925882e+01 3.407417e-02
      vertex   8.891872e-01 4.924811e+01 3.762643e-02
      vertex   1.000000e+00 4.950000e+01 1.339746e-01
    endloop
  endfacet
  facet normal -1.178222e-01 3.995626e-01 -9.091026e-01
    outer loop
      vertex   1.000000e+00 4.950000e+01 1.339746e-01
      vertex   8.891872e-01 4.924811e+01 3.762643e-02
      vertex   7.317200e-01 4.943044e+01 1.381701e-01
    endloop
  endfacet
  facet normal -1.261909e-01 4.328324e-01 -8.925984e-01
    outer loop
      vertex   1.000000e+00 4.950000e+01 1.339746e-01
      vertex   7.317200e-01 4.943044e+01 1.381701e-01
      vertex   9.218691e-01 4.955426e+01 1.713321e-01
    endloop
  endfacet
  facet normal -2.448663e-01 5.834139e-01 -7.743828e-01
    outer loop
      vertex   9.218691e-01 4.955426e+01 1.713321e-01
      vertex   7.317200e-01 4.943044e+01 1.381701e-01
      vertex   5.925356e-01 4.958343e+01 2.974460e-01
    endloop
  endfacet
  facet normal -2.448663e-01 5.834139e-01 -7.743828e-01
    outer loop
      vertex   9.218691e-01 4.955426e+01 1.713321e-01
      vertex   5.925356e-01 4.958343e+01 2.974460e-01
      vertex   7.988787e-01 4.971780e+01 3.334323e-01
    endloop
  endfacet
  facet normal -8.026201e-02 7.907938e-01 -6.067974e-01
    outer loop
      vertex   1.000000e+00 4.986603e+01 5.000000e-01
      vertex   1.000000e+00 4.970711e+01 2.928932e-01
      vertex   7.988787e-01 4.971780e+01 3.334323e-01
    endloop
  endfacet
  facet normal -1.159338e-01 6.538873e-01 -7.476569e-01
    outer loop
      vertex   7.988787e-01 4.971780e+01 3.334323e-01
      vertex   1.000000e+00 4.970711e+01 2.928932e-01
      vertex   9.218691e-01 4.955426e+01 1.713321e-01
    endloop
  endfacet
  facet normal 4.340169e-02 6.081878e-01 -7.926058e-01
    outer loop
      vertex   1.000000e+00 4.970711e+01 2.928932e-01
      vertex   1.000000e+00 4.950000e+01 1.339746e-01
      vertex   9.218691e-01 4.955426e+01 1.713321e-01
    endloop
  endfacet
  facet normal -1.303977e-01 4.435481e-02 -9.904691e-01
    outer loop
      vertex   1.000000e+00 4.900000e+01 0.000000e+00
      vertex   7.411810e-01 4.900000e+01 3.407417e-02
      vertex   7.518919e-01 4.911081e+01 3.762643e-02
    endloop
  endfacet
  facet normal -3.818374e-01 6.645835e-02 -9.218370e-01
    outer loop
      vertex   7.518919e-01 4.911081e+01 3.762643e-02
      vertex   7.411810e-01 4.900000e+01 3.407417e-02
      vertex   5.000000e-01 4.900000e+01 1.339746e-01
    endloop
  endfacet
  facet normal -8.447130e-01 1.588805e-01 -5.110938e-01
    outer loop
      vertex   1.675766e-01 4.931041e+01 5.409579e-01
      vertex   1.339746e-01 4.900000e+01 5.000000e-01
      vertex   8.249758e-02 4.908453e+01 6.113562e-01
    endloop
  endfacet
  facet normal -9.223031e-01 -5.839280e-02 -3.820305e-01
    outer loop
      vertex   8.249758e-02 4.908453e+01 6.113562e-01
      vertex   1.339746e-01 4.900000e+01 5.000000e-01
      vertex   3.407417e-02 4.900000e+01 7.411810e-01
    endloop
  endfacet
  facet normal -9.537278e-01 1.298391e-01 -2.711922e-01
    outer loop
      vertex   8.249758e-02 4.908453e+01 6.113562e-01
      vertex   3.407417e-02 4.900000e+01 7.411810e-01
      vertex   2.953101e-02 4.918574e+01 8.460872e-01
    endloop
  endfacet
  facet normal -9.902339e-01 4.940940e-02 -1.303668e-01
    outer loop
      vertex   2.953101e-02 4.918574e+01 8.460872e-01
      vertex   3.407417e-02 4.900000e+01 7.411810e-01
      vertex   0.000000e+00 4.900000e+01 1.000000e+00
    endloop
  endfacet
  facet normal -9.909150e-01 1.304564e-01 -3.268886e-02
    outer loop
      vertex   2.953101e-02 4.918574e+01 8.460872e-01
      vertex   0.000000e+00 4.900000e+01 1.000000e+00
      vertex   3.407417e-02 4.925882e+01 1.000000e+00
    endloop
  endfacet
  facet normal -9.407634e-01 3.162140e-01 -1.223638e-01
    outer loop
      vertex   2.953101e-02 4.918574e+01 8.460872e-01
      vertex   3.407417e-02 4.925882e+01 1.000000e+00
      vertex   1.096821e-01 4.939854e+01 7.797665e-01
    endloop
  endfacet
  facet normal -9.213332e-01 3.816287e-01 -7.419375e-02
    outer loop
      vertex   1.096821e-01 4.939854e+01 7.797665e-01
      vertex   3.407417e-02 4.925882e+01 1.000000e+00
      vertex   1.339746e-01 4.950000e+01 1.000000e+00
    endloop
  endfacet
  facet normal -8.403810e-01 5.215192e-01 -1.475718e-01
    outer loop
      vertex   1.096821e-01 4.939854e+01 7.797665e-01
      vertex   1.339746e-01 4.950000e+01 1.000000e+00
      vertex   2.375775e-01 4.959494e+01 7.455143e-01
    endloop
  endfacet
  facet normal -7.897316e-01 6.059824e-01 -9.544300e-02
    outer loop
      vertex   2.375775e-01 4.959494e+01 7.455143e-01
      vertex   1.339746e-01 4.950000e+01 1.000000e+00
      vertex   2.928932e-01 4.970711e+01 1.000000e+00
    endloop
  endfacet
  facet normal -6.984452e-01 6.984452e-01 -1.560404e-01
    outer loop
      vertex   2.375775e-01 4.959494e+01 7.455143e-01
      vertex   2.928932e-01 4.970711e+01 1.000000e+00
      vertex   4.050638e-01 4.976242e+01 7.455143e-01
    endloop
  endfacet
  facet normal -6.059824e-01 7.897316e-01 -9.544300e-02
    outer loop
      vertex   4.050638e-01 4.976242e+01 7.455143e-01
      vertex   2.928932e-01 4.970711e+01 1.000000e+00
      vertex   5.000000e-01 4.986603e+01 1.000000e+00
    endloop
  endfacet
  facet normal -5.215192e-01 8.403810e-01 -1.475718e-01
    outer loop
      vertex   4.050638e-01 4.976242e+01 7.455143e-01
      vertex   5.000000e-01 4.986603e+01 1.000000e+00
      vertex   6.014636e-01 4.989032e+01 7.797665e-01
    endloop
  endfacet
  facet normal -3.816287e-01 9.213332e-01 -7.419375e-02
    outer loop
      vertex   6.014636e-01 4.989032e+01 7.797665e-01
      vertex   5.000000e-01 4.986603e+01 1.000000e+00
      vertex   7.411810e-01 4.996593e+01 1.000000e+00
    endloop
  endfacet
  facet normal -3.162140e-01 9.407634e-01 -1.223638e-01
    outer loop
      vertex   6.014636e-01 4.989032e+01 7.797665e-01
      vertex   7.411810e-01 4.996593e+01 1.000000e+00
      vertex   8.142561e-01 4.997047e+01 8.460872e-01
    endloop
  endfacet
  facet normal -2.475550e-01 9.167181e-01 -3.135991e-01
    outer loop
      vertex   6.014636e-01 4.989032e+01 7.797665e-01
      vertex   8.142561e-01 4.997047e+01 8.460872e-01
      vertex   9.154700e-01 4.991750e+01 6.113562e-01
    endloop
  endfacet
  facet normal -4.620595e-01 8.076571e-01 -3.663208e-01
    outer loop
      vertex   4.050638e-01 4.976242e+01 7.455143e-01
      vertex   6.014636e-01 4.989032e+01 7.797665e-01
      vertex   6.895943e-01 4.983242e+01 5.409579e-01
    endloop
  endfacet
  facet normal -2.475550e-01 9.167181e-01 -3.135991e-01
    outer loop
      vertex   6.895943e-01 4.983242e+01 5.409579e-01
      vertex   6.014636e-01 4.989032e+01 7.797665e-01
      vertex   9.154700e-01 4.991750e+01 6.113562e-01
    endloop
  endfacet
  facet normal -4.620595e-01 8.076571e-01 -3.663208e-01
    outer loop
      vertex   4.050638e-01 4.976242e+01 7.455143e-01
      vertex   6.895943e-01 4.983242e+01 5.409579e-01
      vertex   4.811193e-01 4.969666e+01 5.045998e-01
    endloop
  endfacet
  facet normal -4.317293e-01 4.317293e-01 -7.919720e-01
    outer loop
      vertex   4.165699e-01 4.940746e+01 2.974460e-01
      vertex   5.925356e-01 4.958343e+01 2.974460e-01
      vertex   7.317200e-01 4.943044e+01 1.381701e-01
    endloop
  endfacet
  facet normal -4.317293e-01 4.317293e-01 -7.919720e-01
    outer loop
      vertex   4.165699e-01 4.940746e+01 2.974460e-01
      vertex   7.317200e-01 4.943044e+01 1.381701e-01
      vertex   5.695642e-01 4.926828e+01 1.381701e-01
    endloop
  endfacet
  facet normal -2.729599e-01 2.729599e-01 -9.224889e-01
    outer loop
      vertex   5.695642e-01 4.926828e+01 1.381701e-01
      vertex   7.317200e-01 4.943044e+01 1.381701e-01
      vertex   8.891872e-01 4.924811e+01 3.762643e-02
    endloop
  endfacet
  facet normal -6.528138e-01 6.528138e-01 -3.842763e-01
    outer loop
      vertex   2.375775e-01 4.959494e+01 7.455143e-01
      vertex   4.050638e-01 4.976242e+01 7.455143e-01
      vertex   4.811193e-01 4.969666e+01 5.045998e-01
    endloop
  endfacet
  facet normal -6.528138e-01 6.528138e-01 -3.842763e-01
    outer loop
      vertex   2.375775e-01 4.959494e+01 7.455143e-01
      vertex   4.811193e-01 4.969666e+01 5.045998e-01
      vertex   3.033355e-01 4.951888e+01 5.045998e-01
    endloop
  endfacet
  facet normal -5.834139e-01 2.448663e-01 -7.743828e-01
    outer loop
      vertex   2.821994e-01 4.920112e+01 3.334323e-01
      vertex   4.165699e-01 4.940746e+01 2.974460e-01
      vertex   5.695642e-01 4.926828e+01 1.381701e-01
    endloop
  endfacet
  facet normal -5.834139e-01 2.448663e-01 -7.743828e-01
    outer loop
      vertex   4.457391e-01 4.907813e+01 1.713321e-01
      vertex   2.821994e-01 4.920112e+01 3.334323e-01
      vertex   5.695642e-01 4.926828e+01 1.381701e-01
    endloop
  endfacet
  facet normal -8.076571e-01 4.620595e-01 -3.663208e-01
    outer loop
      vertex   1.096821e-01 4.939854e+01 7.797665e-01
      vertex   2.375775e-01 4.959494e+01 7.455143e-01
      vertex   3.033355e-01 4.951888e+01 5.045998e-01
    endloop
  endfacet
  facet normal -8.076571e-01 4.620595e-01 -3.663208e-01
    outer loop
      vertex   1.096821e-01 4.939854e+01 7.797665e-01
      vertex   3.033355e-01 4.951888e+01 5.045998e-01
      vertex   1.675766e-01 4.931041e+01 5.409579e-01
    endloop
  endfacet
  facet normal -9.167181e-01 2.475550e-01 -3.135991e-01
    outer loop
      vertex   2.953101e-02 4.918574e+01 8.460872e-01
      vertex   1.096821e-01 4.939854e+01 7.797665e-01
      vertex   1.675766e-01 4.931041e+01 5.409579e-01
    endloop
  endfacet
  facet normal -9.167181e-01 2.475550e-01 -3.135991e-01
    outer loop
      vertex   8.249758e-02 4.908453e+01 6.113562e-01
      vertex   2.953101e-02 4.918574e+01 8.460872e-01
      vertex   1.675766e-01 4.931041e+01 5.409579e-01
    endloop
  endfacet
  facet normal -4.940940e-02 -1.303668e-01 9.902339e-01
    outer loop
      vertex   1.000000e+00 7.411810e-01 1.496593e+01
      vertex   1.000000e+00 1.000000e+00 1.500000e+01
      vertex   8.142561e-01 8.460872e-01 1.497047e+01
    endloop
  endfacet
  facet normal -1.304564e-01 -3.268886e-02 9.909150e-01
    outer loop
      vertex   8.142561e-01 8.460872e-01 1.497047e+01
      vertex   1.000000e+00 1.000000e+00 1.500000e+01
      vertex   7.411810e-01 1.000000e+00 1.496593e+01
    endloop
  endfacet
  facet normal -3.162140e-01 -1.223638e-01 9.407634e-01
    outer loop
      vertex   8.142561e-01 8.460872e-01 1.497047e+01
      vertex   7.411810e-01 1.000000e+00 1.496593e+01
      vertex   6.014636e-01 7.797665e-01 1.489032e+01
    endloop
  endfacet
  facet normal -3.816287e-01 -7.419375e-02 9.213332e-01
    outer loop
      vertex   6.014636e-01 7.797665e-01 1.489032e+01
      vertex   7.411810e-01 1.000000e+00 1.496593e+01
      vertex   5.000000e-01 1.000000e+00 1.486603e+01
    endloop
  endfacet
  facet normal -5.215192e-01 -1.475718e-01 8.403810e-01
    outer loop
      vertex   6.014636e-01 7.797665e-01 1.489032e+01
      vertex   5.000000e-01 1.000000e+00 1.486603e+01
      vertex   4.050638e-01 7.455143e-01 1.476242e+01
    endloop
  endfacet
  facet normal -6.059824e-01 -9.544300e-02 7.897316e-01
    outer loop
      vertex   4.050638e-01 7.455143e-01 1.476242e+01
      vertex   5.000000e-01 1.000000e+00 1.486603e+01
      vertex   2.928932e-01 1.000000e+00 1.470711e+01
    endloop
  endfacet
  facet normal -6.984452e-01 -1.560404e-01 6.984452e-01
    outer loop
      vertex   4.050638e-01 7.455143e-01 1.476242e+01
      vertex   2.928932e-01 1.000000e+00 1.470711e+01
      vertex   2.375775e-01 7.455143e-01 1.459494e+01
    endloop
  endfacet
  facet normal -7.897316e-01 -9.544300e-02 6.059824e-01
    outer loop
      vertex   2.375775e-01 7.455143e-01 1.459494e+01
      vertex   2.928932e-01 1.000000e+00 1.470711e+01
      vertex   1.339746e-01 1.000000e+00 1.450000e+01
    endloop
  endfacet
  facet normal -8.403810e-01 -1.475718e-01 5.215192e-01
    outer loop
      vertex   2.375775e-01 7.455143e-01 1.459494e+01
      vertex   1.339746e-01 1.000000e+00 1.450000e+01
      vertex   1.096821e-01 7.797665e-01 1.439854e+01
    endloop
  endfacet
  facet normal -9.213332e-01 -7.419375e-02 3.816287e-01
    outer loop
      vertex   1.096821e-01 7.797665e-01 1.439854e+01
      vertex   1.339746e-01 1.000000e+00 1.450000e+01
      vertex   3.407417e-02 1.000000e+00 1.425882e+01
    endloop
  endfacet
  facet normal -9.407634e-01 -1.223638e-01 3.162140e-01
    outer loop
      vertex   1.096821e-01 7.797665e-01 1.439854e+01
      vertex   3.407417e-02 1.000000e+00 1.425882e+01
      vertex   2.953101e-02 8.460872e-01 1.418574e+01
    endloop
  endfacet
  facet normal -9.909150e-01 -3.268886e-02 1.304564e-01
    outer loop
      vertex   2.953101e-02 8.460872e-01 1.418574e+01
      vertex   3.407417e-02 1.000000e+00 1.425882e+01
      vertex   0.000000e+00 1.000000e+00 1.400000e+01
    endloop
  endfacet
  facet normal -9.902339e-01 -1.303668e-01 4.940940e-02
    outer loop
      vertex   2.953101e-02 8.460872e-01 1.418574e+01
      vertex   0.000000e+00 1.000000e+00 1.400000e+01
      vertex   3.407417e-02 7.411810e-01 1.400000e+01
    endloop
  endfacet
  facet normal -9.537278e-01 -2.711922e-01 1.298391e-01
    outer loop
      vertex   2.953101e-02 8.460872e-01 1.418574e+01
      vertex   3.407417e-02 7.411810e-01 1.400000e+01
      vertex   8.249758e-02 6.113562e-01 1.408453e+01
    endloop
  endfacet
  facet normal -9.223031e-01 -3.820305e-01 -5.839280e-02
    outer loop
      vertex   8.249758e-02 6.113562e-01 1.408453e+01
      vertex   3.407417e-02 7.411810e-01 1.400000e+01
      vertex   1.339746e-01 5.000000e-01 1.400000e+01
    endloop
  endfacet
  facet normal -8.447130e-01 -5.110938e-01 1.588805e-01
    outer loop
      vertex   8.249758e-02 6.113562e-01 1.408453e+01
      vertex   1.339746e-01 5.000000e-01 1.400000e+01
      vertex   1.675766e-01 5.409579e-01 1.431041e+01
    endloop
  endfacet
  facet normal -8.257119e-01 -5.407082e-01 1.607312e-01
    outer loop
      vertex   1.675766e-01 5.409579e-01 1.431041e+01
      vertex   1.339746e-01 5.000000e-01 1.400000e+01
      vertex   2.821994e-01 3.334323e-01 1.420112e+01
    endloop
  endfacet
  facet normal -7.197061e-01 -5.901245e-01 3.657544e-01
    outer loop
      vertex   1.675766e-01 5.409579e-01 1.431041e+01
      vertex   2.821994e-01 3.334323e-01 1.420112e+01
      vertex   3.033355e-01 5.045998e-01 1.451888e+01
    endloop
  endfacet
  facet normal -7.197061e-01 -5.901245e-01 3.657544e-01
    outer loop
      vertex   3.033355e-01 5.045998e-01 1.451888e+01
      vertex   2.821994e-01 3.334323e-01 1.420112e+01
      vertex   4.165699e-01 2.974460e-01 1.440746e+01
    endloop
  endfacet
  facet normal -5.611197e-01 -6.085140e-01 5.611197e-01
    outer loop
      vertex   3.033355e-01 5.045998e-01 1.451888e+01
      vertex   4.165699e-01 2.974460e-01 1.440746e+01
      vertex   4.811193e-01 5.045998e-01 1.469666e+01
    endloop
  endfacet
  facet normal -5.611197e-01 -6.085140e-01 5.611197e-01
    outer loop
      vertex   4.811193e-01 5.045998e-01 1.469666e+01
      vertex   4.165699e-01 2.974460e-01 1.440746e+01
      vertex   5.925356e-01 2.974460e-01 1.458343e+01
    endloop
  endfacet
  facet normal -3.657544e-01 -5.901245e-01 7.197061e-01
    outer loop
      vertex   4.811193e-01 5.045998e-01 1.469666e+01
      vertex   5.925356e-01 2.974460e-01 1.458343e+01
      vertex   6.895943e-01 5.409579e-01 1.483242e+01
    endloop
  endfacet
  facet normal -3.657544e-01 -5.901245e-01 7.197061e-01
    outer loop
      vertex   6.895943e-01 5.409579e-01 1.483242e+01
      vertex   5.925356e-01 2.974460e-01 1.458343e+01
      vertex   7.988787e-01 3.334323e-01 1.471780e+01
    endloop
  endfacet
  facet normal -1.607312e-01 -5.407082e-01 8.257119e-01
    outer loop
      vertex   6.895943e-01 5.409579e-01 1.483242e+01
      vertex   7.988787e-01 3.334323e-01 1.471780e+01
      vertex   1.000000e+00 5.000000e-01 1.486603e+01
    endloop
  endfacet
  facet normal -8.026201e-02 -6.067974e-01 7.907938e-01
    outer loop
      vertex   1.000000e+00 5.000000e-01 1.486603e+01
      vertex   7.988787e-01 3.334323e-01 1.471780e+01
      vertex   1.000000e+00 2.928932e-01 1.470711e+01
    endloop
  endfacet
  facet normal -1.159338e-01 -7.476569e-01 6.538873e-01
    outer loop
      vertex   1.000000e+00 2.928932e-01 1.470711e+01
      vertex   7.988787e-01 3.334323e-01 1.471780e+01
      vertex   9.218691e-01 1.713321e-01 1.455426e+01
    endloop
  endfacet
  facet normal 4.340169e-02 -7.926058e-01 6.081878e-01
    outer loop
      vertex   1.000000e+00 2.928932e-01 1.470711e+01
      vertex   9.218691e-01 1.713321e-01 1.455426e+01
      vertex   1.000000e+00 1.339746e-01 1.450000e+01
    endloop
  endfacet
  facet normal -1.261909e-01 -8.925984e-01 4.328324e-01
    outer loop
      vertex   1.000000e+00 1.339746e-01 1.450000e+01
      vertex   9.218691e-01 1.713321e-01 1.455426e+01
      vertex   7.317200e-01 1.381701e-01 1.443044e+01
    endloop
  endfacet
  facet normal -1.178222e-01 -9.091026e-01 3.995626e-01
    outer loop
      vertex   1.000000e+00 1.339746e-01 1.450000e+01
      vertex   7.317200e-01 1.381701e-01 1.443044e+01
      vertex   8.891872e-01 3.762643e-02 1.424811e+01
    endloop
  endfacet
  facet normal -2.729599e-01 -9.224889e-01 2.729599e-01
    outer loop
      vertex   8.891872e-01 3.762643e-02 1.424811e+01
      vertex   7.317200e-01 1.381701e-01 1.443044e+01
      vertex   7.518919e-01 3.762643e-02 1.411081e+01
    endloop
  endfacet
  facet normal -1.036987e-01 -9.891881e-01 1.036987e-01
    outer loop
      vertex   8.891872e-01 3.762643e-02 1.424811e+01
      vertex   7.518919e-01 3.762643e-02 1.411081e+01
      vertex   1.000000e+00 0.000000e+00 1.400000e+01
    endloop
  endfacet
  facet normal -1.303977e-01 -9.904691e-01 4.435481e-02
    outer loop
      vertex   1.000000e+00 0.000000e+00 1.400000e+01
      vertex   7.518919e-01 3.762643e-02 1.411081e+01
      vertex   7.411810e-01 3.407417e-02 1.400000e+01
    endloop
  endfacet
  facet normal -3.818374e-01 -9.218370e-01 6.645835e-02
    outer loop
      vertex   7.411810e-01 3.407417e-02 1.400000e+01
      vertex   7.518919e-01 3.762643e-02 1.411081e+01
      vertex   5.000000e-01 1.339746e-01 1.400000e+01
    endloop
  endfacet
  facet normal -3.995626e-01 -9.091026e-01 1.178222e-01
    outer loop
      vertex   5.000000e-01 1.339746e-01 1.400000e+01
      vertex   7.518919e-01 3.762643e-02 1.411081e+01
      vertex   5.695642e-01 1.381701e-01 1.426828e+01
    endloop
  endfacet
  facet normal -4.328324e-01 -8.925984e-01 1.261909e-01
    outer loop
      vertex   5.000000e-01 1.339746e-01 1.400000e+01
      vertex   5.695642e-01 1.381701e-01 1.426828e+01
      vertex   4.457391e-01 1.713321e-01 1.407813e+01
    endloop
  endfacet
  facet normal -5.834139e-01 -7.743828e-01 2.448663e-01
    outer loop
      vertex   4.457391e-01 1.713321e-01 1.407813e+01
      vertex   5.695642e-01 1.381701e-01 1.426828e+01
      vertex   4.165699e-01 2.974460e-01 1.440746e+01
    endloop
  endfacet
  facet normal -5.834139e-01 -7.743828e-01 2.448663e-01
    outer loop
      vertex   4.457391e-01 1.713321e-01 1.407813e+01
      vertex   4.165699e-01 2.974460e-01 1.440746e+01
      vertex   2.821994e-01 3.334323e-01 1.420112e+01
    endloop
  endfacet
  facet normal -7.907938e-01 -6.067974e-01 8.026201e-02
    outer loop
      vertex   1.339746e-01 5.000000e-01 1.400000e+01
      vertex   2.928932e-01 2.928932e-01 1.400000e+01
      vertex   2.821994e-01 3.334323e-01 1.420112e+01
    endloop
  endfacet
  facet normal -6.538873e-01 -7.476569e-01 1.159338e-01
    outer loop
      vertex   2.821994e-01 3.334323e-01 1.420112e+01
      vertex   2.928932e-01 2.928932e-01 1.400000e+01
      vertex   4.457391e-01 1.713321e-01 1.407813e+01
    endloop
  endfacet
  facet normal -6.081878e-01 -7.926058e-01 -4.340169e-02
    outer loop
      vertex   2.928932e-01 2.928932e-01 1.400000e+01
      vertex   5.000000e-01 1.339746e-01 1.400000e+01
      vertex   4.457391e-01 1.713321e-01 1.407813e+01
    endloop
  endfacet
  facet normal -4.435481e-02 -9.904691e-01 1.303977e-01
    outer loop
      vertex   1.000000e+00 0.000000e+00 1.400000e+01
      vertex   1.000000e+00 3.407417e-02 1.425882e+01
      vertex   8.891872e-01 3.762643e-02 1.424811e+01
    endloop
  endfacet
  facet normal -6.645835e-02 -9.218370e-01 3.818374e-01
    outer loop
      vertex   8.891872e-01 3.762643e-02 1.424811e+01
      vertex   1.000000e+00 3.407417e-02 1.425882e+01
      vertex   1.000000e+00 1.339746e-01 1.450000e+01
    endloop
  endfacet
  facet normal -1.588805e-01 -5.110938e-01 8.447130e-01
    outer loop
      vertex   6.895943e-01 5.409579e-01 1.483242e+01
      vertex   1.000000e+00 5.000000e-01 1.486603e+01
      vertex   9.154700e-01 6.113562e-01 1.491750e+01
    endloop
  endfacet
  facet normal 5.839280e-02 -3.820305e-01 9.223031e-01
    outer loop
      vertex   9.154700e-01 6.113562e-01 1.491750e+01
      vertex   1.000000e+00 5.000000e-01 1.486603e+01
      vertex   1.000000e+00 7.411810e-01 1.496593e+01
    endloop
  endfacet
  facet normal -1.298391e-01 -2.711922e-01 9.537278e-01
    outer loop
      vertex   9.154700e-01 6.113562e-01 1.491750e+01
      vertex   1.000000e+00 7.411810e-01 1.496593e+01
      vertex   8.142561e-01 8.460872e-01 1.497047e+01
    endloop
  endfacet
  facet normal -2.475550e-01 -3.135991e-01 9.167181e-01
    outer loop
      vertex   6.895943e-01 5.409579e-01 1.483242e+01
      vertex   9.154700e-01 6.113562e-01 1.491750e+01
      vertex   8.142561e-01 8.460872e-01 1.497047e+01
    endloop
  endfacet
  facet normal -4.620595e-01 -3.663208e-01 8.076571e-01
    outer loop
      vertex   4.811193e-01 5.045998e-01 1.469666e+01
      vertex   6.895943e-01 5.409579e-01 1.483242e+01
      vertex   6.014636e-01 7.797665e-01 1.489032e+01
    endloop
  endfacet
  facet normal -2.475550e-01 -3.135991e-01 9.167181e-01
    outer loop
      vertex   6.014636e-01 7.797665e-01 1.489032e+01
      vertex   6.895943e-01 5.409579e-01 1.483242e+01
      vertex   8.142561e-01 8.460872e-01 1.497047e+01
    endloop
  endfacet
  facet normal -2.448663e-01 -7.743828e-01 5.834139e-01
    outer loop
      vertex   7.317200e-01 1.381701e-01 1.443044e+01
      vertex   9.218691e-01 1.713321e-01 1.455426e+01
      vertex   7.988787e-01 3.334323e-01 1.471780e+01
    endloop
  endfacet
  facet normal -2.448663e-01 -7.743828e-01 5.834139e-01
    outer loop
      vertex   7.317200e-01 1.381701e-01 1.443044e+01
      vertex   7.988787e-01 3.334323e-01 1.471780e+01
      vertex   5.925356e-01 2.974460e-01 1.458343e+01
    endloop
  endfacet
  facet normal -6.528138e-01 -3.842763e-01 6.528138e-01
    outer loop
      vertex   3.033355e-01 5.045998e-01 1.451888e+01
      vertex   4.811193e-01 5.045998e-01 1.469666e+01
      vertex   4.050638e-01 7.455143e-01 1.476242e+01
    endloop
  endfacet
  facet normal -4.620595e-01 -3.663208e-01 8.076571e-01
    outer loop
      vertex   4.050638e-01 7.455143e-01 1.476242e+01
      vertex   4.811193e-01 5.045998e-01 1.469666e+01
      vertex   6.014636e-01 7.797665e-01 1.489032e+01
    endloop
  endfacet
  facet normal -4.317293e-01 -7.919720e-01 4.317293e-01
    outer loop
      vertex   4.165699e-01 2.974460e-01 1.440746e+01
      vertex   5.695642e-01 1.381701e-01 1.426828e+01
      vertex   5.925356e-01 2.974460e-01 1.458343e+01
    endloop
  endfacet
  facet normal -4.317293e-01 -7.919720e-01 4.317293e-01
    outer loop
      vertex   5.925356e-01 2.974460e-01 1.458343e+01
      vertex   5.695642e-01 1.381701e-01 1.426828e+01
      vertex   7.317200e-01 1.381701e-01 1.443044e+01
    endloop
  endfacet
  facet normal -2.729599e-01 -9.224889e-01 2.729599e-01
    outer loop
      vertex   5.695642e-01 1.381701e-01 1.426828e+01
      vertex   7.518919e-01 3.762643e-02 1.411081e+01
      vertex   7.317200e-01 1.381701e-01 1.443044e+01
    endloop
  endfacet
  facet normal -8.076571e-01 -3.663208e-01 4.620595e-01
    outer loop
      vertex   1.675766e-01 5.409579e-01 1.431041e+01
      vertex   3.033355e-01 5.045998e-01 1.451888e+01
      vertex   2.375775e-01 7.455143e-01 1.459494e+01
    endloop
  endfacet
  facet normal -6.528138e-01 -3.842763e-01 6.528138e-01
    outer loop
      vertex   2.375775e-01 7.455143e-01 1.459494e+01
      vertex   3.033355e-01 5.045998e-01 1.451888e+01
      vertex   4.050638e-01 7.455143e-01 1.476242e+01
    endloop
  endfacet
  facet normal -9.167181e-01 -3.135991e-01 2.475550e-01
    outer loop
      vertex   8.249758e-02 6.113562e-01 1.408453e+01
      vertex   1.675766e-01 5.409579e-01 1.431041e+01
      vertex   1.096821e-01 7.797665e-01 1.439854e+01
    endloop
  endfacet
  facet normal -8.076571e-01 -3.663208e-01 4.620595e-01
    outer loop
      vertex   1.096821e-01 7.797665e-01 1.439854e+01
      vertex   1.675766e-01 5.409579e-01 1.431041e+01
      vertex   2.375775e-01 7.455143e-01 1.459494e+01
    endloop
  endfacet
  facet normal -9.167181e-01 -3.135991e-01 2.475550e-01
    outer loop
      vertex   2.953101e-02 8.460872e-01 1.418574e+01
      vertex   8.249758e-02 6.113562e-01 1.408453e+01
      vertex   1.096821e-01 7.797665e-01 1.439854e+01
    endloop
  endfacet
  facet normal 9.904691e-01 -1.303977e-01 -4.435481e-02
    outer loop
      vertex   2.996593e+01 7.411810e-01 1.000000e+00
      vertex   2.996237e+01 7.518919e-01 8.891872e-01
      vertex   3.000000e+01 1.000000e+00 1.000000e+00
    endloop
  endfacet
  facet normal 9.891881e-01 -1.036987e-01 -1.036987e-01
    outer loop
      vertex   3.000000e+01 1.000000e+00 1.000000e+00
      vertex   2.996237e+01 7.518919e-01 8.891872e-01
      vertex   2.996237e+01 8.891872e-01 7.518919e-01
    endloop
  endfacet
  facet normal 9.904691e-01 -4.435481e-02 -1.303977e-01
    outer loop
      vertex   3.000000e+01 1.000000e+00 1.000000e+00
      vertex   2.996237e+01 8.891872e-01 7.518919e-01
      vertex   2.996593e+01 1.000000e+00 7.411810e-01
    endloop
  endfacet
  facet normal 9.218370e-01 -6.645835e-02 -3.818374e-01
    outer loop
      vertex   2.996593e+01 1.000000e+00 7.411810e-01
      vertex   2.996237e+01 8.891872e-01 7.518919e-01
      vertex   2.986603e+01 1.000000e+00 5.000000e-01
    endloop
  endfacet
  facet normal 9.091026e-01 -1.178222e-01 -3.995626e-01
    outer loop
      vertex   2.986603e+01 1.000000e+00 5.000000e-01
      vertex   2.996237e+01 8.891872e-01 7.518919e-01
      vertex   2.986183e+01 7.317200e-01 5.695642e-01
    endloop
  endfacet
  facet normal 8.925984e-01 -1.261909e-01 -4.328324e-01
    outer loop
      vertex   2.986603e+01 1.000000e+00 5.000000e-01
      vertex   2.986183e+01 7.317200e-01 5.695642e-01
      vertex   2.982867e+01 9.218691e-01 4.457391e-01
    endloop
  endfacet
  facet normal 7.743828e-01 -2.448663e-01 -5.834139e-01
    outer loop
      vertex   2.982867e+01 9.218691e-01 4.457391e-01
      vertex   2.986183e+01 7.317200e-01 5.695642e-01
      vertex   2.970255e+01 5.925356e-01 4.165699e-01
    endloop
  endfacet
  facet normal 7.743828e-01 -2.448663e-01 -5.834139e-01
    outer loop
      vertex   2.982867e+01 9.218691e-01 4.457391e-01
      vertex   2.970255e+01 5.925356e-01 4.165699e-01
      vertex   2.966657e+01 7.988787e-01 2.821994e-01
    endloop
  endfacet
  facet normal 5.901245e-01 -3.657544e-01 -7.197061e-01
    outer loop
      vertex   2.966657e+01 7.988787e-01 2.821994e-01
      vertex   2.970255e+01 5.925356e-01 4.165699e-01
      vertex   2.949540e+01 4.811193e-01 3.033355e-01
    endloop
  endfacet
  facet normal 5.901245e-01 -3.657544e-01 -7.197061e-01
    outer loop
      vertex   2.966657e+01 7.988787e-01 2.821994e-01
      vertex   2.949540e+01 4.811193e-01 3.033355e-01
      vertex   2.945904e+01 6.895943e-01 1.675766e-01
    endloop
  endfacet
  facet normal 3.663208e-01 -4.620595e-01 -8.076571e-01
    outer loop
      vertex   2.945904e+01 6.895943e-01 1.675766e-01
      vertex   2.949540e+01 4.811193e-01 3.033355e-01
      vertex   2.925449e+01 4.050638e-01 2.375775e-01
    endloop
  endfacet
  facet normal 3.663208e-01 -4.620595e-01 -8.076571e-01
    outer loop
      vertex   2.945904e+01 6.895943e-01 1.675766e-01
      vertex   2.925449e+01 4.050638e-01 2.375775e-01
      vertex   2.922023e+01 6.014636e-01 1.096821e-01
    endloop
  endfacet
  facet normal 1.475718e-01 -5.215192e-01 -8.403810e-01
    outer loop
      vertex   2.922023e+01 6.014636e-01 1.096821e-01
      vertex   2.925449e+01 4.050638e-01 2.375775e-01
      vertex   2.900000e+01 5.000000e-01 1.339746e-01
    endloop
  endfacet
  facet normal 7.419375e-02 -3.816287e-01 -9.213332e-01
    outer loop
      vertex   2.922023e+01 6.014636e-01 1.096821e-01
      vertex   2.900000e+01 5.000000e-01 1.339746e-01
      vertex   2.900000e+01 7.411810e-01 3.407417e-02
    endloop
  endfacet
  facet normal 9.218370e-01 -3.818374e-01 -6.645835e-02
    outer loop
      vertex   2.996593e+01 7.411810e-01 1.000000e+00
      vertex   2.986603e+01 5.000000e-01 1.000000e+00
      vertex   2.996237e+01 7.518919e-01 8.891872e-01
    endloop
  endfacet
  facet normal 9.091026e-01 -3.995626e-01 -1.178222e-01
    outer loop
      vertex   2.996237e+01 7.518919e-01 8.891872e-01
      vertex   2.986603e+01 5.000000e-01 1.000000e+00
      vertex   2.986183e+01 5.695642e-01 7.317200e-01
    endloop
  endfacet
  facet normal 9.224889e-01 -2.729599e-01 -2.729599e-01
    outer loop
      vertex   2.996237e+01 7.518919e-01 8.891872e-01
      vertex   2.986183e+01 5.695642e-01 7.317200e-01
      vertex   2.996237e+01 8.891872e-01 7.518919e-01
    endloop
  endfacet
  facet normal 9.224889e-01 -2.729599e-01 -2.729599e-01
    outer loop
      vertex   2.996237e+01 8.891872e-01 7.518919e-01
      vertex   2.986183e+01 5.695642e-01 7.317200e-01
      vertex   2.986183e+01 7.317200e-01 5.695642e-01
    endloop
  endfacet
  facet normal 8.925984e-01 -4.328324e-01 -1.261909e-01
    outer loop
      vertex   2.986183e+01 5.695642e-01 7.317200e-01
      vertex   2.986603e+01 5.000000e-01 1.000000e+00
      vertex   2.982867e+01 4.457391e-01 9.218691e-01
    endloop
  endfacet
  facet normal 7.926058e-01 -6.081878e-01 4.340169e-02
    outer loop
      vertex   2.982867e+01 4.457391e-01 9.218691e-01
      vertex   2.986603e+01 5.000000e-01 1.000000e+00
      vertex   2.970711e+01 2.928932e-01 1.000000e+00
    endloop
  endfacet
  facet normal 7.476569e-01 -6.538873e-01 -1.159338e-01
    outer loop
      vertex   2.982867e+01 4.457391e-01 9.218691e-01
      vertex   2.970711e+01 2.928932e-01 1.000000e+00
      vertex   2.966657e+01 2.821994e-01 7.988787e-01
    endloop
  endfacet
  facet normal 6.067974e-01 -7.907938e-01 -8.026201e-02
    outer loop
      vertex   2.966657e+01 2.821994e-01 7.988787e-01
      vertex   2.970711e+01 2.928932e-01 1.000000e+00
      vertex   2.950000e+01 1.339746e-01 1.000000e+00
    endloop
  endfacet
  facet normal 5.407082e-01 -8.257119e-01 -1.607312e-01
    outer loop
      vertex   2.966657e+01 2.821994e-01 7.988787e-01
      vertex   2.950000e+01 1.339746e-01 1.000000e+00
      vertex   2.945904e+01 1.675766e-01 6.895943e-01
    endloop
  endfacet
  facet normal 5.110938e-01 -8.447130e-01 -1.588805e-01
    outer loop
      vertex   2.945904e+01 1.675766e-01 6.895943e-01
      vertex   2.950000e+01 1.339746e-01 1.000000e+00
      vertex   2.938864e+01 8.249758e-02 9.154700e-01
    endloop
  endfacet
  facet normal 3.135991e-01 -9.167181e-01 -2.475550e-01
    outer loop
      vertex   2.945904e+01 1.675766e-01 6.895943e-01
      vertex   2.938864e+01 8.249758e-02 9.154700e-01
      vertex   2.915391e+01 2.953101e-02 8.142561e-01
    endloop
  endfacet
  facet normal 2.711922e-01 -9.537278e-01 -1.298391e-01
    outer loop
      vertex   2.915391e+01 2.953101e-02 8.142561e-01
      vertex   2.938864e+01 8.249758e-02 9.154700e-01
      vertex   2.925882e+01 3.407417e-02 1.000000e+00
    endloop
  endfacet
  facet normal 1.303668e-01 -9.902339e-01 -4.940940e-02
    outer loop
      vertex   2.915391e+01 2.953101e-02 8.142561e-01
      vertex   2.925882e+01 3.407417e-02 1.000000e+00
      vertex   2.900000e+01 0.000000e+00 1.000000e+00
    endloop
  endfacet
  facet normal 3.820305e-01 -9.223031e-01 5.839280e-02
    outer loop
      vertex   2.950000e+01 1.339746e-01 1.000000e+00
      vertex   2.925882e+01 3.407417e-02 1.000000e+00
      vertex   2.938864e+01 8.249758e-02 9.154700e-01
    endloop
  endfacet
  facet normal 3.268886e-02 -9.909150e-01 -1.304564e-01
    outer loop
      vertex   2.900000e+01 0.000000e+00 1.000000e+00
      vertex   2.900000e+01 3.407417e-02 7.411810e-01
      vertex   2.915391e+01 2.953101e-02 8.142561e-01
    endloop
  endfacet
  facet normal 1.223638e-01 -9.407634e-01 -3.162140e-01
    outer loop
      vertex   2.915391e+01 2.953101e-02 8.142561e-01
      vertex   2.900000e+01 3.407417e-02 7.411810e-01
      vertex   2.922023e+01 1.096821e-01 6.014636e-01
    endloop
  endfacet
  facet normal 3.135991e-01 -9.167181e-01 -2.475550e-01
    outer loop
      vertex   2.915391e+01 2.953101e-02 8.142561e-01
      vertex   2.922023e+01 1.096821e-01 6.014636e-01
      vertex   2.945904e+01 1.675766e-01 6.895943e-01
    endloop
  endfacet
  facet normal 3.663208e-01 -8.076571e-01 -4.620595e-01
    outer loop
      vertex   2.945904e+01 1.675766e-01 6.895943e-01
      vertex   2.922023e+01 1.096821e-01 6.014636e-01
      vertex   2.949540e+01 3.033355e-01 4.811193e-01
    endloop
  endfacet
  facet normal 5.901245e-01 -7.197061e-01 -3.657544e-01
    outer loop
      vertex   2.945904e+01 1.675766e-01 6.895943e-01
      vertex   2.949540e+01 3.033355e-01 4.811193e-01
      vertex   2.970255e+01 4.165699e-01 5.925356e-01
    endloop
  endfacet
  facet normal 6.085140e-01 -5.611197e-01 -5.611197e-01
    outer loop
      vertex   2.970255e+01 4.165699e-01 5.925356e-01
      vertex   2.949540e+01 3.033355e-01 4.811193e-01
      vertex   2.970255e+01 5.925356e-01 4.165699e-01
    endloop
  endfacet
  facet normal 7.919720e-01 -4.317293e-01 -4.317293e-01
    outer loop
      vertex   2.970255e+01 4.165699e-01 5.925356e-01
      vertex   2.970255e+01 5.925356e-01 4.165699e-01
      vertex   2.986183e+01 7.317200e-01 5.695642e-01
    endloop
  endfacet
  facet normal 7.419375e-02 -9.213332e-01 -3.816287e-01
    outer loop
      vertex   2.900000e+01 3.407417e-02 7.411810e-01
      vertex   2.900000e+01 1.339746e-01 5.000000e-01
      vertex   2.922023e+01 1.096821e-01 6.014636e-01
    endloop
  endfacet
  facet normal 1.475718e-01 -8.403810e-01 -5.215192e-01
    outer loop
      vertex   2.922023e+01 1.096821e-01 6.014636e-01
      vertex   2.900000e+01 1.339746e-01 5.000000e-01
      vertex   2.925449e+01 2.375775e-01 4.050638e-01
    endloop
  endfacet
  facet normal 3.663208e-01 -8.076571e-01 -4.620595e-01
    outer loop
      vertex   2.922023e+01 1.096821e-01 6.014636e-01
      vertex   2.925449e+01 2.375775e-01 4.050638e-01
      vertex   2.949540e+01 3.033355e-01 4.811193e-01
    endloop
  endfacet
  facet normal 3.842763e-01 -6.528138e-01 -6.528138e-01
    outer loop
      vertex   2.949540e+01 3.033355e-01 4.811193e-01
      vertex   2.925449e+01 2.375775e-01 4.050638e-01
      vertex   2.949540e+01 4.811193e-01 3.033355e-01
    endloop
  endfacet
  facet normal 6.085140e-01 -5.611197e-01 -5.611197e-01
    outer loop
      vertex   2.949540e+01 3.033355e-01 4.811193e-01
      vertex   2.949540e+01 4.811193e-01 3.033355e-01
      vertex   2.970255e+01 5.925356e-01 4.165699e-01
    endloop
  endfacet
  facet normal 9.544300e-02 -7.897316e-01 -6.059824e-01
    outer loop
      vertex   2.900000e+01 1.339746e-01 5.000000e-01
      vertex   2.900000e+01 2.928932e-01 2.928932e-01
      vertex   2.925449e+01 2.375775e-01 4.050638e-01
    endloop
  endfacet
  facet normal 1.560404e-01 -6.984452e-01 -6.984452e-01
    outer loop
      vertex   2.925449e+01 2.375775e-01 4.050638e-01
      vertex   2.900000e+01 2.928932e-01 2.928932e-01
      vertex   2.925449e+01 4.050638e-01 2.375775e-01
    endloop
  endfacet
  facet normal 3.842763e-01 -6.528138e-01 -6.528138e-01
    outer loop
      vertex   2.925449e+01 2.375775e-01 4.050638e-01
      vertex   2.925449e+01 4.050638e-01 2.375775e-01
      vertex   2.949540e+01 4.811193e-01 3.033355e-01
    endloop
  endfacet
  facet normal 9.544300e-02 -6.059824e-01 -7.897316e-01
    outer loop
      vertex   2.900000e+01 2.928932e-01 2.928932e-01
      vertex   2.900000e+01 5.000000e-01 1.339746e-01
      vertex   2.925449e+01 4.050638e-01 2.375775e-01
    endloop
  endfacet
  facet normal 1.223638e-01 -3.162140e-01 -9.407634e-01
    outer loop
      vertex   2.922023e+01 6.014636e-01 1.096821e-01
      vertex   2.900000e+01 7.411810e-01 3.407417e-02
      vertex   2.915391e+01 8.142561e-01 2.953101e-02
    endloop
  endfacet
  facet normal 3.268886e-02 -1.304564e-01 -9.909150e-01
    outer loop
      vertex   2.915391e+01 8.142561e-01 2.953101e-02
      vertex   2.900000e+01 7.411810e-01 3.407417e-02
      vertex   2.900000e+01 1.000000e+00 0.000000e+00
    endloop
  endfacet
  facet normal 1.303668e-01 -4.940940e-02 -9.902339e-01
    outer loop
      vertex   2.915391e+01 8.142561e-01 2.953101e-02
      vertex   2.900000e+01 1.000000e+00 0.000000e+00
      vertex   2.925882e+01 1.000000e+00 3.407417e-02
    endloop
  endfacet
  facet normal 2.711922e-01 -1.298391e-01 -9.537278e-01
    outer loop
      vertex   2.915391e+01 8.142561e-01 2.953101e-02
      vertex   2.925882e+01 1.000000e+00 3.407417e-02
      vertex   2.938864e+01 9.154700e-01 8.249758e-02
    endloop
  endfacet
  facet normal 3.820305e-01 5.839280e-02 -9.223031e-01
    outer loop
      vertex   2.938864e+01 9.154700e-01 8.249758e-02
      vertex   2.925882e+01 1.000000e+00 3.407417e-02
      vertex   2.950000e+01 1.000000e+00 1.339746e-01
    endloop
  endfacet
  facet normal 5.110938e-01 -1.588805e-01 -8.447130e-01
    outer loop
      vertex   2.938864e+01 9.154700e-01 8.249758e-02
      vertex   2.950000e+01 1.000000e+00 1.339746e-01
      vertex   2.945904e+01 6.895943e-01 1.675766e-01
    endloop
  endfacet
  facet normal 5.407082e-01 -1.607312e-01 -8.257119e-01
    outer loop
      vertex   2.945904e+01 6.895943e-01 1.675766e-01
      vertex   2.950000e+01 1.000000e+00 1.339746e-01
      vertex   2.966657e+01 7.988787e-01 2.821994e-01
    endloop
  endfacet
  facet normal 6.067974e-01 -8.026201e-02 -7.907938e-01
    outer loop
      vertex   2.950000e+01 1.000000e+00 1.339746e-01
      vertex   2.970711e+01 1.000000e+00 2.928932e-01
      vertex   2.966657e+01 7.988787e-01 2.821994e-01
    endloop
  endfacet
  facet normal 7.476569e-01 -1.159338e-01 -6.538873e-01
    outer loop
      vertex   2.966657e+01 7.988787e-01 2.821994e-01
      vertex   2.970711e+01 1.000000e+00 2.928932e-01
      vertex   2.982867e+01 9.218691e-01 4.457391e-01
    endloop
  endfacet
  facet normal 7.926058e-01 4.340169e-02 -6.081878e-01
    outer loop
      vertex   2.970711e+01 1.000000e+00 2.928932e-01
      vertex   2.986603e+01 1.000000e+00 5.000000e-01
      vertex   2.982867e+01 9.218691e-01 4.457391e-01
    endloop
  endfacet
  facet normal 7.919720e-01 -4.317293e-01 -4.317293e-01
    outer loop
      vertex   2.970255e+01 4.165699e-01 5.925356e-01
      vertex   2.986183e+01 7.317200e-01 5.695642e-01
      vertex   2.986183e+01 5.695642e-01 7.317200e-01
    endloop
  endfacet
  facet normal 7.743828e-01 -5.834139e-01 -2.448663e-01
    outer loop
      vertex   2.982867e+01 4.457391e-01 9.218691e-01
      vertex   2.966657e+01 2.821994e-01 7.988787e-01
      vertex   2.986183e+01 5.695642e-01 7.317200e-01
    endloop
  endfacet
  facet normal 7.743828e-01 -5.834139e-01 -2.448663e-01
    outer loop
      vertex   2.986183e+01 5.695642e-01 7.317200e-01
      vertex   2.966657e+01 2.821994e-01 7.988787e-01
      vertex   2.970255e+01 4.165699e-01 5.925356e-01
    endloop
  endfacet
  facet normal 5.901245e-01 -7.197061e-01 -3.657544e-01
    outer loop
      vertex   2.966657e+01 2.821994e-01 7.988787e-01
      vertex   2.945904e+01 1.675766e-01 6.895943e-01
      vertex   2.970255e+01 4.165699e-01 5.925356e-01
    endloop
  endfacet
  facet normal 3.135991e-01 -2.475550e-01 -9.167181e-01
    outer loop
      vertex   2.938864e+01 9.154700e-01 8.249758e-02
      vertex   2.945904e+01 6.895943e-01 1.675766e-01
      vertex   2.922023e+01 6.014636e-01 1.096821e-01
    endloop
  endfacet
  facet normal 3.135991e-01 -2.475550e-01 -9.167181e-01
    outer loop
      vertex   2.915391e+01 8.142561e-01 2.953101e-02
      vertex   2.938864e+01 9.154700e-01 8.249758e-02
      vertex   2.922023e+01 6.014636e-01 1.096821e-01
    endloop
  endfacet
  facet normal -4.940940e-02 -9.902339e-01 -1.303668e-01
    outer loop
      vertex   1.000000e+00 3.407417e-02 7.411810e-01
      vertex   1.000000e+00 0.000000e+00 1.000000e+00
      vertex   8.142561e-01 2.953101e-02 8.460872e-01
    endloop
  endfacet
  facet normal -1.304564e-01 -9.909150e-01 -3.268886e-02
    outer loop
      vertex   8.142561e-01 2.953101e-02 8.460872e-01
      vertex   1.000000e+00 0.000000e+00 1.000000e+00
      vertex   7.411810e-01 3.407417e-02 1.000000e+00
    endloop
  endfacet
  facet normal -3.162140e-01 -9.407634e-01 -1.223638e-01
    outer loop
      vertex   8.142561e-01 2.953101e-02 8.460872e-01
      vertex   7.411810e-01 3.407417e-02 1.000000e+00
      vertex   6.014636e-01 1.096821e-01 7.797665e-01
    endloop
  endfacet
  facet normal -3.816287e-01 -9.213332e-01 -7.419375e-02
    outer loop
      vertex   6.014636e-01 1.096821e-01 7.797665e-01
      vertex   7.411810e-01 3.407417e-02 1.000000e+00
      vertex   5.000000e-01 1.339746e-01 1.000000e+00
    endloop
  endfacet
  facet normal -5.215192e-01 -8.403810e-01 -1.475718e-01
    outer loop
      vertex   6.014636e-01 1.096821e-01 7.797665e-01
      vertex   5.000000e-01 1.339746e-01 1.000000e+00
      vertex   4.050638e-01 2.375775e-01 7.455143e-01
    endloop
  endfacet
  facet normal -6.059824e-01 -7.897316e-01 -9.544300e-02
    outer loop
      vertex   4.050638e-01 2.375775e-01 7.455143e-01
      vertex   5.000000e-01 1.339746e-01 1.000000e+00
      vertex   2.928932e-01 2.928932e-01 1.000000e+00
    endloop
  endfacet
  facet normal -6.984452e-01 -6.984452e-01 -1.560404e-01
    outer loop
      vertex   4.050638e-01 2.375775e-01 7.455143e-01
      vertex   2.928932e-01 2.928932e-01 1.000000e+00
      vertex   2.375775e-01 4.050638e-01 7.455143e-01
    endloop
  endfacet
  facet normal -7.897316e-01 -6.059824e-01 -9.544300e-02
    outer loop
      vertex   2.375775e-01 4.050638e-01 7.455143e-01
      vertex   2.928932e-01 2.928932e-01 1.000000e+00
      vertex   1.339746e-01 5.000000e-01 1.000000e+00
    endloop
  endfacet
  facet normal -8.403810e-01 -5.215192e-01 -1.475718e-01
    outer loop
      vertex   2.375775e-01 4.050638e-01 7.455143e-01
      vertex   1.339746e-01 5.000000e-01 1.000000e+00
      vertex   1.096821e-01 6.014636e-01 7.797665e-01
    endloop
  endfacet
  facet normal -9.213332e-01 -3.816287e-01 -7.419375e-02
    outer loop
      vertex   1.096821e-01 6.014636e-01 7.797665e-01
      vertex   1.339746e-01 5.000000e-01 1.000000e+00
      vertex   3.407417e-02 7.411810e-01 1.000000e+00
    endloop
  endfacet
  facet normal -9.407634e-01 -3.162140e-01 -1.223638e-01
    outer loop
      vertex   1.096821e-01 6.014636e-01 7.797665e-01
      vertex   3.407417e-02 7.411810e-01 1.000000e+00
      vertex   2.953101e-02 8.142561e-01 8.460872e-01
    endloop
  endfacet
  facet normal -9.909150e-01 -1.304564e-01 -3.268886e-02
    outer loop
      vertex   2.953101e-02 8.142561e-01 8.460872e-01
      vertex   3.407417e-02 7.411810e-01 1.000000e+00
      vertex   0.000000e+00 1.000000e+00 1.000000e+00
    endloop
  endfacet
  facet normal -9.902339e-01 -4.940940e-02 -1.303668e-01
    outer loop
      vertex   2.953101e-02 8.142561e-01 8.460872e-01
      vertex   0.000000e+00 1.000000e+00 1.000000e+00
      vertex   3.407417e-02 1.000000e+00 7.411810e-01
    endloop
  endfacet
  facet normal -9.537278e-01 -1.298391e-01 -2.711922e-01
    outer loop
      vertex   2.953101e-02 8.142561e-01 8.460872e-01
      vertex   3.407417e-02 1.000000e+00 7.411810e-01
      vertex   8.249758e-02 9.154700e-01 6.113562e-01
    endloop
  endfacet
  facet normal -9.223031e-01 5.839280e-02 -3.820305e-01
    outer loop
      vertex   8.249758e-02 9.154700e-01 6.113562e-01
      vertex   3.407417e-02 1.000000e+00 7.411810e-01
      vertex   1.339746e-01 1.000000e+00 5.000000e-01
    endloop
  endfacet
  facet normal -8.447130e-01 -1.588805e-01 -5.110938e-01
    outer loop
      vertex   8.249758e-02 9.154700e-01 6.113562e-01
      vertex   1.339746e-01 1.000000e+00 5.000000e-01
      vertex   1.675766e-01 6.895943e-01 5.409579e-01
    endloop
  endfacet
  facet normal -8.257119e-01 -1.607312e-01 -5.407082e-01
    outer loop
      vertex   1.675766e-01 6.895943e-01 5.409579e-01
      vertex   1.339746e-01 1.000000e+00 5.000000e-01
      vertex   2.821994e-01 7.988787e-01 3.334323e-01
    endloop
  endfacet
  facet normal -7.197061e-01 -3.657544e-01 -5.901245e-01
    outer loop
      vertex   1.675766e-01 6.895943e-01 5.409579e-01
      vertex   2.821994e-01 7.988787e-01 3.334323e-01
      vertex   3.033355e-01 4.811193e-01 5.045998e-01
    endloop
  endfacet
  facet normal -7.197061e-01 -3.657544e-01 -5.901245e-01
    outer loop
      vertex   3.033355e-01 4.811193e-01 5.045998e-01
      vertex   2.821994e-01 7.988787e-01 3.334323e-01
      vertex   4.165699e-01 5.925356e-01 2.974460e-01
    endloop
  endfacet
  facet normal -5.611197e-01 -5.611197e-01 -6.085140e-01
    outer loop
      vertex   3.033355e-01 4.811193e-01 5.045998e-01
      vertex   4.165699e-01 5.925356e-01 2.974460e-01
      vertex   4.811193e-01 3.033355e-01 5.045998e-01
    endloop
  endfacet
  facet normal -5.611197e-01 -5.611197e-01 -6.085140e-01
    outer loop
      vertex   4.811193e-01 3.033355e-01 5.045998e-01
      vertex   4.165699e-01 5.925356e-01 2.974460e-01
      vertex   5.925356e-01 4.165699e-01 2.974460e-01
    endloop
  endfacet
  facet normal -3.657544e-01 -7.197061e-01 -5.901245e-01
    outer loop
      vertex   4.811193e-01 3.033355e-01 5.045998e-01
      vertex   5.925356e-01 4.165699e-01 2.974460e-01
      vertex   6.895943e-01 1.675766e-01 5.409579e-01
    endloop
  endfacet
  facet normal -3.657544e-01 -7.197061e-01 -5.901245e-01
    outer loop
      vertex   6.895943e-01 1.675766e-01 5.409579e-01
      vertex   5.925356e-01 4.165699e-01 2.974460e-01
      vertex   7.988787e-01 2.821994e-01 3.334323e-01
    endloop
  endfacet
  facet normal -1.607312e-01 -8.257119e-01 -5.407082e-01
    outer loop
      vertex   6.895943e-01 1.675766e-01 5.409579e-01
      vertex   7.988787e-01 2.821994e-01 3.334323e-01
      vertex   1.000000e+00 1.339746e-01 5.000000e-01
    endloop
  endfacet
  facet normal -8.026201e-02 -7.907938e-01 -6.067974e-01
    outer loop
      vertex   1.000000e+00 1.339746e-01 5.000000e-01
      vertex   7.988787e-01 2.821994e-01 3.334323e-01
      vertex   1.000000e+00 2.928932e-01 2.928932e-01
    endloop
  endfacet
  facet normal -1.159338e-01 -6.538873e-01 -7.476569e-01
    outer loop
      vertex   1.000000e+00 2.928932e-01 2.928932e-01
      vertex   7.988787e-01 2.821994e-01 3.334323e-01
      vertex   9.218691e-01 4.457391e-01 1.713321e-01
    endloop
  endfacet
  facet normal 4.340169e-02 -6.081878e-01 -7.926058e-01
    outer loop
      vertex   1.000000e+00 2.928932e-01 2.928932e-01
      vertex   9.218691e-01 4.457391e-01 1.713321e-01
      vertex   1.000000e+00 5.000000e-01 1.339746e-01
    endloop
  endfacet
  facet normal -1.261909e-01 -4.328324e-01 -8.925984e-01
    outer loop
      vertex   1.000000e+00 5.000000e-01 1.339746e-01
      vertex   9.218691e-01 4.457391e-01 1.713321e-01
      vertex   7.317200e-01 5.695642e-01 1.381701e-01
    endloop
  endfacet
  facet normal -1.178222e-01 -3.995626e-01 -9.091026e-01
    outer loop
      vertex   1.000000e+00 5.000000e-01 1.339746e-01
      vertex   7.317200e-01 5.695642e-01 1.381701e-01
      vertex   8.891872e-01 7.518919e-01 3.762643e-02
    endloop
  endfacet
  facet normal -2.729599e-01 -2.729599e-01 -9.224889e-01
    outer loop
      vertex   8.891872e-01 7.518919e-01 3.762643e-02
      vertex   7.317200e-01 5.695642e-01 1.381701e-01
      vertex   7.518919e-01 8.891872e-01 3.762643e-02
    endloop
  endfacet
  facet normal -1.036987e-01 -1.036987e-01 -9.891881e-01
    outer loop
      vertex   8.891872e-01 7.518919e-01 3.762643e-02
      vertex   7.518919e-01 8.891872e-01 3.762643e-02
      vertex   1.000000e+00 1.000000e+00 0.000000e+00
    endloop
  endfacet
  facet normal -1.303977e-01 -4.435481e-02 -9.904691e-01
    outer loop
      vertex   1.000000e+00 1.000000e+00 0.000000e+00
      vertex   7.518919e-01 8.891872e-01 3.762643e-02
      vertex   7.411810e-01 1.000000e+00 3.407417e-02
    endloop
  endfacet
  facet normal -3.818374e-01 -6.645835e-02 -9.218370e-01
    outer loop
      vertex   7.411810e-01 1.000000e+00 3.407417e-02
      vertex   7.518919e-01 8.891872e-01 3.762643e-02
      vertex   5.000000e-01 1.000000e+00 1.339746e-01
    endloop
  endfacet
  facet normal -3.995626e-01 -1.178222e-01 -9.091026e-01
    outer loop
      vertex   5.000000e-01 1.000000e+00 1.339746e-01
      vertex   7.518919e-01 8.891872e-01 3.762643e-02
      vertex   5.695642e-01 7.317200e-01 1.381701e-01
    endloop
  endfacet
  facet normal -4.328324e-01 -1.261909e-01 -8.925984e-01
    outer loop
      vertex   5.000000e-01 1.000000e+00 1.339746e-01
      vertex   5.695642e-01 7.317200e-01 1.381701e-01
      vertex   4.457391e-01 9.218691e-01 1.713321e-01
    endloop
  endfacet
  facet normal -5.834139e-01 -2.448663e-01 -7.743828e-01
    outer loop
      vertex   4.457391e-01 9.218691e-01 1.713321e-01
      vertex   5.695642e-01 7.317200e-01 1.381701e-01
      vertex   4.165699e-01 5.925356e-01 2.974460e-01
    endloop
  endfacet
  facet normal -5.834139e-01 -2.448663e-01 -7.743828e-01
    outer loop
      vertex   4.457391e-01 9.218691e-01 1.713321e-01
      vertex   4.165699e-01 5.925356e-01 2.974460e-01
      vertex   2.821994e-01 7.988787e-01 3.334323e-01
    endloop
  endfacet
  facet normal -7.907938e-01 -8.026201e-02 -6.067974e-01
    outer loop
      vertex   1.339746e-01 1.000000e+00 5.000000e-01
      vertex   2.928932e-01 1.000000e+00 2.928932e-01
      vertex   2.821994e-01 7.988787e-01 3.334323e-01
    endloop
  endfacet
  facet normal -6.538873e-01 -1.159338e-01 -7.476569e-01
    outer loop
      vertex   2.821994e-01 7.988787e-01 3.334323e-01
      vertex   2.928932e-01 1.000000e+00 2.928932e-01
      vertex   4.457391e-01 9.218691e-01 1.713321e-01
    endloop
  endfacet
  facet normal -6.081878e-01 4.340169e-02 -7.926058e-01
    outer loop
      vertex   2.928932e-01 1.000000e+00 2.928932e-01
      vertex   5.000000e-01 1.000000e+00 1.339746e-01
      vertex   4.457391e-01 9.218691e-01 1.713321e-01
    endloop
  endfacet
  facet normal -4.435481e-02 -1.303977e-01 -9.904691e-01
    outer loop
      vertex   1.000000e+00 1.000000e+00 0.000000e+00
      vertex   1.000000e+00 7.411810e-01 3.407417e-02
      vertex   8.891872e-01 7.518919e-01 3.762643e-02
    endloop
  endfacet
  facet normal -6.645835e-02 -3.818374e-01 -9.218370e-01
    outer loop
      vertex   8.891872e-01 7.518919e-01 3.762643e-02
      vertex   1.000000e+00 7.411810e-01 3.407417e-02
      vertex   1.000000e+00 5.000000e-01 1.339746e-01
    endloop
  endfacet
  facet normal -1.588805e-01 -8.447130e-01 -5.110938e-01
    outer loop
      vertex   6.895943e-01 1.675766e-01 5.409579e-01
      vertex   1.000000e+00 1.339746e-01 5.000000e-01
      vertex   9.154700e-01 8.249758e-02 6.113562e-01
    endloop
  endfacet
  facet normal 5.839280e-02 -9.223031e-01 -3.820305e-01
    outer loop
      vertex   9.154700e-01 8.249758e-02 6.113562e-01
      vertex   1.000000e+00 1.339746e-01 5.000000e-01
      vertex   1.000000e+00 3.407417e-02 7.411810e-01
    endloop
  endfacet
  facet normal -1.298391e-01 -9.537278e-01 -2.711922e-01
    outer loop
      vertex   9.154700e-01 8.249758e-02 6.113562e-01
      vertex   1.000000e+00 3.407417e-02 7.411810e-01
      vertex   8.142561e-01 2.953101e-02 8.460872e-01
    endloop
  endfacet
  facet normal -2.475550e-01 -9.167181e-01 -3.135991e-01
    outer loop
      vertex   6.895943e-01 1.675766e-01 5.409579e-01
      vertex   9.154700e-01 8.249758e-02 6.113562e-01
      vertex   8.142561e-01 2.953101e-02 8.460872e-01
    endloop
  endfacet
  facet normal -4.620595e-01 -8.076571e-01 -3.663208e-01
    outer loop
      vertex   4.811193e-01 3.033355e-01 5.045998e-01
      vertex   6.895943e-01 1.675766e-01 5.409579e-01
      vertex   6.014636e-01 1.096821e-01 7.797665e-01
    endloop
  endfacet
  facet normal -2.475550e-01 -9.167181e-01 -3.135991e-01
    outer loop
      vertex   6.014636e-01 1.096821e-01 7.797665e-01
      vertex   6.895943e-01 1.675766e-01 5.409579e-01
      vertex   8.142561e-01 2.953101e-02 8.460872e-01
    endloop
  endfacet
  facet normal -2.448663e-01 -5.834139e-01 -7.743828e-01
    outer loop
      vertex   7.317200e-01 5.695642e-01 1.381701e-01
      vertex   9.218691e-01 4.457391e-01 1.713321e-01
      vertex   7.988787e-01 2.821994e-01 3.334323e-01
    endloop
  endfacet
  facet normal -2.448663e-01 -5.834139e-01 -7.743828e-01
    outer loop
      vertex   7.317200e-01 5.695642e-01 1.381701e-01
      vertex   7.988787e-01 2.821994e-01 3.334323e-01
      vertex   5.925356e-01 4.165699e-01 2.974460e-01
    endloop
  endfacet
  facet normal -6.528138e-01 -6.528138e-01 -3.842763e-01
    outer loop
      vertex   3.033355e-01 4.811193e-01 5.045998e-01
      vertex   4.811193e-01 3.033355e-01 5.045998e-01
      vertex   4.050638e-01 2.375775e-01 7.455143e-01
    endloop
  endfacet
  facet normal -4.620595e-01 -8.076571e-01 -3.663208e-01
    outer loop
      vertex   4.050638e-01 2.375775e-01 7.455143e-01
      vertex   4.811193e-01 3.033355e-01 5.045998e-01
      vertex   6.014636e-01 1.096821e-01 7.797665e-01
    endloop
  endfacet
  facet normal -4.317293e-01 -4.317293e-01 -7.919720e-01
    outer loop
      vertex   4.165699e-01 5.925356e-01 2.974460e-01
      vertex   5.695642e-01 7.317200e-01 1.381701e-01
      vertex   5.925356e-01 4.165699e-01 2.974460e-01
    endloop
  endfacet
  facet normal -4.317293e-01 -4.317293e-01 -7.919720e-01
    outer loop
      vertex   5.925356e-01 4.165699e-01 2.974460e-01
      vertex   5.695642e-01 7.317200e-01 1.381701e-01
      vertex   7.317200e-01 5.695642e-01 1.381701e-01
    endloop
  endfacet
  facet normal -2.729599e-01 -2.729599e-01 -9.224889e-01
    outer loop
      vertex   5.695642e-01 7.317200e-01 1.381701e-01
      vertex   7.518919e-01 8.891872e-01 3.762643e-02
      vertex   7.317200e-01 5.695642e-01 1.381701e-01
    endloop
  endfacet
  facet normal -8.076571e-01 -4.620595e-01 -3.663208e-01
    outer loop
      vertex   1.675766e-01 6.895943e-01 5.409579e-01
      vertex   3.033355e-01 4.811193e-01 5.045998e-01
      vertex   2.375775e-01 4.050638e-01 7.455143e-01
    endloop
  endfacet
  facet normal -6.528138e-01 -6.528138e-01 -3.842763e-01
    outer loop
      vertex   2.375775e-01 4.050638e-01 7.455143e-01
      vertex   3.033355e-01 4.811193e-01 5.045998e-01
      vertex   4.050638e-01 2.375775e-01 7.455143e-01
    endloop
  endfacet
  facet normal -9.167181e-01 -2.475550e-01 -3.135991e-01
    outer loop
      vertex   8.249758e-02 9.154700e-01 6.113562e-01
      vertex   1.675766e-01 6.895943e-01 5.409579e-01
      vertex   1.096821e-01 6.014636e-01 7.797665e-01
    endloop
  endfacet
  facet normal -8.076571e-01 -4.620595e-01 -3.663208e-01
    outer loop
      vertex   1.096821e-01 6.014636e-01 7.797665e-01
      vertex   1.675766e-01 6.895943e-01 5.409579e-01
      vertex   2.375775e-01 4.050638e-01 7.455143e-01
    endloop
  endfacet
  facet normal -9.167181e-01 -2.475550e-01 -3.135991e-01
    outer loop
      vertex   2.953101e-02 8.142561e-01 8.460872e-01
      vertex   8.249758e-02 9.154700e-01 6.113562e-01
      vertex   1.096821e-01 6.014636e-01 7.797665e-01
    endloop
  endfacet
  facet normal -1.305262e-01 -2.579824e-17 -9.914449e-01
    outer loop
      vertex   7.411810e-01 1.000000e+00 3.407417e-02
      vertex   7.411810e-01 6.333333e+00 3.407417e-02
      vertex   1.000000e+00 1.000000e+00 0.000000e+00
    endloop
  endfacet
  facet normal -1.305262e-01 0.000000e+00 -9.914449e-01
    outer loop
      vertex   1.000000e+00 1.000000e+00 0.000000e+00
      vertex   7.411810e-01 6.333333e+00 3.407417e-02
      vertex   7.411810e-01 1.166667e+01 3.407417e-02
    endloop
  endfacet
  facet normal -1.305262e-01 0.000000e+00 -9.914449e-01
    outer loop
      vertex   1.000000e+00 1.000000e+00 0.000000e+00
      vertex   7.411810e-01 1.166667e+01 3.407417e-02
      vertex   7.411810e-01 1.700000e+01 3.407417e-02
    endloop
  endfacet
  facet normal -3.826834e-01 -0.000000e+00 -9.238795e-01
    outer loop
      vertex   7.411810e-01 1.700000e+01 3.407417e-02
      vertex   7.411810e-01 1.166667e+01 3.407417e-02
      vertex   5.000000e-01 1.700000e+01 1.339746e-01
    endloop
  endfacet
  facet normal -3.826834e-01 0.000000e+00 -9.238795e-01
    outer loop
      vertex   7.411810e-01 1.700000e+01 3.407417e-02
      vertex   5.000000e-01 1.700000e+01 1.339746e-01
      vertex   5.000000e-01 2.233333e+01 1.339746e-01
    endloop
  endfacet
  facet normal -6.087614e-01 -0.000000e+00 -7.933533e-01
    outer loop
      vertex   5.000000e-01 2.233333e+01 1.339746e-01
      vertex   5.000000e-01 1.700000e+01 1.339746e-01
      vertex   2.928932e-01 2.233333e+01 2.928932e-01
    endloop
  endfacet
  facet normal -6.087614e-01 0.000000e+00 -7.933533e-01
    outer loop
      vertex   5.000000e-01 2.233333e+01 1.339746e-01
      vertex   2.928932e-01 2.233333e+01 2.928932e-01
      vertex   2.928932e-01 2.766667e+01 2.928932e-01
    endloop
  endfacet
  facet normal -7.933533e-01 -0.000000e+00 -6.087614e-01
    outer loop
      vertex   2.928932e-01 2.766667e+01 2.928932e-01
      vertex   2.928932e-01 2.233333e+01 2.928932e-01
      vertex   1.339746e-01 2.766667e+01 5.000000e-01
    endloop
  endfacet
  facet normal -7.933533e-01 -1.993535e-17 -6.087614e-01
    outer loop
      vertex   2.928932e-01 2.766667e+01 2.928932e-01
      vertex   1.339746e-01 2.766667e+01 5.000000e-01
      vertex   1.339746e-01 3.300000e+01 5.000000e-01
    endloop
  endfacet
  facet normal -9.238795e-01 -2.404013e-17 -3.826834e-01
    outer loop
      vertex   1.339746e-01 3.300000e+01 5.000000e-01
      vertex   1.339746e-01 2.766667e+01 5.000000e-01
      vertex   3.407417e-02 3.300000e+01 7.411810e-01
    endloop
  endfacet
  facet normal -9.238795e-01 0.000000e+00 -3.826834e-01
    outer loop
      vertex   1.339746e-01 3.300000e+01 5.000000e-01
      vertex   3.407417e-02 3.300000e+01 7.411810e-01
      vertex   3.407417e-02 3.833333e+01 7.411810e-01
    endloop
  endfacet
  facet normal -9.914449e-01 -0.000000e+00 -1.305262e-01
    outer loop
      vertex   3.407417e-02 3.833333e+01 7.411810e-01
      vertex   3.407417e-02 3.300000e+01 7.411810e-01
      vertex   0.000000e+00 4.900000e+01 1.000000e+00
    endloop
  endfacet
  facet normal -9.914449e-01 0.000000e+00 -1.305262e-01
    outer loop
      vertex   3.407417e-02 3.833333e+01 7.411810e-01
      vertex   0.000000e+00 4.900000e+01 1.000000e+00
      vertex   3.407417e-02 4.366667e+01 7.411810e-01
    endloop
  endfacet
  facet normal -9.914449e-01 -1.805877e-16 -1.305262e-01
    outer loop
      vertex   3.407417e-02 4.366667e+01 7.411810e-01
      vertex   0.000000e+00 4.900000e+01 1.000000e+00
      vertex   3.407417e-02 4.900000e+01 7.411810e-01
    endloop
  endfacet
  facet normal -9.238795e-01 -1.682809e-16 -3.826834e-01
    outer loop
      vertex   3.407417e-02 4.366667e+01 7.411810e-01
      vertex   3.407417e-02 4.900000e+01 7.411810e-01
      vertex   1.339746e-01 4.366667e+01 5.000000e-01
    endloop
  endfacet
  facet normal -9.238795e-01 -1.440993e-16 -3.826834e-01
    outer loop
      vertex   1.339746e-01 4.366667e+01 5.000000e-01
      vertex   3.407417e-02 4.900000e+01 7.411810e-01
      vertex   1.339746e-01 4.900000e+01 5.000000e-01
    endloop
  endfacet
  facet normal -7.933533e-01 -1.412358e-16 -6.087614e-01
    outer loop
      vertex   1.339746e-01 4.366667e+01 5.000000e-01
      vertex   1.339746e-01 4.900000e+01 5.000000e-01
      vertex   2.928932e-01 4.366667e+01 2.928932e-01
    endloop
  endfacet
  facet normal -7.933533e-01 -1.586093e-16 -6.087614e-01
    outer loop
      vertex   2.928932e-01 4.366667e+01 2.928932e-01
      vertex   1.339746e-01 4.900000e+01 5.000000e-01
      vertex   2.928932e-01 4.900000e+01 2.928932e-01
    endloop
  endfacet
  facet normal -6.087614e-01 -1.624519e-16 -7.933533e-01
    outer loop
      vertex   2.928932e-01 4.366667e+01 2.928932e-01
      vertex   2.928932e-01 4.900000e+01 2.928932e-01
      vertex   5.000000e-01 4.366667e+01 1.339746e-01
    endloop
  endfacet
  facet normal -6.087614e-01 -1.412358e-16 -7.933533e-01
    outer loop
      vertex   5.000000e-01 4.366667e+01 1.339746e-01
      vertex   2.928932e-01 4.900000e+01 2.928932e-01
      vertex   5.000000e-01 4.900000e+01 1.339746e-01
    endloop
  endfacet
  facet normal -3.826834e-01 -1.440993e-16 -9.238795e-01
    outer loop
      vertex   5.000000e-01 4.366667e+01 1.339746e-01
      vertex   5.000000e-01 4.900000e+01 1.339746e-01
      vertex   7.411810e-01 4.366667e+01 3.407417e-02
    endloop
  endfacet
  facet normal -3.826834e-01 -1.520655e-16 -9.238795e-01
    outer loop
      vertex   7.411810e-01 4.366667e+01 3.407417e-02
      vertex   5.000000e-01 4.900000e+01 1.339746e-01
      vertex   7.411810e-01 4.900000e+01 3.407417e-02
    endloop
  endfacet
  facet normal -1.305262e-01 -1.398597e-16 -9.914449e-01
    outer loop
      vertex   7.411810e-01 4.366667e+01 3.407417e-02
      vertex   7.411810e-01 4.900000e+01 3.407417e-02
      vertex   1.000000e+00 4.900000e+01 0.000000e+00
    endloop
  endfacet
  facet normal -3.826834e-01 -2.404013e-17 -9.238795e-01
    outer loop
      vertex   7.411810e-01 6.333333e+00 3.407417e-02
      vertex   7.411810e-01 1.000000e+00 3.407417e-02
      vertex   5.000000e-01 6.333333e+00 1.339746e-01
    endloop
  endfacet
  facet normal -3.826834e-01 -0.000000e+00 -9.238795e-01
    outer loop
      vertex   5.000000e-01 6.333333e+00 1.339746e-01
      vertex   7.411810e-01 1.000000e+00 3.407417e-02
      vertex   5.000000e-01 1.000000e+00 1.339746e-01
    endloop
  endfacet
  facet normal -6.087614e-01 -0.000000e+00 -7.933533e-01
    outer loop
      vertex   5.000000e-01 6.333333e+00 1.339746e-01
      vertex   5.000000e-01 1.000000e+00 1.339746e-01
      vertex   2.928932e-01 6.333333e+00 2.928932e-01
    endloop
  endfacet
  facet normal -6.087614e-01 1.651498e-17 -7.933533e-01
    outer loop
      vertex   2.928932e-01 6.333333e+00 2.928932e-01
      vertex   5.000000e-01 1.000000e+00 1.339746e-01
      vertex   2.928932e-01 1.000000e+00 2.928932e-01
    endloop
  endfacet
  facet normal -7.933533e-01 1.267239e-17 -6.087614e-01
    outer loop
      vertex   2.928932e-01 6.333333e+00 2.928932e-01
      vertex   2.928932e-01 1.000000e+00 2.928932e-01
      vertex   1.339746e-01 6.333333e+00 5.000000e-01
    endloop
  endfacet
  facet normal -7.933533e-01 1.267239e-17 -6.087614e-01
    outer loop
      vertex   1.339746e-01 6.333333e+00 5.000000e-01
      vertex   2.928932e-01 1.000000e+00 2.928932e-01
      vertex   1.339746e-01 1.000000e+00 5.000000e-01
    endloop
  endfacet
  facet normal -9.238795e-01 7.966199e-18 -3.826834e-01
    outer loop
      vertex   1.339746e-01 6.333333e+00 5.000000e-01
      vertex   1.339746e-01 1.000000e+00 5.000000e-01
      vertex   3.407417e-02 6.333333e+00 7.411810e-01
    endloop
  endfacet
  facet normal -9.238795e-01 -2.404013e-17 -3.826834e-01
    outer loop
      vertex   3.407417e-02 6.333333e+00 7.411810e-01
      vertex   1.339746e-01 1.000000e+00 5.000000e-01
      vertex   3.407417e-02 1.000000e+00 7.411810e-01
    endloop
  endfacet
  facet normal -9.914449e-01 -2.579824e-17 -1.305262e-01
    outer loop
      vertex   3.407417e-02 6.333333e+00 7.411810e-01
      vertex   3.407417e-02 1.000000e+00 7.411810e-01
      vertex   0.000000e+00 1.000000e+00 1.000000e+00
    endloop
  endfacet
  facet normal -9.914449e-01 -0.000000e+00 -1.305262e-01
    outer loop
      vertex   0.000000e+00 4.900000e+01 1.000000e+00
      vertex   3.407417e-02 2.233333e+01 7.411810e-01
      vertex   0.000000e+00 1.000000e+00 1.000000e+00
    endloop
  endfacet
  facet normal -9.914449e-01 0.000000e+00 -1.305262e-01
    outer loop
      vertex   0.000000e+00 1.000000e+00 1.000000e+00
      vertex   3.407417e-02 2.233333e+01 7.411810e-01
      vertex   3.407417e-02 1.700000e+01 7.411810e-01
    endloop
  endfacet
  facet normal -9.914449e-01 0.000000e+00 -1.305262e-01
    outer loop
      vertex   0.000000e+00 1.000000e+00 1.000000e+00
      vertex   3.407417e-02 1.700000e+01 7.411810e-01
      vertex   3.407417e-02 1.166667e+01 7.411810e-01
    endloop
  endfacet
  facet normal -9.238795e-01 0.000000e+00 -3.826834e-01
    outer loop
      vertex   3.407417e-02 1.166667e+01 7.411810e-01
      vertex   3.407417e-02 1.700000e+01 7.411810e-01
      vertex   1.339746e-01 1.166667e+01 5.000000e-01
    endloop
  endfacet
  facet normal -9.238795e-01 0.000000e+00 -3.826834e-01
    outer loop
      vertex   3.407417e-02 1.166667e+01 7.411810e-01
      vertex   1.339746e-01 1.166667e+01 5.000000e-01
      vertex   1.339746e-01 6.333333e+00 5.000000e-01
    endloop
  endfacet
  facet normal -7.933533e-01 0.000000e+00 -6.087614e-01
    outer loop
      vertex   1.339746e-01 6.333333e+00 5.000000e-01
      vertex   1.339746e-01 1.166667e+01 5.000000e-01
      vertex   2.928932e-01 6.333333e+00 2.928932e-01
    endloop
  endfacet
  facet normal -1.305262e-01 0.000000e+00 -9.914449e-01
    outer loop
      vertex   1.000000e+00 1.000000e+00 0.000000e+00
      vertex   7.411810e-01 2.766667e+01 3.407417e-02
      vertex   1.000000e+00 4.900000e+01 0.000000e+00
    endloop
  endfacet
  facet normal -1.305262e-01 2.616515e-17 -9.914449e-01
    outer loop
      vertex   1.000000e+00 4.900000e+01 0.000000e+00
      vertex   7.411810e-01 2.766667e+01 3.407417e-02
      vertex   7.411810e-01 3.300000e+01 3.407417e-02
    endloop
  endfacet
  facet normal -1.305262e-01 0.000000e+00 -9.914449e-01
    outer loop
      vertex   1.000000e+00 4.900000e+01 0.000000e+00
      vertex   7.411810e-01 3.300000e+01 3.407417e-02
      vertex   7.411810e-01 3.833333e+01 3.407417e-02
    endloop
  endfacet
  facet normal -3.826834e-01 -0.000000e+00 -9.238795e-01
    outer loop
      vertex   7.411810e-01 3.833333e+01 3.407417e-02
      vertex   7.411810e-01 3.300000e+01 3.407417e-02
      vertex   5.000000e-01 3.833333e+01 1.339746e-01
    endloop
  endfacet
  facet normal -3.826834e-01 0.000000e+00 -9.238795e-01
    outer loop
      vertex   7.411810e-01 3.833333e+01 3.407417e-02
      vertex   5.000000e-01 3.833333e+01 1.339746e-01
      vertex   5.000000e-01 4.366667e+01 1.339746e-01
    endloop
  endfacet
  facet normal -6.087614e-01 -0.000000e+00 -7.933533e-01
    outer loop
      vertex   5.000000e-01 4.366667e+01 1.339746e-01
      vertex   5.000000e-01 3.833333e+01 1.339746e-01
      vertex   2.928932e-01 4.366667e+01 2.928932e-01
    endloop
  endfacet
  facet normal -3.826834e-01 -0.000000e+00 -9.238795e-01
    outer loop
      vertex   7.411810e-01 1.166667e+01 3.407417e-02
      vertex   7.411810e-01 6.333333e+00 3.407417e-02
      vertex   5.000000e-01 1.166667e+01 1.339746e-01
    endloop
  endfacet
  facet normal -3.826834e-01 -0.000000e+00 -9.238795e-01
    outer loop
      vertex   5.000000e-01 1.166667e+01 1.339746e-01
      vertex   7.411810e-01 6.333333e+00 3.407417e-02
      vertex   5.000000e-01 6.333333e+00 1.339746e-01
    endloop
  endfacet
  facet normal -6.087614e-01 -0.000000e+00 -7.933533e-01
    outer loop
      vertex   5.000000e-01 1.166667e+01 1.339746e-01
      vertex   5.000000e-01 6.333333e+00 1.339746e-01
      vertex   2.928932e-01 1.166667e+01 2.928932e-01
    endloop
  endfacet
  facet normal -6.087614e-01 -0.000000e+00 -7.933533e-01
    outer loop
      vertex   2.928932e-01 1.166667e+01 2.928932e-01
      vertex   5.000000e-01 6.333333e+00 1.339746e-01
      vertex   2.928932e-01 6.333333e+00 2.928932e-01
    endloop
  endfacet
  facet normal -7.933533e-01 -0.000000e+00 -6.087614e-01
    outer loop
      vertex   2.928932e-01 1.166667e+01 2.928932e-01
      vertex   2.928932e-01 6.333333e+00 2.928932e-01
      vertex   1.339746e-01 1.166667e+01 5.000000e-01
    endloop
  endfacet
  facet normal -1.305262e-01 -0.000000e+00 -9.914449e-01
    outer loop
      vertex   7.411810e-01 2.766667e+01 3.407417e-02
      vertex   1.000000e+00 1.000000e+00 0.000000e+00
      vertex   7.411810e-01 2.233333e+01 3.407417e-02
    endloop
  endfacet
  facet normal -1.305262e-01 -0.000000e+00 -9.914449e-01
    outer loop
      vertex   7.411810e-01 2.233333e+01 3.407417e-02
      vertex   1.000000e+00 1.000000e+00 0.000000e+00
      vertex   7.411810e-01 1.700000e+01 3.407417e-02
    endloop
  endfacet
  facet normal -3.826834e-01 -0.000000e+00 -9.238795e-01
    outer loop
      vertex   7.411810e-01 2.233333e+01 3.407417e-02
      vertex   7.411810e-01 1.700000e+01 3.407417e-02
      vertex   5.000000e-01 2.233333e+01 1.339746e-01
    endloop
  endfacet
  facet normal -3.826834e-01 -0.000000e+00 -9.238795e-01
    outer loop
      vertex   7.411810e-01 2.766667e+01 3.407417e-02
      vertex   7.411810e-01 2.233333e+01 3.407417e-02
      vertex   5.000000e-01 2.766667e+01 1.339746e-01
    endloop
  endfacet
  facet normal -3.826834e-01 1.607393e-17 -9.238795e-01
    outer loop
      vertex   5.000000e-01 2.766667e+01 1.339746e-01
      vertex   7.411810e-01 2.233333e+01 3.407417e-02
      vertex   5.000000e-01 2.233333e+01 1.339746e-01
    endloop
  endfacet
  facet normal -6.087614e-01 7.971337e-18 -7.933533e-01
    outer loop
      vertex   5.000000e-01 2.766667e+01 1.339746e-01
      vertex   5.000000e-01 2.233333e+01 1.339746e-01
      vertex   2.928932e-01 2.766667e+01 2.928932e-01
    endloop
  endfacet
  facet normal -1.305262e-01 -0.000000e+00 -9.914449e-01
    outer loop
      vertex   7.411810e-01 4.366667e+01 3.407417e-02
      vertex   1.000000e+00 4.900000e+01 0.000000e+00
      vertex   7.411810e-01 3.833333e+01 3.407417e-02
    endloop
  endfacet
  facet normal -3.826834e-01 2.404013e-17 -9.238795e-01
    outer loop
      vertex   7.411810e-01 3.300000e+01 3.407417e-02
      vertex   7.411810e-01 2.766667e+01 3.407417e-02
      vertex   5.000000e-01 3.300000e+01 1.339746e-01
    endloop
  endfacet
  facet normal -3.826834e-01 -0.000000e+00 -9.238795e-01
    outer loop
      vertex   5.000000e-01 3.300000e+01 1.339746e-01
      vertex   7.411810e-01 2.766667e+01 3.407417e-02
      vertex   5.000000e-01 2.766667e+01 1.339746e-01
    endloop
  endfacet
  facet normal -6.087614e-01 -0.000000e+00 -7.933533e-01
    outer loop
      vertex   5.000000e-01 3.300000e+01 1.339746e-01
      vertex   5.000000e-01 2.766667e+01 1.339746e-01
      vertex   2.928932e-01 3.300000e+01 2.928932e-01
    endloop
  endfacet
  facet normal -6.087614e-01 -0.000000e+00 -7.933533e-01
    outer loop
      vertex   2.928932e-01 3.300000e+01 2.928932e-01
      vertex   5.000000e-01 2.766667e+01 1.339746e-01
      vertex   2.928932e-01 2.766667e+01 2.928932e-01
    endloop
  endfacet
  facet normal -7.933533e-01 -0.000000e+00 -6.087614e-01
    outer loop
      vertex   2.928932e-01 3.300000e+01 2.928932e-01
      vertex   2.928932e-01 2.766667e+01 2.928932e-01
      vertex   1.339746e-01 3.300000e+01 5.000000e-01
    endloop
  endfacet
  facet normal -3.826834e-01 0.000000e+00 -9.238795e-01
    outer loop
      vertex   5.000000e-01 4.366667e+01 1.339746e-01
      vertex   7.411810e-01 4.366667e+01 3.407417e-02
      vertex   7.411810e-01 3.833333e+01 3.407417e-02
    endloop
  endfacet
  facet normal -3.826834e-01 -7.475756e-18 -9.238795e-01
    outer loop
      vertex   7.411810e-01 1.166667e+01 3.407417e-02
      vertex   5.000000e-01 1.166667e+01 1.339746e-01
      vertex   5.000000e-01 1.700000e+01 1.339746e-01
    endloop
  endfacet
  facet normal -6.087614e-01 -1.267239e-17 -7.933533e-01
    outer loop
      vertex   5.000000e-01 1.700000e+01 1.339746e-01
      vertex   5.000000e-01 1.166667e+01 1.339746e-01
      vertex   2.928932e-01 1.700000e+01 2.928932e-01
    endloop
  endfacet
  facet normal -6.087614e-01 0.000000e+00 -7.933533e-01
    outer loop
      vertex   5.000000e-01 1.700000e+01 1.339746e-01
      vertex   2.928932e-01 1.700000e+01 2.928932e-01
      vertex   2.928932e-01 2.233333e+01 2.928932e-01
    endloop
  endfacet
  facet normal -7.933533e-01 -0.000000e+00 -6.087614e-01
    outer loop
      vertex   2.928932e-01 2.233333e+01 2.928932e-01
      vertex   2.928932e-01 1.700000e+01 2.928932e-01
      vertex   1.339746e-01 2.233333e+01 5.000000e-01
    endloop
  endfacet
  facet normal -7.933533e-01 0.000000e+00 -6.087614e-01
    outer loop
      vertex   2.928932e-01 2.233333e+01 2.928932e-01
      vertex   1.339746e-01 2.233333e+01 5.000000e-01
      vertex   1.339746e-01 2.766667e+01 5.000000e-01
    endloop
  endfacet
  facet normal -9.238795e-01 -0.000000e+00 -3.826834e-01
    outer loop
      vertex   1.339746e-01 2.766667e+01 5.000000e-01
      vertex   1.339746e-01 2.233333e+01 5.000000e-01
      vertex   3.407417e-02 2.766667e+01 7.411810e-01
    endloop
  endfacet
  facet normal -9.238795e-01 2.242727e-17 -3.826834e-01
    outer loop
      vertex   1.339746e-01 2.766667e+01 5.000000e-01
      vertex   3.407417e-02 2.766667e+01 7.411810e-01
      vertex   3.407417e-02 3.300000e+01 7.411810e-01
    endloop
  endfacet
  facet normal -9.914449e-01 2.579824e-17 -1.305262e-01
    outer loop
      vertex   3.407417e-02 3.300000e+01 7.411810e-01
      vertex   3.407417e-02 2.766667e+01 7.411810e-01
      vertex   0.000000e+00 4.900000e+01 1.000000e+00
    endloop
  endfacet
  facet normal -6.087614e-01 -0.000000e+00 -7.933533e-01
    outer loop
      vertex   2.928932e-01 1.700000e+01 2.928932e-01
      vertex   5.000000e-01 1.166667e+01 1.339746e-01
      vertex   2.928932e-01 1.166667e+01 2.928932e-01
    endloop
  endfacet
  facet normal -3.826834e-01 0.000000e+00 -9.238795e-01
    outer loop
      vertex   7.411810e-01 3.300000e+01 3.407417e-02
      vertex   5.000000e-01 3.300000e+01 1.339746e-01
      vertex   5.000000e-01 3.833333e+01 1.339746e-01
    endloop
  endfacet
  facet normal -6.087614e-01 -0.000000e+00 -7.933533e-01
    outer loop
      vertex   5.000000e-01 3.833333e+01 1.339746e-01
      vertex   5.000000e-01 3.300000e+01 1.339746e-01
      vertex   2.928932e-01 3.833333e+01 2.928932e-01
    endloop
  endfacet
  facet normal -6.087614e-01 0.000000e+00 -7.933533e-01
    outer loop
      vertex   5.000000e-01 3.833333e+01 1.339746e-01
      vertex   2.928932e-01 3.833333e+01 2.928932e-01
      vertex   2.928932e-01 4.366667e+01 2.928932e-01
    endloop
  endfacet
  facet normal -7.933533e-01 -0.000000e+00 -6.087614e-01
    outer loop
      vertex   2.928932e-01 4.366667e+01 2.928932e-01
      vertex   2.928932e-01 3.833333e+01 2.928932e-01
      vertex   1.339746e-01 4.366667e+01 5.000000e-01
    endloop
  endfacet
  facet normal -6.087614e-01 -0.000000e+00 -7.933533e-01
    outer loop
      vertex   2.928932e-01 3.833333e+01 2.928932e-01
      vertex   5.000000e-01 3.300000e+01 1.339746e-01
      vertex   2.928932e-01 3.300000e+01 2.928932e-01
    endloop
  endfacet
  facet normal -7.933533e-01 -0.000000e+00 -6.087614e-01
    outer loop
      vertex   2.928932e-01 1.700000e+01 2.928932e-01
      vertex   2.928932e-01 1.166667e+01 2.928932e-01
      vertex   1.339746e-01 1.700000e+01 5.000000e-01
    endloop
  endfacet
  facet normal -7.933533e-01 -0.000000e+00 -6.087614e-01
    outer loop
      vertex   1.339746e-01 1.700000e+01 5.000000e-01
      vertex   2.928932e-01 1.166667e+01 2.928932e-01
      vertex   1.339746e-01 1.166667e+01 5.000000e-01
    endloop
  endfacet
  facet normal -9.238795e-01 -0.000000e+00 -3.826834e-01
    outer loop
      vertex   1.339746e-01 1.700000e+01 5.000000e-01
      vertex   1.339746e-01 1.166667e+01 5.000000e-01
      vertex   3.407417e-02 1.700000e+01 7.411810e-01
    endloop
  endfacet
  facet normal -7.933533e-01 -0.000000e+00 -6.087614e-01
    outer loop
      vertex   2.928932e-01 3.833333e+01 2.928932e-01
      vertex   2.928932e-01 3.300000e+01 2.928932e-01
      vertex   1.339746e-01 3.833333e+01 5.000000e-01
    endloop
  endfacet
  facet normal -7.933533e-01 -0.000000e+00 -6.087614e-01
    outer loop
      vertex   1.339746e-01 3.833333e+01 5.000000e-01
      vertex   2.928932e-01 3.300000e+01 2.928932e-01
      vertex   1.339746e-01 3.300000e+01 5.000000e-01
    endloop
  endfacet
  facet normal -9.238795e-01 -0.000000e+00 -3.826834e-01
    outer loop
      vertex   1.339746e-01 3.833333e+01 5.000000e-01
      vertex   1.339746e-01 3.300000e+01 5.000000e-01
      vertex   3.407417e-02 3.833333e+01 7.411810e-01
    endloop
  endfacet
  facet normal -9.238795e-01 -0.000000e+00 -3.826834e-01
    outer loop
      vertex   3.407417e-02 1.166667e+01 7.411810e-01
      vertex   1.339746e-01 6.333333e+00 5.000000e-01
      vertex   3.407417e-02 6.333333e+00 7.411810e-01
    endloop
  endfacet
  facet normal -7.933533e-01 0.000000e+00 -6.087614e-01
    outer loop
      vertex   2.928932e-01 1.700000e+01 2.928932e-01
      vertex   1.339746e-01 1.700000e+01 5.000000e-01
      vertex   1.339746e-01 2.233333e+01 5.000000e-01
    endloop
  endfacet
  facet normal -9.238795e-01 -0.000000e+00 -3.826834e-01
    outer loop
      vertex   1.339746e-01 2.233333e+01 5.000000e-01
      vertex   1.339746e-01 1.700000e+01 5.000000e-01
      vertex   3.407417e-02 2.233333e+01 7.411810e-01
    endloop
  endfacet
  facet normal -9.238795e-01 0.000000e+00 -3.826834e-01
    outer loop
      vertex   1.339746e-01 2.233333e+01 5.000000e-01
      vertex   3.407417e-02 2.233333e+01 7.411810e-01
      vertex   3.407417e-02 2.766667e+01 7.411810e-01
    endloop
  endfacet
  facet normal -9.914449e-01 -0.000000e+00 -1.305262e-01
    outer loop
      vertex   3.407417e-02 2.766667e+01 7.411810e-01
      vertex   3.407417e-02 2.233333e+01 7.411810e-01
      vertex   0.000000e+00 4.900000e+01 1.000000e+00
    endloop
  endfacet
  facet normal -9.238795e-01 -0.000000e+00 -3.826834e-01
    outer loop
      vertex   3.407417e-02 2.233333e+01 7.411810e-01
      vertex   1.339746e-01 1.700000e+01 5.000000e-01
      vertex   3.407417e-02 1.700000e+01 7.411810e-01
    endloop
  endfacet
  facet normal -9.238795e-01 0.000000e+00 -3.826834e-01
    outer loop
      vertex   3.407417e-02 4.366667e+01 7.411810e-01
      vertex   1.339746e-01 4.366667e+01 5.000000e-01
      vertex   1.339746e-01 3.833333e+01 5.000000e-01
    endloop
  endfacet
  facet normal -7.933533e-01 0.000000e+00 -6.087614e-01
    outer loop
      vertex   1.339746e-01 3.833333e+01 5.000000e-01
      vertex   1.339746e-01 4.366667e+01 5.000000e-01
      vertex   2.928932e-01 3.833333e+01 2.928932e-01
    endloop
  endfacet
  facet normal -9.238795e-01 -0.000000e+00 -3.826834e-01
    outer loop
      vertex   3.407417e-02 4.366667e+01 7.411810e-01
      vertex   1.339746e-01 3.833333e+01 5.000000e-01
      vertex   3.407417e-02 3.833333e+01 7.411810e-01
    endloop
  endfacet
  facet normal -9.914449e-01 0.000000e+00 -1.305262e-01
    outer loop
      vertex   0.000000e+00 1.000000e+00 1.000000e+00
      vertex   3.407417e-02 1.166667e+01 7.411810e-01
      vertex   3.407417e-02 6.333333e+00 7.411810e-01
    endloop
  endfacet
  facet normal 2.456975e-17 -1.305262e-01 -9.914449e-01
    outer loop
      vertex   2.900000e+01 7.411810e-01 3.407417e-02
      vertex   2.340000e+01 7.411810e-01 3.407417e-02
      vertex   2.900000e+01 1.000000e+00 0.000000e+00
    endloop
  endfacet
  facet normal -2.491919e-17 -1.305262e-01 -9.914449e-01
    outer loop
      vertex   2.900000e+01 1.000000e+00 0.000000e+00
      vertex   2.340000e+01 7.411810e-01 3.407417e-02
      vertex   1.780000e+01 7.411810e-01 3.407417e-02
    endloop
  endfacet
  facet normal 0.000000e+00 -1.305262e-01 -9.914449e-01
    outer loop
      vertex   2.900000e+01 1.000000e+00 0.000000e+00
      vertex   1.780000e+01 7.411810e-01 3.407417e-02
      vertex   1.220000e+01 7.411810e-01 3.407417e-02
    endloop
  endfacet
  facet normal 0.000000e+00 -3.826834e-01 -9.238795e-01
    outer loop
      vertex   1.220000e+01 7.411810e-01 3.407417e-02
      vertex   1.780000e+01 7.411810e-01 3.407417e-02
      vertex   1.220000e+01 5.000000e-01 1.339746e-01
    endloop
  endfacet
  facet normal 0.000000e+00 -3.826834e-01 -9.238795e-01
    outer loop
      vertex   1.220000e+01 7.411810e-01 3.407417e-02
      vertex   1.220000e+01 5.000000e-01 1.339746e-01
      vertex   6.600000e+00 5.000000e-01 1.339746e-01
    endloop
  endfacet
  facet normal 0.000000e+00 -6.087614e-01 -7.933533e-01
    outer loop
      vertex   6.600000e+00 5.000000e-01 1.339746e-01
      vertex   1.220000e+01 5.000000e-01 1.339746e-01
      vertex   6.600000e+00 2.928932e-01 2.928932e-01
    endloop
  endfacet
  facet normal 1.518884e-16 -6.087614e-01 -7.933533e-01
    outer loop
      vertex   6.600000e+00 5.000000e-01 1.339746e-01
      vertex   6.600000e+00 2.928932e-01 2.928932e-01
      vertex   1.000000e+00 2.928932e-01 2.928932e-01
    endloop
  endfacet
  facet normal 1.510565e-16 -7.933533e-01 -6.087614e-01
    outer loop
      vertex   1.000000e+00 2.928932e-01 2.928932e-01
      vertex   6.600000e+00 2.928932e-01 2.928932e-01
      vertex   1.000000e+00 1.339746e-01 5.000000e-01
    endloop
  endfacet
  facet normal 1.345103e-16 -7.933533e-01 -6.087614e-01
    outer loop
      vertex   1.000000e+00 1.339746e-01 5.000000e-01
      vertex   6.600000e+00 2.928932e-01 2.928932e-01
      vertex   6.600000e+00 1.339746e-01 5.000000e-01
    endloop
  endfacet
  facet normal 1.372374e-16 -9.238795e-01 -3.826834e-01
    outer loop
      vertex   1.000000e+00 1.339746e-01 5.000000e-01
      vertex   6.600000e+00 1.339746e-01 5.000000e-01
      vertex   1.000000e+00 3.407417e-02 7.411810e-01
    endloop
  endfacet
  facet normal 1.602676e-16 -9.238795e-01 -3.826834e-01
    outer loop
      vertex   1.000000e+00 3.407417e-02 7.411810e-01
      vertex   6.600000e+00 1.339746e-01 5.000000e-01
      vertex   6.600000e+00 3.407417e-02 7.411810e-01
    endloop
  endfacet
  facet normal 1.719883e-16 -9.914449e-01 -1.305262e-01
    outer loop
      vertex   1.000000e+00 3.407417e-02 7.411810e-01
      vertex   6.600000e+00 3.407417e-02 7.411810e-01
      vertex   1.000000e+00 0.000000e+00 1.000000e+00
    endloop
  endfacet
  facet normal 0.000000e+00 -9.914449e-01 -1.305262e-01
    outer loop
      vertex   1.000000e+00 0.000000e+00 1.000000e+00
      vertex   6.600000e+00 3.407417e-02 7.411810e-01
      vertex   1.220000e+01 3.407417e-02 7.411810e-01
    endloop
  endfacet
  facet normal 0.000000e+00 -9.914449e-01 -1.305262e-01
    outer loop
      vertex   1.000000e+00 0.000000e+00 1.000000e+00
      vertex   1.220000e+01 3.407417e-02 7.411810e-01
      vertex   1.780000e+01 3.407417e-02 7.411810e-01
    endloop
  endfacet
  facet normal -0.000000e+00 -9.238795e-01 -3.826834e-01
    outer loop
      vertex   1.780000e+01 3.407417e-02 7.411810e-01
      vertex   1.220000e+01 3.407417e-02 7.411810e-01
      vertex   1.780000e+01 1.339746e-01 5.000000e-01
    endloop
  endfacet
  facet normal 2.373256e-17 -9.238795e-01 -3.826834e-01
    outer loop
      vertex   1.780000e+01 3.407417e-02 7.411810e-01
      vertex   1.780000e+01 1.339746e-01 5.000000e-01
      vertex   2.340000e+01 1.339746e-01 5.000000e-01
    endloop
  endfacet
  facet normal 1.966070e-17 -7.933533e-01 -6.087614e-01
    outer loop
      vertex   2.340000e+01 1.339746e-01 5.000000e-01
      vertex   1.780000e+01 1.339746e-01 5.000000e-01
      vertex   2.340000e+01 2.928932e-01 2.928932e-01
    endloop
  endfacet
  facet normal -9.493023e-18 -7.933533e-01 -6.087614e-01
    outer loop
      vertex   2.340000e+01 1.339746e-01 5.000000e-01
      vertex   2.340000e+01 2.928932e-01 2.928932e-01
      vertex   2.900000e+01 2.928932e-01 2.928932e-01
    endloop
  endfacet
  facet normal -1.572856e-17 -6.087614e-01 -7.933533e-01
    outer loop
      vertex   2.900000e+01 2.928932e-01 2.928932e-01
      vertex   2.340000e+01 2.928932e-01 2.928932e-01
      vertex   2.900000e+01 5.000000e-01 1.339746e-01
    endloop
  endfacet
  facet normal -0.000000e+00 -6.087614e-01 -7.933533e-01
    outer loop
      vertex   2.900000e+01 5.000000e-01 1.339746e-01
      vertex   2.340000e+01 2.928932e-01 2.928932e-01
      vertex   2.340000e+01 5.000000e-01 1.339746e-01
    endloop
  endfacet
  facet normal -0.000000e+00 -3.826834e-01 -9.238795e-01
    outer loop
      vertex   2.900000e+01 5.000000e-01 1.339746e-01
      vertex   2.340000e+01 5.000000e-01 1.339746e-01
      vertex   2.900000e+01 7.411810e-01 3.407417e-02
    endloop
  endfacet
  facet normal 2.289536e-17 -3.826834e-01 -9.238795e-01
    outer loop
      vertex   2.900000e+01 7.411810e-01 3.407417e-02
      vertex   2.340000e+01 5.000000e-01 1.339746e-01
      vertex   2.340000e+01 7.411810e-01 3.407417e-02
    endloop
  endfacet
  facet normal -9.493023e-18 -7.933533e-01 -6.087614e-01
    outer loop
      vertex   2.900000e+01 2.928932e-01 2.928932e-01
      vertex   2.900000e+01 1.339746e-01 5.000000e-01
      vertex   2.340000e+01 1.339746e-01 5.000000e-01
    endloop
  endfacet
  facet normal -7.586856e-18 -9.238795e-01 -3.826834e-01
    outer loop
      vertex   2.340000e+01 1.339746e-01 5.000000e-01
      vertex   2.900000e+01 1.339746e-01 5.000000e-01
      vertex   2.340000e+01 3.407417e-02 7.411810e-01
    endloop
  endfacet
  facet normal -2.135930e-17 -9.238795e-01 -3.826834e-01
    outer loop
      vertex   2.340000e+01 1.339746e-01 5.000000e-01
      vertex   2.340000e+01 3.407417e-02 7.411810e-01
      vertex   1.780000e+01 3.407417e-02 7.411810e-01
    endloop
  endfacet
  facet normal -2.456975e-17 -9.914449e-01 -1.305262e-01
    outer loop
      vertex   1.780000e+01 3.407417e-02 7.411810e-01
      vertex   2.340000e+01 3.407417e-02 7.411810e-01
      vertex   2.900000e+01 0.000000e+00 1.000000e+00
    endloop
  endfacet
  facet normal 0.000000e+00 -9.914449e-01 -1.305262e-01
    outer loop
      vertex   1.780000e+01 3.407417e-02 7.411810e-01
      vertex   2.900000e+01 0.000000e+00 1.000000e+00
      vertex   1.000000e+00 0.000000e+00 1.000000e+00
    endloop
  endfacet
  facet normal 2.135930e-17 -9.238795e-01 -3.826834e-01
    outer loop
      vertex   2.900000e+01 1.339746e-01 5.000000e-01
      vertex   2.900000e+01 3.407417e-02 7.411810e-01
      vertex   2.340000e+01 3.407417e-02 7.411810e-01
    endloop
  endfacet
  facet normal 2.456975e-17 -9.914449e-01 -1.305262e-01
    outer loop
      vertex   2.340000e+01 3.407417e-02 7.411810e-01
      vertex   2.900000e+01 3.407417e-02 7.411810e-01
      vertex   2.900000e+01 0.000000e+00 1.000000e+00
    endloop
  endfacet
  facet normal 1.329023e-16 -6.087614e-01 -7.933533e-01
    outer loop
      vertex   1.000000e+00 2.928932e-01 2.928932e-01
      vertex   1.000000e+00 5.000000e-01 1.339746e-01
      vertex   6.600000e+00 5.000000e-01 1.339746e-01
    endloop
  endfacet
  facet normal 1.372374e-16 -3.826834e-01 -9.238795e-01
    outer loop
      vertex   6.600000e+00 5.000000e-01 1.339746e-01
      vertex   1.000000e+00 5.000000e-01 1.339746e-01
      vertex   6.600000e+00 7.411810e-01 3.407417e-02
    endloop
  endfacet
  facet normal -9.493023e-18 -3.826834e-01 -9.238795e-01
    outer loop
      vertex   6.600000e+00 5.000000e-01 1.339746e-01
      vertex   6.600000e+00 7.411810e-01 3.407417e-02
      vertex   1.220000e+01 7.411810e-01 3.407417e-02
    endloop
  endfacet
  facet normal -1.939428e-17 -1.305262e-01 -9.914449e-01
    outer loop
      vertex   1.220000e+01 7.411810e-01 3.407417e-02
      vertex   6.600000e+00 7.411810e-01 3.407417e-02
      vertex   1.000000e+00 1.000000e+00 0.000000e+00
    endloop
  endfacet
  facet normal 0.000000e+00 -1.305262e-01 -9.914449e-01
    outer loop
      vertex   1.220000e+01 7.411810e-01 3.407417e-02
      vertex   1.000000e+00 1.000000e+00 0.000000e+00
      vertex   2.900000e+01 1.000000e+00 0.000000e+00
    endloop
  endfacet
  facet normal 1.518884e-16 -3.826834e-01 -9.238795e-01
    outer loop
      vertex   1.000000e+00 5.000000e-01 1.339746e-01
      vertex   1.000000e+00 7.411810e-01 3.407417e-02
      vertex   6.600000e+00 7.411810e-01 3.407417e-02
    endloop
  endfacet
  facet normal 1.525940e-16 -1.305262e-01 -9.914449e-01
    outer loop
      vertex   6.600000e+00 7.411810e-01 3.407417e-02
      vertex   1.000000e+00 7.411810e-01 3.407417e-02
      vertex   1.000000e+00 1.000000e+00 0.000000e+00
    endloop
  endfacet
  facet normal -2.289536e-17 -3.826834e-01 -9.238795e-01
    outer loop
      vertex   1.780000e+01 7.411810e-01 3.407417e-02
      vertex   2.340000e+01 7.411810e-01 3.407417e-02
      vertex   1.780000e+01 5.000000e-01 1.339746e-01
    endloop
  endfacet
  facet normal 7.586856e-18 -3.826834e-01 -9.238795e-01
    outer loop
      vertex   1.780000e+01 5.000000e-01 1.339746e-01
      vertex   2.340000e+01 7.411810e-01 3.407417e-02
      vertex   2.340000e+01 5.000000e-01 1.339746e-01
    endloop
  endfacet
  facet normal 1.206895e-17 -6.087614e-01 -7.933533e-01
    outer loop
      vertex   1.780000e+01 5.000000e-01 1.339746e-01
      vertex   2.340000e+01 5.000000e-01 1.339746e-01
      vertex   1.780000e+01 2.928932e-01 2.928932e-01
    endloop
  endfacet
  facet normal 0.000000e+00 -6.087614e-01 -7.933533e-01
    outer loop
      vertex   1.780000e+01 2.928932e-01 2.928932e-01
      vertex   2.340000e+01 5.000000e-01 1.339746e-01
      vertex   2.340000e+01 2.928932e-01 2.928932e-01
    endloop
  endfacet
  facet normal 0.000000e+00 -7.933533e-01 -6.087614e-01
    outer loop
      vertex   1.780000e+01 2.928932e-01 2.928932e-01
      vertex   2.340000e+01 2.928932e-01 2.928932e-01
      vertex   1.780000e+01 1.339746e-01 5.000000e-01
    endloop
  endfacet
  facet normal -1.661279e-17 -3.826834e-01 -9.238795e-01
    outer loop
      vertex   1.780000e+01 7.411810e-01 3.407417e-02
      vertex   1.780000e+01 5.000000e-01 1.339746e-01
      vertex   1.220000e+01 5.000000e-01 1.339746e-01
    endloop
  endfacet
  facet normal -7.591750e-18 -6.087614e-01 -7.933533e-01
    outer loop
      vertex   1.220000e+01 5.000000e-01 1.339746e-01
      vertex   1.780000e+01 5.000000e-01 1.339746e-01
      vertex   1.220000e+01 2.928932e-01 2.928932e-01
    endloop
  endfacet
  facet normal 0.000000e+00 -6.087614e-01 -7.933533e-01
    outer loop
      vertex   1.220000e+01 5.000000e-01 1.339746e-01
      vertex   1.220000e+01 2.928932e-01 2.928932e-01
      vertex   6.600000e+00 2.928932e-01 2.928932e-01
    endloop
  endfacet
  facet normal 0.000000e+00 -7.933533e-01 -6.087614e-01
    outer loop
      vertex   6.600000e+00 2.928932e-01 2.928932e-01
      vertex   1.220000e+01 2.928932e-01 2.928932e-01
      vertex   6.600000e+00 1.339746e-01 5.000000e-01
    endloop
  endfacet
  facet normal 0.000000e+00 -6.087614e-01 -7.933533e-01
    outer loop
      vertex   1.220000e+01 2.928932e-01 2.928932e-01
      vertex   1.780000e+01 5.000000e-01 1.339746e-01
      vertex   1.780000e+01 2.928932e-01 2.928932e-01
    endloop
  endfacet
  facet normal 0.000000e+00 -7.933533e-01 -6.087614e-01
    outer loop
      vertex   1.220000e+01 2.928932e-01 2.928932e-01
      vertex   1.780000e+01 2.928932e-01 2.928932e-01
      vertex   1.220000e+01 1.339746e-01 5.000000e-01
    endloop
  endfacet
  facet normal 0.000000e+00 -7.933533e-01 -6.087614e-01
    outer loop
      vertex   1.220000e+01 1.339746e-01 5.000000e-01
      vertex   1.780000e+01 2.928932e-01 2.928932e-01
      vertex   1.780000e+01 1.339746e-01 5.000000e-01
    endloop
  endfacet
  facet normal 0.000000e+00 -9.238795e-01 -3.826834e-01
    outer loop
      vertex   1.220000e+01 1.339746e-01 5.000000e-01
      vertex   1.780000e+01 1.339746e-01 5.000000e-01
      vertex   1.220000e+01 3.407417e-02 7.411810e-01
    endloop
  endfacet
  facet normal 0.000000e+00 -9.238795e-01 -3.826834e-01
    outer loop
      vertex   6.600000e+00 3.407417e-02 7.411810e-01
      vertex   6.600000e+00 1.339746e-01 5.000000e-01
      vertex   1.220000e+01 1.339746e-01 5.000000e-01
    endloop
  endfacet
  facet normal -0.000000e+00 -7.933533e-01 -6.087614e-01
    outer loop
      vertex   1.220000e+01 1.339746e-01 5.000000e-01
      vertex   6.600000e+00 1.339746e-01 5.000000e-01
      vertex   1.220000e+01 2.928932e-01 2.928932e-01
    endloop
  endfacet
  facet normal 0.000000e+00 -9.238795e-01 -3.826834e-01
    outer loop
      vertex   6.600000e+00 3.407417e-02 7.411810e-01
      vertex   1.220000e+01 1.339746e-01 5.000000e-01
      vertex   1.220000e+01 3.407417e-02 7.411810e-01
    endloop
  endfacet
  facet normal -1.305262e-01 -9.914449e-01 -1.971984e-16
    outer loop
      vertex   7.411810e-01 3.407417e-02 1.400000e+01
      vertex   7.411810e-01 3.407417e-02 9.666667e+00
      vertex   1.000000e+00 0.000000e+00 1.400000e+01
    endloop
  endfacet
  facet normal -1.305262e-01 -9.914449e-01 0.000000e+00
    outer loop
      vertex   1.000000e+00 0.000000e+00 1.400000e+01
      vertex   7.411810e-01 3.407417e-02 9.666667e+00
      vertex   7.411810e-01 3.407417e-02 5.333333e+00
    endloop
  endfacet
  facet normal -1.305262e-01 -9.914449e-01 -2.229434e-18
    outer loop
      vertex   1.000000e+00 0.000000e+00 1.400000e+01
      vertex   7.411810e-01 3.407417e-02 5.333333e+00
      vertex   1.000000e+00 0.000000e+00 1.000000e+00
    endloop
  endfacet
  facet normal -1.305262e-01 -9.914449e-01 0.000000e+00
    outer loop
      vertex   1.000000e+00 0.000000e+00 1.000000e+00
      vertex   7.411810e-01 3.407417e-02 5.333333e+00
      vertex   7.411810e-01 3.407417e-02 1.000000e+00
    endloop
  endfacet
  facet normal -3.826834e-01 -9.238795e-01 0.000000e+00
    outer loop
      vertex   7.411810e-01 3.407417e-02 1.000000e+00
      vertex   7.411810e-01 3.407417e-02 5.333333e+00
      vertex   5.000000e-01 1.339746e-01 1.000000e+00
    endloop
  endfacet
  facet normal -3.826834e-01 -9.238795e-01 9.804553e-18
    outer loop
      vertex   5.000000e-01 1.339746e-01 1.000000e+00
      vertex   7.411810e-01 3.407417e-02 5.333333e+00
      vertex   5.000000e-01 1.339746e-01 5.333333e+00
    endloop
  endfacet
  facet normal -6.087614e-01 -7.933533e-01 1.559679e-17
    outer loop
      vertex   5.000000e-01 1.339746e-01 1.000000e+00
      vertex   5.000000e-01 1.339746e-01 5.333333e+00
      vertex   2.928932e-01 2.928932e-01 1.000000e+00
    endloop
  endfacet
  facet normal -6.087614e-01 -7.933533e-01 3.048920e-17
    outer loop
      vertex   2.928932e-01 2.928932e-01 1.000000e+00
      vertex   5.000000e-01 1.339746e-01 5.333333e+00
      vertex   2.928932e-01 2.928932e-01 5.333333e+00
    endloop
  endfacet
  facet normal -7.933533e-01 -6.087614e-01 2.339519e-17
    outer loop
      vertex   2.928932e-01 2.928932e-01 1.000000e+00
      vertex   2.928932e-01 2.928932e-01 5.333333e+00
      vertex   1.339746e-01 5.000000e-01 1.000000e+00
    endloop
  endfacet
  facet normal -7.933533e-01 -6.087614e-01 4.100446e-17
    outer loop
      vertex   1.339746e-01 5.000000e-01 1.000000e+00
      vertex   2.928932e-01 2.928932e-01 5.333333e+00
      vertex   1.339746e-01 5.000000e-01 5.333333e+00
    endloop
  endfacet
  facet normal -9.238795e-01 -3.826834e-01 3.939241e-17
    outer loop
      vertex   1.339746e-01 5.000000e-01 1.000000e+00
      vertex   1.339746e-01 5.000000e-01 5.333333e+00
      vertex   3.407417e-02 7.411810e-01 1.000000e+00
    endloop
  endfacet
  facet normal -9.238795e-01 -3.826834e-01 -2.958786e-17
    outer loop
      vertex   3.407417e-02 7.411810e-01 1.000000e+00
      vertex   1.339746e-01 5.000000e-01 5.333333e+00
      vertex   3.407417e-02 7.411810e-01 5.333333e+00
    endloop
  endfacet
  facet normal -9.914449e-01 -1.305262e-01 -3.175168e-17
    outer loop
      vertex   3.407417e-02 7.411810e-01 1.000000e+00
      vertex   3.407417e-02 7.411810e-01 5.333333e+00
      vertex   0.000000e+00 1.000000e+00 1.000000e+00
    endloop
  endfacet
  facet normal -9.914449e-01 -1.305262e-01 0.000000e+00
    outer loop
      vertex   0.000000e+00 1.000000e+00 1.000000e+00
      vertex   3.407417e-02 7.411810e-01 5.333333e+00
      vertex   3.407417e-02 7.411810e-01 9.666667e+00
    endloop
  endfacet
  facet normal -9.914449e-01 -1.305262e-01 0.000000e+00
    outer loop
      vertex   0.000000e+00 1.000000e+00 1.000000e+00
      vertex   3.407417e-02 7.411810e-01 9.666667e+00
      vertex   0.000000e+00 1.000000e+00 1.400000e+01
    endloop
  endfacet
  facet normal -9.914449e-01 -1.305262e-01 -1.640833e-16
    outer loop
      vertex   0.000000e+00 1.000000e+00 1.400000e+01
      vertex   3.407417e-02 7.411810e-01 9.666667e+00
      vertex   3.407417e-02 7.411810e-01 1.400000e+01
    endloop
  endfacet
  facet normal -9.238795e-01 -3.826834e-01 -1.675484e-16
    outer loop
      vertex   3.407417e-02 7.411810e-01 1.400000e+01
      vertex   3.407417e-02 7.411810e-01 9.666667e+00
      vertex   1.339746e-01 5.000000e-01 1.400000e+01
    endloop
  endfacet
  facet normal -9.238795e-01 -3.826834e-01 -2.167453e-16
    outer loop
      vertex   1.339746e-01 5.000000e-01 1.400000e+01
      vertex   3.407417e-02 7.411810e-01 9.666667e+00
      vertex   1.339746e-01 5.000000e-01 9.666667e+00
    endloop
  endfacet
  facet normal -7.933533e-01 -6.087614e-01 -2.148332e-16
    outer loop
      vertex   1.339746e-01 5.000000e-01 1.400000e+01
      vertex   1.339746e-01 5.000000e-01 9.666667e+00
      vertex   2.928932e-01 2.928932e-01 1.400000e+01
    endloop
  endfacet
  facet normal -7.933533e-01 -6.087614e-01 -1.867086e-16
    outer loop
      vertex   2.928932e-01 2.928932e-01 1.400000e+01
      vertex   1.339746e-01 5.000000e-01 9.666667e+00
      vertex   2.928932e-01 2.928932e-01 9.666667e+00
    endloop
  endfacet
  facet normal -6.087614e-01 -7.933533e-01 -1.725206e-16
    outer loop
      vertex   2.928932e-01 2.928932e-01 1.400000e+01
      vertex   2.928932e-01 2.928932e-01 9.666667e+00
      vertex   5.000000e-01 1.339746e-01 1.400000e+01
    endloop
  endfacet
  facet normal -6.087614e-01 -7.933533e-01 -1.972239e-16
    outer loop
      vertex   5.000000e-01 1.339746e-01 1.400000e+01
      vertex   2.928932e-01 2.928932e-01 9.666667e+00
      vertex   5.000000e-01 1.339746e-01 9.666667e+00
    endloop
  endfacet
  facet normal -3.826834e-01 -9.238795e-01 -1.920598e-16
    outer loop
      vertex   5.000000e-01 1.339746e-01 1.400000e+01
      vertex   5.000000e-01 1.339746e-01 9.666667e+00
      vertex   7.411810e-01 3.407417e-02 1.400000e+01
    endloop
  endfacet
  facet normal -3.826834e-01 -9.238795e-01 -1.971362e-16
    outer loop
      vertex   7.411810e-01 3.407417e-02 1.400000e+01
      vertex   5.000000e-01 1.339746e-01 9.666667e+00
      vertex   7.411810e-01 3.407417e-02 9.666667e+00
    endloop
  endfacet
  facet normal -3.826834e-01 -9.238795e-01 0.000000e+00
    outer loop
      vertex   5.000000e-01 1.339746e-01 5.333333e+00
      vertex   7.411810e-01 3.407417e-02 5.333333e+00
      vertex   7.411810e-01 3.407417e-02 9.666667e+00
    endloop
  endfacet
  facet normal -3.826834e-01 -9.238795e-01 -4.902276e-18
    outer loop
      vertex   5.000000e-01 1.339746e-01 5.333333e+00
      vertex   7.411810e-01 3.407417e-02 9.666667e+00
      vertex   5.000000e-01 1.339746e-01 9.666667e+00
    endloop
  endfacet
  facet normal -6.087614e-01 -7.933533e-01 -6.133954e-18
    outer loop
      vertex   2.928932e-01 2.928932e-01 5.333333e+00
      vertex   5.000000e-01 1.339746e-01 5.333333e+00
      vertex   5.000000e-01 1.339746e-01 9.666667e+00
    endloop
  endfacet
  facet normal -6.087614e-01 -7.933533e-01 0.000000e+00
    outer loop
      vertex   2.928932e-01 2.928932e-01 5.333333e+00
      vertex   5.000000e-01 1.339746e-01 9.666667e+00
      vertex   2.928932e-01 2.928932e-01 9.666667e+00
    endloop
  endfacet
  facet normal -7.933533e-01 -6.087614e-01 0.000000e+00
    outer loop
      vertex   1.339746e-01 5.000000e-01 5.333333e+00
      vertex   2.928932e-01 2.928932e-01 5.333333e+00
      vertex   2.928932e-01 2.928932e-01 9.666667e+00
    endloop
  endfacet
  facet normal -7.933533e-01 -6.087614e-01 0.000000e+00
    outer loop
      vertex   1.339746e-01 5.000000e-01 5.333333e+00
      vertex   2.928932e-01 2.928932e-01 9.666667e+00
      vertex   1.339746e-01 5.000000e-01 9.666667e+00
    endloop
  endfacet
  facet normal -9.238795e-01 -3.826834e-01 0.000000e+00
    outer loop
      vertex   3.407417e-02 7.411810e-01 5.333333e+00
      vertex   1.339746e-01 5.000000e-01 5.333333e+00
      vertex   1.339746e-01 5.000000e-01 9.666667e+00
    endloop
  endfacet
  facet normal -9.238795e-01 -3.826834e-01 0.000000e+00
    outer loop
      vertex   3.407417e-02 7.411810e-01 5.333333e+00
      vertex   1.339746e-01 5.000000e-01 9.666667e+00
      vertex   3.407417e-02 7.411810e-01 9.666667e+00
    endloop
  endfacet
  facet normal 1.305262e-01 -2.579824e-17 -9.914449e-01
    outer loop
      vertex   2.925882e+01 4.900000e+01 3.407417e-02
      vertex   2.925882e+01 4.366667e+01 3.407417e-02
      vertex   2.900000e+01 4.900000e+01 0.000000e+00
    endloop
  endfacet
  facet normal 1.305262e-01 0.000000e+00 -9.914449e-01
    outer loop
      vertex   2.900000e+01 4.900000e+01 0.000000e+00
      vertex   2.925882e+01 4.366667e+01 3.407417e-02
      vertex   2.925882e+01 3.833333e+01 3.407417e-02
    endloop
  endfacet
  facet normal 1.305262e-01 0.000000e+00 -9.914449e-01
    outer loop
      vertex   2.900000e+01 4.900000e+01 0.000000e+00
      vertex   2.925882e+01 3.833333e+01 3.407417e-02
      vertex   2.925882e+01 3.300000e+01 3.407417e-02
    endloop
  endfacet
  facet normal 3.826834e-01 0.000000e+00 -9.238795e-01
    outer loop
      vertex   2.925882e+01 3.300000e+01 3.407417e-02
      vertex   2.925882e+01 3.833333e+01 3.407417e-02
      vertex   2.950000e+01 3.300000e+01 1.339746e-01
    endloop
  endfacet
  facet normal 3.826834e-01 -4.734645e-17 -9.238795e-01
    outer loop
      vertex   2.925882e+01 3.300000e+01 3.407417e-02
      vertex   2.950000e+01 3.300000e+01 1.339746e-01
      vertex   2.950000e+01 2.766667e+01 1.339746e-01
    endloop
  endfacet
  facet normal 6.087614e-01 -4.128746e-17 -7.933533e-01
    outer loop
      vertex   2.950000e+01 2.766667e+01 1.339746e-01
      vertex   2.950000e+01 3.300000e+01 1.339746e-01
      vertex   2.970711e+01 2.766667e+01 2.928932e-01
    endloop
  endfacet
  facet normal 6.087614e-01 0.000000e+00 -7.933533e-01
    outer loop
      vertex   2.950000e+01 2.766667e+01 1.339746e-01
      vertex   2.970711e+01 2.766667e+01 2.928932e-01
      vertex   2.970711e+01 2.233333e+01 2.928932e-01
    endloop
  endfacet
  facet normal 7.933533e-01 0.000000e+00 -6.087614e-01
    outer loop
      vertex   2.970711e+01 2.233333e+01 2.928932e-01
      vertex   2.970711e+01 2.766667e+01 2.928932e-01
      vertex   2.986603e+01 2.233333e+01 5.000000e-01
    endloop
  endfacet
  facet normal 7.933533e-01 0.000000e+00 -6.087614e-01
    outer loop
      vertex   2.970711e+01 2.233333e+01 2.928932e-01
      vertex   2.986603e+01 2.233333e+01 5.000000e-01
      vertex   2.986603e+01 1.700000e+01 5.000000e-01
    endloop
  endfacet
  facet normal 9.238795e-01 0.000000e+00 -3.826834e-01
    outer loop
      vertex   2.986603e+01 1.700000e+01 5.000000e-01
      vertex   2.986603e+01 2.233333e+01 5.000000e-01
      vertex   2.996593e+01 1.700000e+01 7.411810e-01
    endloop
  endfacet
  facet normal 9.238795e-01 -1.744343e-17 -3.826834e-01
    outer loop
      vertex   2.986603e+01 1.700000e+01 5.000000e-01
      vertex   2.996593e+01 1.700000e+01 7.411810e-01
      vertex   2.996593e+01 1.166667e+01 7.411810e-01
    endloop
  endfacet
  facet normal 9.914449e-01 -5.434244e-18 -1.305262e-01
    outer loop
      vertex   2.996593e+01 1.166667e+01 7.411810e-01
      vertex   2.996593e+01 1.700000e+01 7.411810e-01
      vertex   3.000000e+01 1.000000e+00 1.000000e+00
    endloop
  endfacet
  facet normal 9.914449e-01 -2.717122e-18 -1.305262e-01
    outer loop
      vertex   2.996593e+01 1.166667e+01 7.411810e-01
      vertex   3.000000e+01 1.000000e+00 1.000000e+00
      vertex   2.996593e+01 6.333333e+00 7.411810e-01
    endloop
  endfacet
  facet normal 9.914449e-01 6.740206e-16 -1.305262e-01
    outer loop
      vertex   2.996593e+01 6.333333e+00 7.411810e-01
      vertex   3.000000e+01 1.000000e+00 1.000000e+00
      vertex   2.996593e+01 1.000000e+00 7.411810e-01
    endloop
  endfacet
  facet normal 9.238795e-01 6.552584e-16 -3.826834e-01
    outer loop
      vertex   2.996593e+01 6.333333e+00 7.411810e-01
      vertex   2.996593e+01 1.000000e+00 7.411810e-01
      vertex   2.986603e+01 6.333333e+00 5.000000e-01
    endloop
  endfacet
  facet normal 9.238795e-01 -3.983100e-18 -3.826834e-01
    outer loop
      vertex   2.986603e+01 6.333333e+00 5.000000e-01
      vertex   2.996593e+01 1.000000e+00 7.411810e-01
      vertex   2.986603e+01 1.000000e+00 5.000000e-01
    endloop
  endfacet
  facet normal 7.933533e-01 -6.336196e-18 -6.087614e-01
    outer loop
      vertex   2.986603e+01 6.333333e+00 5.000000e-01
      vertex   2.986603e+01 1.000000e+00 5.000000e-01
      vertex   2.970711e+01 6.333333e+00 2.928932e-01
    endloop
  endfacet
  facet normal 7.933533e-01 -5.068957e-17 -6.087614e-01
    outer loop
      vertex   2.970711e+01 6.333333e+00 2.928932e-01
      vertex   2.986603e+01 1.000000e+00 5.000000e-01
      vertex   2.970711e+01 1.000000e+00 2.928932e-01
    endloop
  endfacet
  facet normal 6.087614e-01 -6.605994e-17 -7.933533e-01
    outer loop
      vertex   2.970711e+01 6.333333e+00 2.928932e-01
      vertex   2.970711e+01 1.000000e+00 2.928932e-01
      vertex   2.950000e+01 6.333333e+00 1.339746e-01
    endloop
  endfacet
  facet normal 6.087614e-01 2.270810e-16 -7.933533e-01
    outer loop
      vertex   2.950000e+01 6.333333e+00 1.339746e-01
      vertex   2.970711e+01 1.000000e+00 2.928932e-01
      vertex   2.950000e+01 1.000000e+00 1.339746e-01
    endloop
  endfacet
  facet normal 3.826834e-01 2.644415e-16 -9.238795e-01
    outer loop
      vertex   2.950000e+01 6.333333e+00 1.339746e-01
      vertex   2.950000e+01 1.000000e+00 1.339746e-01
      vertex   2.925882e+01 6.333333e+00 3.407417e-02
    endloop
  endfacet
  facet normal 3.826834e-01 1.442408e-16 -9.238795e-01
    outer loop
      vertex   2.925882e+01 6.333333e+00 3.407417e-02
      vertex   2.950000e+01 1.000000e+00 1.339746e-01
      vertex   2.925882e+01 1.000000e+00 3.407417e-02
    endloop
  endfacet
  facet normal 1.305262e-01 1.547894e-16 -9.914449e-01
    outer loop
      vertex   2.925882e+01 6.333333e+00 3.407417e-02
      vertex   2.925882e+01 1.000000e+00 3.407417e-02
      vertex   2.900000e+01 1.000000e+00 0.000000e+00
    endloop
  endfacet
  facet normal 3.826834e-01 -2.404013e-17 -9.238795e-01
    outer loop
      vertex   2.925882e+01 4.366667e+01 3.407417e-02
      vertex   2.925882e+01 4.900000e+01 3.407417e-02
      vertex   2.950000e+01 4.366667e+01 1.339746e-01
    endloop
  endfacet
  facet normal 3.826834e-01 7.212040e-17 -9.238795e-01
    outer loop
      vertex   2.950000e+01 4.366667e+01 1.339746e-01
      vertex   2.925882e+01 4.900000e+01 3.407417e-02
      vertex   2.950000e+01 4.900000e+01 1.339746e-01
    endloop
  endfacet
  facet normal 6.087614e-01 6.193119e-17 -7.933533e-01
    outer loop
      vertex   2.950000e+01 4.366667e+01 1.339746e-01
      vertex   2.950000e+01 4.900000e+01 1.339746e-01
      vertex   2.970711e+01 4.366667e+01 2.928932e-01
    endloop
  endfacet
  facet normal 6.087614e-01 1.073474e-16 -7.933533e-01
    outer loop
      vertex   2.970711e+01 4.366667e+01 2.928932e-01
      vertex   2.950000e+01 4.900000e+01 1.339746e-01
      vertex   2.970711e+01 4.900000e+01 2.928932e-01
    endloop
  endfacet
  facet normal 7.933533e-01 8.237055e-17 -6.087614e-01
    outer loop
      vertex   2.970711e+01 4.366667e+01 2.928932e-01
      vertex   2.970711e+01 4.900000e+01 2.928932e-01
      vertex   2.986603e+01 4.366667e+01 5.000000e-01
    endloop
  endfacet
  facet normal 7.933533e-01 1.267239e-17 -6.087614e-01
    outer loop
      vertex   2.986603e+01 4.366667e+01 5.000000e-01
      vertex   2.970711e+01 4.900000e+01 2.928932e-01
      vertex   2.986603e+01 4.900000e+01 5.000000e-01
    endloop
  endfacet
  facet normal 9.238795e-01 7.966199e-18 -3.826834e-01
    outer loop
      vertex   2.986603e+01 4.366667e+01 5.000000e-01
      vertex   2.986603e+01 4.900000e+01 5.000000e-01
      vertex   2.996593e+01 4.366667e+01 7.411810e-01
    endloop
  endfacet
  facet normal 9.238795e-01 1.593240e-17 -3.826834e-01
    outer loop
      vertex   2.996593e+01 4.366667e+01 7.411810e-01
      vertex   2.986603e+01 4.900000e+01 5.000000e-01
      vertex   2.996593e+01 4.900000e+01 7.411810e-01
    endloop
  endfacet
  facet normal 9.914449e-01 5.434244e-18 -1.305262e-01
    outer loop
      vertex   2.996593e+01 4.366667e+01 7.411810e-01
      vertex   2.996593e+01 4.900000e+01 7.411810e-01
      vertex   3.000000e+01 4.900000e+01 1.000000e+00
    endloop
  endfacet
  facet normal 9.914449e-01 0.000000e+00 -1.305262e-01
    outer loop
      vertex   3.000000e+01 1.000000e+00 1.000000e+00
      vertex   2.996593e+01 2.766667e+01 7.411810e-01
      vertex   3.000000e+01 4.900000e+01 1.000000e+00
    endloop
  endfacet
  facet normal 9.914449e-01 -2.491919e-18 -1.305262e-01
    outer loop
      vertex   3.000000e+01 4.900000e+01 1.000000e+00
      vertex   2.996593e+01 2.766667e+01 7.411810e-01
      vertex   2.996593e+01 3.300000e+01 7.411810e-01
    endloop
  endfacet
  facet normal 9.914449e-01 -3.737878e-18 -1.305262e-01
    outer loop
      vertex   3.000000e+01 4.900000e+01 1.000000e+00
      vertex   2.996593e+01 3.300000e+01 7.411810e-01
      vertex   2.996593e+01 3.833333e+01 7.411810e-01
    endloop
  endfacet
  facet normal 9.238795e-01 -7.966199e-18 -3.826834e-01
    outer loop
      vertex   2.996593e+01 3.833333e+01 7.411810e-01
      vertex   2.996593e+01 3.300000e+01 7.411810e-01
      vertex   2.986603e+01 3.833333e+01 5.000000e-01
    endloop
  endfacet
  facet normal 9.238795e-01 0.000000e+00 -3.826834e-01
    outer loop
      vertex   2.996593e+01 3.833333e+01 7.411810e-01
      vertex   2.986603e+01 3.833333e+01 5.000000e-01
      vertex   2.986603e+01 4.366667e+01 5.000000e-01
    endloop
  endfacet
  facet normal 7.933533e-01 0.000000e+00 -6.087614e-01
    outer loop
      vertex   2.986603e+01 4.366667e+01 5.000000e-01
      vertex   2.986603e+01 3.833333e+01 5.000000e-01
      vertex   2.970711e+01 4.366667e+01 2.928932e-01
    endloop
  endfacet
  facet normal 1.305262e-01 0.000000e+00 -9.914449e-01
    outer loop
      vertex   2.900000e+01 4.900000e+01 0.000000e+00
      vertex   2.925882e+01 2.233333e+01 3.407417e-02
      vertex   2.900000e+01 1.000000e+00 0.000000e+00
    endloop
  endfacet
  facet normal 1.305262e-01 0.000000e+00 -9.914449e-01
    outer loop
      vertex   2.900000e+01 1.000000e+00 0.000000e+00
      vertex   2.925882e+01 2.233333e+01 3.407417e-02
      vertex   2.925882e+01 1.700000e+01 3.407417e-02
    endloop
  endfacet
  facet normal 1.305262e-01 0.000000e+00 -9.914449e-01
    outer loop
      vertex   2.900000e+01 1.000000e+00 0.000000e+00
      vertex   2.925882e+01 1.700000e+01 3.407417e-02
      vertex   2.925882e+01 1.166667e+01 3.407417e-02
    endloop
  endfacet
  facet normal 3.826834e-01 0.000000e+00 -9.238795e-01
    outer loop
      vertex   2.925882e+01 1.166667e+01 3.407417e-02
      vertex   2.925882e+01 1.700000e+01 3.407417e-02
      vertex   2.950000e+01 1.166667e+01 1.339746e-01
    endloop
  endfacet
  facet normal 3.826834e-01 -4.734645e-17 -9.238795e-01
    outer loop
      vertex   2.925882e+01 1.166667e+01 3.407417e-02
      vertex   2.950000e+01 1.166667e+01 1.339746e-01
      vertex   2.950000e+01 6.333333e+00 1.339746e-01
    endloop
  endfacet
  facet normal 6.087614e-01 -4.128746e-17 -7.933533e-01
    outer loop
      vertex   2.950000e+01 6.333333e+00 1.339746e-01
      vertex   2.950000e+01 1.166667e+01 1.339746e-01
      vertex   2.970711e+01 6.333333e+00 2.928932e-01
    endloop
  endfacet
  facet normal 3.826834e-01 0.000000e+00 -9.238795e-01
    outer loop
      vertex   2.925882e+01 3.833333e+01 3.407417e-02
      vertex   2.925882e+01 4.366667e+01 3.407417e-02
      vertex   2.950000e+01 3.833333e+01 1.339746e-01
    endloop
  endfacet
  facet normal 3.826834e-01 -4.808027e-17 -9.238795e-01
    outer loop
      vertex   2.950000e+01 3.833333e+01 1.339746e-01
      vertex   2.925882e+01 4.366667e+01 3.407417e-02
      vertex   2.950000e+01 4.366667e+01 1.339746e-01
    endloop
  endfacet
  facet normal 6.087614e-01 -4.128746e-17 -7.933533e-01
    outer loop
      vertex   2.950000e+01 3.833333e+01 1.339746e-01
      vertex   2.950000e+01 4.366667e+01 1.339746e-01
      vertex   2.970711e+01 3.833333e+01 2.928932e-01
    endloop
  endfacet
  facet normal 6.087614e-01 0.000000e+00 -7.933533e-01
    outer loop
      vertex   2.970711e+01 3.833333e+01 2.928932e-01
      vertex   2.950000e+01 4.366667e+01 1.339746e-01
      vertex   2.970711e+01 4.366667e+01 2.928932e-01
    endloop
  endfacet
  facet normal 7.933533e-01 0.000000e+00 -6.087614e-01
    outer loop
      vertex   2.970711e+01 3.833333e+01 2.928932e-01
      vertex   2.970711e+01 4.366667e+01 2.928932e-01
      vertex   2.986603e+01 3.833333e+01 5.000000e-01
    endloop
  endfacet
  facet normal 1.305262e-01 0.000000e+00 -9.914449e-01
    outer loop
      vertex   2.925882e+01 2.233333e+01 3.407417e-02
      vertex   2.900000e+01 4.900000e+01 0.000000e+00
      vertex   2.925882e+01 2.766667e+01 3.407417e-02
    endloop
  endfacet
  facet normal 1.305262e-01 0.000000e+00 -9.914449e-01
    outer loop
      vertex   2.925882e+01 2.766667e+01 3.407417e-02
      vertex   2.900000e+01 4.900000e+01 0.000000e+00
      vertex   2.925882e+01 3.300000e+01 3.407417e-02
    endloop
  endfacet
  facet normal 3.826834e-01 0.000000e+00 -9.238795e-01
    outer loop
      vertex   2.925882e+01 2.766667e+01 3.407417e-02
      vertex   2.925882e+01 3.300000e+01 3.407417e-02
      vertex   2.950000e+01 2.766667e+01 1.339746e-01
    endloop
  endfacet
  facet normal 3.826834e-01 0.000000e+00 -9.238795e-01
    outer loop
      vertex   2.925882e+01 2.233333e+01 3.407417e-02
      vertex   2.925882e+01 2.766667e+01 3.407417e-02
      vertex   2.950000e+01 2.233333e+01 1.339746e-01
    endloop
  endfacet
  facet normal 3.826834e-01 -2.404013e-17 -9.238795e-01
    outer loop
      vertex   2.950000e+01 2.233333e+01 1.339746e-01
      vertex   2.925882e+01 2.766667e+01 3.407417e-02
      vertex   2.950000e+01 2.766667e+01 1.339746e-01
    endloop
  endfacet
  facet normal 6.087614e-01 -2.064373e-17 -7.933533e-01
    outer loop
      vertex   2.950000e+01 2.233333e+01 1.339746e-01
      vertex   2.950000e+01 2.766667e+01 1.339746e-01
      vertex   2.970711e+01 2.233333e+01 2.928932e-01
    endloop
  endfacet
  facet normal 1.305262e-01 0.000000e+00 -9.914449e-01
    outer loop
      vertex   2.925882e+01 6.333333e+00 3.407417e-02
      vertex   2.900000e+01 1.000000e+00 0.000000e+00
      vertex   2.925882e+01 1.166667e+01 3.407417e-02
    endloop
  endfacet
  facet normal 3.826834e-01 0.000000e+00 -9.238795e-01
    outer loop
      vertex   2.925882e+01 1.700000e+01 3.407417e-02
      vertex   2.925882e+01 2.233333e+01 3.407417e-02
      vertex   2.950000e+01 1.700000e+01 1.339746e-01
    endloop
  endfacet
  facet normal 3.826834e-01 2.308782e-16 -9.238795e-01
    outer loop
      vertex   2.950000e+01 1.700000e+01 1.339746e-01
      vertex   2.925882e+01 2.233333e+01 3.407417e-02
      vertex   2.950000e+01 2.233333e+01 1.339746e-01
    endloop
  endfacet
  facet normal 6.087614e-01 3.848728e-16 -7.933533e-01
    outer loop
      vertex   2.950000e+01 1.700000e+01 1.339746e-01
      vertex   2.950000e+01 2.233333e+01 1.339746e-01
      vertex   2.970711e+01 1.700000e+01 2.928932e-01
    endloop
  endfacet
  facet normal 6.087614e-01 0.000000e+00 -7.933533e-01
    outer loop
      vertex   2.970711e+01 1.700000e+01 2.928932e-01
      vertex   2.950000e+01 2.233333e+01 1.339746e-01
      vertex   2.970711e+01 2.233333e+01 2.928932e-01
    endloop
  endfacet
  facet normal 7.933533e-01 0.000000e+00 -6.087614e-01
    outer loop
      vertex   2.970711e+01 1.700000e+01 2.928932e-01
      vertex   2.970711e+01 2.233333e+01 2.928932e-01
      vertex   2.986603e+01 1.700000e+01 5.000000e-01
    endloop
  endfacet
  facet normal 3.826834e-01 0.000000e+00 -9.238795e-01
    outer loop
      vertex   2.950000e+01 6.333333e+00 1.339746e-01
      vertex   2.925882e+01 6.333333e+00 3.407417e-02
      vertex   2.925882e+01 1.166667e+01 3.407417e-02
    endloop
  endfacet
  facet normal 3.826834e-01 0.000000e+00 -9.238795e-01
    outer loop
      vertex   2.925882e+01 3.833333e+01 3.407417e-02
      vertex   2.950000e+01 3.833333e+01 1.339746e-01
      vertex   2.950000e+01 3.300000e+01 1.339746e-01
    endloop
  endfacet
  facet normal 6.087614e-01 0.000000e+00 -7.933533e-01
    outer loop
      vertex   2.950000e+01 3.300000e+01 1.339746e-01
      vertex   2.950000e+01 3.833333e+01 1.339746e-01
      vertex   2.970711e+01 3.300000e+01 2.928932e-01
    endloop
  endfacet
  facet normal 6.087614e-01 0.000000e+00 -7.933533e-01
    outer loop
      vertex   2.950000e+01 3.300000e+01 1.339746e-01
      vertex   2.970711e+01 3.300000e+01 2.928932e-01
      vertex   2.970711e+01 2.766667e+01 2.928932e-01
    endloop
  endfacet
  facet normal 7.933533e-01 0.000000e+00 -6.087614e-01
    outer loop
      vertex   2.970711e+01 2.766667e+01 2.928932e-01
      vertex   2.970711e+01 3.300000e+01 2.928932e-01
      vertex   2.986603e+01 2.766667e+01 5.000000e-01
    endloop
  endfacet
  facet normal 7.933533e-01 0.000000e+00 -6.087614e-01
    outer loop
      vertex   2.970711e+01 2.766667e+01 2.928932e-01
      vertex   2.986603e+01 2.766667e+01 5.000000e-01
      vertex   2.986603e+01 2.233333e+01 5.000000e-01
    endloop
  endfacet
  facet normal 9.238795e-01 0.000000e+00 -3.826834e-01
    outer loop
      vertex   2.986603e+01 2.233333e+01 5.000000e-01
      vertex   2.986603e+01 2.766667e+01 5.000000e-01
      vertex   2.996593e+01 2.233333e+01 7.411810e-01
    endloop
  endfacet
  facet normal 9.238795e-01 0.000000e+00 -3.826834e-01
    outer loop
      vertex   2.986603e+01 2.233333e+01 5.000000e-01
      vertex   2.996593e+01 2.233333e+01 7.411810e-01
      vertex   2.996593e+01 1.700000e+01 7.411810e-01
    endloop
  endfacet
  facet normal 9.914449e-01 0.000000e+00 -1.305262e-01
    outer loop
      vertex   2.996593e+01 1.700000e+01 7.411810e-01
      vertex   2.996593e+01 2.233333e+01 7.411810e-01
      vertex   3.000000e+01 1.000000e+00 1.000000e+00
    endloop
  endfacet
  facet normal 6.087614e-01 2.477248e-17 -7.933533e-01
    outer loop
      vertex   2.970711e+01 3.300000e+01 2.928932e-01
      vertex   2.950000e+01 3.833333e+01 1.339746e-01
      vertex   2.970711e+01 3.833333e+01 2.928932e-01
    endloop
  endfacet
  facet normal 3.826834e-01 -4.734645e-17 -9.238795e-01
    outer loop
      vertex   2.925882e+01 1.700000e+01 3.407417e-02
      vertex   2.950000e+01 1.700000e+01 1.339746e-01
      vertex   2.950000e+01 1.166667e+01 1.339746e-01
    endloop
  endfacet
  facet normal 6.087614e-01 -4.128746e-17 -7.933533e-01
    outer loop
      vertex   2.950000e+01 1.166667e+01 1.339746e-01
      vertex   2.950000e+01 1.700000e+01 1.339746e-01
      vertex   2.970711e+01 1.166667e+01 2.928932e-01
    endloop
  endfacet
  facet normal 6.087614e-01 1.495151e-17 -7.933533e-01
    outer loop
      vertex   2.950000e+01 1.166667e+01 1.339746e-01
      vertex   2.970711e+01 1.166667e+01 2.928932e-01
      vertex   2.970711e+01 6.333333e+00 2.928932e-01
    endloop
  endfacet
  facet normal 7.933533e-01 1.267239e-17 -6.087614e-01
    outer loop
      vertex   2.970711e+01 6.333333e+00 2.928932e-01
      vertex   2.970711e+01 1.166667e+01 2.928932e-01
      vertex   2.986603e+01 6.333333e+00 5.000000e-01
    endloop
  endfacet
  facet normal 6.087614e-01 0.000000e+00 -7.933533e-01
    outer loop
      vertex   2.970711e+01 1.166667e+01 2.928932e-01
      vertex   2.950000e+01 1.700000e+01 1.339746e-01
      vertex   2.970711e+01 1.700000e+01 2.928932e-01
    endloop
  endfacet
  facet normal 7.933533e-01 1.900859e-17 -6.087614e-01
    outer loop
      vertex   2.970711e+01 3.300000e+01 2.928932e-01
      vertex   2.970711e+01 3.833333e+01 2.928932e-01
      vertex   2.986603e+01 3.300000e+01 5.000000e-01
    endloop
  endfacet
  facet normal 7.933533e-01 0.000000e+00 -6.087614e-01
    outer loop
      vertex   2.986603e+01 3.300000e+01 5.000000e-01
      vertex   2.970711e+01 3.833333e+01 2.928932e-01
      vertex   2.986603e+01 3.833333e+01 5.000000e-01
    endloop
  endfacet
  facet normal 9.238795e-01 0.000000e+00 -3.826834e-01
    outer loop
      vertex   2.986603e+01 3.300000e+01 5.000000e-01
      vertex   2.986603e+01 3.833333e+01 5.000000e-01
      vertex   2.996593e+01 3.300000e+01 7.411810e-01
    endloop
  endfacet
  facet normal 7.933533e-01 0.000000e+00 -6.087614e-01
    outer loop
      vertex   2.970711e+01 1.166667e+01 2.928932e-01
      vertex   2.970711e+01 1.700000e+01 2.928932e-01
      vertex   2.986603e+01 1.166667e+01 5.000000e-01
    endloop
  endfacet
  facet normal 7.933533e-01 0.000000e+00 -6.087614e-01
    outer loop
      vertex   2.986603e+01 1.166667e+01 5.000000e-01
      vertex   2.970711e+01 1.700000e+01 2.928932e-01
      vertex   2.986603e+01 1.700000e+01 5.000000e-01
    endloop
  endfacet
  facet normal 9.238795e-01 0.000000e+00 -3.826834e-01
    outer loop
      vertex   2.986603e+01 1.166667e+01 5.000000e-01
      vertex   2.986603e+01 1.700000e+01 5.000000e-01
      vertex   2.996593e+01 1.166667e+01 7.411810e-01
    endloop
  endfacet
  facet normal 9.238795e-01 0.000000e+00 -3.826834e-01
    outer loop
      vertex   2.996593e+01 3.833333e+01 7.411810e-01
      vertex   2.986603e+01 4.366667e+01 5.000000e-01
      vertex   2.996593e+01 4.366667e+01 7.411810e-01
    endloop
  endfacet
  facet normal 7.933533e-01 0.000000e+00 -6.087614e-01
    outer loop
      vertex   2.970711e+01 3.300000e+01 2.928932e-01
      vertex   2.986603e+01 3.300000e+01 5.000000e-01
      vertex   2.986603e+01 2.766667e+01 5.000000e-01
    endloop
  endfacet
  facet normal 9.238795e-01 0.000000e+00 -3.826834e-01
    outer loop
      vertex   2.986603e+01 2.766667e+01 5.000000e-01
      vertex   2.986603e+01 3.300000e+01 5.000000e-01
      vertex   2.996593e+01 2.766667e+01 7.411810e-01
    endloop
  endfacet
  facet normal 9.238795e-01 -1.495151e-17 -3.826834e-01
    outer loop
      vertex   2.986603e+01 2.766667e+01 5.000000e-01
      vertex   2.996593e+01 2.766667e+01 7.411810e-01
      vertex   2.996593e+01 2.233333e+01 7.411810e-01
    endloop
  endfacet
  facet normal 9.914449e-01 -5.434244e-18 -1.305262e-01
    outer loop
      vertex   2.996593e+01 2.233333e+01 7.411810e-01
      vertex   2.996593e+01 2.766667e+01 7.411810e-01
      vertex   3.000000e+01 1.000000e+00 1.000000e+00
    endloop
  endfacet
  facet normal 9.238795e-01 -7.966199e-18 -3.826834e-01
    outer loop
      vertex   2.996593e+01 2.766667e+01 7.411810e-01
      vertex   2.986603e+01 3.300000e+01 5.000000e-01
      vertex   2.996593e+01 3.300000e+01 7.411810e-01
    endloop
  endfacet
  facet normal 9.238795e-01 1.245959e-17 -3.826834e-01
    outer loop
      vertex   2.996593e+01 6.333333e+00 7.411810e-01
      vertex   2.986603e+01 6.333333e+00 5.000000e-01
      vertex   2.986603e+01 1.166667e+01 5.000000e-01
    endloop
  endfacet
  facet normal 7.933533e-01 1.900859e-17 -6.087614e-01
    outer loop
      vertex   2.986603e+01 1.166667e+01 5.000000e-01
      vertex   2.986603e+01 6.333333e+00 5.000000e-01
      vertex   2.970711e+01 1.166667e+01 2.928932e-01
    endloop
  endfacet
  facet normal 9.238795e-01 -7.966199e-18 -3.826834e-01
    outer loop
      vertex   2.996593e+01 6.333333e+00 7.411810e-01
      vertex   2.986603e+01 1.166667e+01 5.000000e-01
      vertex   2.996593e+01 1.166667e+01 7.411810e-01
    endloop
  endfacet
  facet normal 9.914449e-01 0.000000e+00 -1.305262e-01
    outer loop
      vertex   3.000000e+01 4.900000e+01 1.000000e+00
      vertex   2.996593e+01 3.833333e+01 7.411810e-01
      vertex   2.996593e+01 4.366667e+01 7.411810e-01
    endloop
  endfacet
  facet normal 9.914449e-01 -1.305262e-01 -8.195313e-16
    outer loop
      vertex   2.996593e+01 7.411810e-01 1.400000e+01
      vertex   2.996593e+01 7.411810e-01 9.666667e+00
      vertex   3.000000e+01 1.000000e+00 1.400000e+01
    endloop
  endfacet
  facet normal 9.914449e-01 -1.305262e-01 1.073442e-17
    outer loop
      vertex   3.000000e+01 1.000000e+00 1.400000e+01
      vertex   2.996593e+01 7.411810e-01 9.666667e+00
      vertex   2.996593e+01 7.411810e-01 5.333333e+00
    endloop
  endfacet
  facet normal 9.914449e-01 -1.305262e-01 8.917734e-18
    outer loop
      vertex   3.000000e+01 1.000000e+00 1.400000e+01
      vertex   2.996593e+01 7.411810e-01 5.333333e+00
      vertex   3.000000e+01 1.000000e+00 1.000000e+00
    endloop
  endfacet
  facet normal 9.914449e-01 -1.305262e-01 -3.066977e-18
    outer loop
      vertex   3.000000e+01 1.000000e+00 1.000000e+00
      vertex   2.996593e+01 7.411810e-01 5.333333e+00
      vertex   2.996593e+01 7.411810e-01 1.000000e+00
    endloop
  endfacet
  facet normal 9.238795e-01 -3.826834e-01 -9.804553e-18
    outer loop
      vertex   2.996593e+01 7.411810e-01 1.000000e+00
      vertex   2.996593e+01 7.411810e-01 5.333333e+00
      vertex   2.986603e+01 5.000000e-01 1.000000e+00
    endloop
  endfacet
  facet normal 9.238795e-01 -3.826834e-01 -9.804553e-18
    outer loop
      vertex   2.986603e+01 5.000000e-01 1.000000e+00
      vertex   2.996593e+01 7.411810e-01 5.333333e+00
      vertex   2.986603e+01 5.000000e-01 5.333333e+00
    endloop
  endfacet
  facet normal 7.933533e-01 -6.087614e-01 -1.559679e-17
    outer loop
      vertex   2.986603e+01 5.000000e-01 1.000000e+00
      vertex   2.986603e+01 5.000000e-01 5.333333e+00
      vertex   2.970711e+01 2.928932e-01 1.000000e+00
    endloop
  endfacet
  facet normal 7.933533e-01 -6.087614e-01 -1.247743e-16
    outer loop
      vertex   2.970711e+01 2.928932e-01 1.000000e+00
      vertex   2.986603e+01 5.000000e-01 5.333333e+00
      vertex   2.970711e+01 2.928932e-01 5.333333e+00
    endloop
  endfacet
  facet normal 6.087614e-01 -7.933533e-01 -1.626091e-16
    outer loop
      vertex   2.970711e+01 2.928932e-01 1.000000e+00
      vertex   2.970711e+01 2.928932e-01 5.333333e+00
      vertex   2.950000e+01 1.339746e-01 1.000000e+00
    endloop
  endfacet
  facet normal 6.087614e-01 -7.933533e-01 -2.540767e-17
    outer loop
      vertex   2.950000e+01 1.339746e-01 1.000000e+00
      vertex   2.970711e+01 2.928932e-01 5.333333e+00
      vertex   2.950000e+01 1.339746e-01 5.333333e+00
    endloop
  endfacet
  facet normal 3.826834e-01 -9.238795e-01 -2.958786e-17
    outer loop
      vertex   2.950000e+01 1.339746e-01 1.000000e+00
      vertex   2.950000e+01 1.339746e-01 5.333333e+00
      vertex   2.925882e+01 3.407417e-02 1.000000e+00
    endloop
  endfacet
  facet normal 3.826834e-01 -9.238795e-01 2.958786e-17
    outer loop
      vertex   2.925882e+01 3.407417e-02 1.000000e+00
      vertex   2.950000e+01 1.339746e-01 5.333333e+00
      vertex   2.925882e+01 3.407417e-02 5.333333e+00
    endloop
  endfacet
  facet normal 1.305262e-01 -9.914449e-01 3.175168e-17
    outer loop
      vertex   2.925882e+01 3.407417e-02 1.000000e+00
      vertex   2.925882e+01 3.407417e-02 5.333333e+00
      vertex   2.900000e+01 0.000000e+00 1.000000e+00
    endloop
  endfacet
  facet normal 1.305262e-01 -9.914449e-01 0.000000e+00
    outer loop
      vertex   2.900000e+01 0.000000e+00 1.000000e+00
      vertex   2.925882e+01 3.407417e-02 5.333333e+00
      vertex   2.925882e+01 3.407417e-02 9.666667e+00
    endloop
  endfacet
  facet normal 1.305262e-01 -9.914449e-01 0.000000e+00
    outer loop
      vertex   2.900000e+01 0.000000e+00 1.000000e+00
      vertex   2.925882e+01 3.407417e-02 9.666667e+00
      vertex   2.900000e+01 0.000000e+00 1.400000e+01
    endloop
  endfacet
  facet normal 1.305262e-01 -9.914449e-01 -1.901526e-16
    outer loop
      vertex   2.900000e+01 0.000000e+00 1.400000e+01
      vertex   2.925882e+01 3.407417e-02 9.666667e+00
      vertex   2.925882e+01 3.407417e-02 1.400000e+01
    endloop
  endfacet
  facet normal 3.826834e-01 -9.238795e-01 -1.775271e-16
    outer loop
      vertex   2.925882e+01 3.407417e-02 1.400000e+01
      vertex   2.925882e+01 3.407417e-02 9.666667e+00
      vertex   2.950000e+01 1.339746e-01 1.400000e+01
    endloop
  endfacet
  facet normal 3.826834e-01 -9.238795e-01 -2.071150e-16
    outer loop
      vertex   2.950000e+01 1.339746e-01 1.400000e+01
      vertex   2.925882e+01 3.407417e-02 9.666667e+00
      vertex   2.950000e+01 1.339746e-01 9.666667e+00
    endloop
  endfacet
  facet normal 6.087614e-01 -7.933533e-01 -1.778537e-16
    outer loop
      vertex   2.950000e+01 1.339746e-01 1.400000e+01
      vertex   2.950000e+01 1.339746e-01 9.666667e+00
      vertex   2.970711e+01 2.928932e-01 1.400000e+01
    endloop
  endfacet
  facet normal 6.087614e-01 -7.933533e-01 6.097840e-17
    outer loop
      vertex   2.970711e+01 2.928932e-01 1.400000e+01
      vertex   2.950000e+01 1.339746e-01 9.666667e+00
      vertex   2.970711e+01 2.928932e-01 9.666667e+00
    endloop
  endfacet
  facet normal 7.933533e-01 -6.087614e-01 4.679037e-17
    outer loop
      vertex   2.970711e+01 2.928932e-01 1.400000e+01
      vertex   2.970711e+01 2.928932e-01 9.666667e+00
      vertex   2.986603e+01 5.000000e-01 1.400000e+01
    endloop
  endfacet
  facet normal 7.933533e-01 -6.087614e-01 -1.559679e-17
    outer loop
      vertex   2.986603e+01 5.000000e-01 1.400000e+01
      vertex   2.970711e+01 2.928932e-01 9.666667e+00
      vertex   2.986603e+01 5.000000e-01 9.666667e+00
    endloop
  endfacet
  facet normal 9.238795e-01 -3.826834e-01 -9.804553e-18
    outer loop
      vertex   2.986603e+01 5.000000e-01 1.400000e+01
      vertex   2.986603e+01 5.000000e-01 9.666667e+00
      vertex   2.996593e+01 7.411810e-01 1.400000e+01
    endloop
  endfacet
  facet normal 9.238795e-01 -3.826834e-01 -7.770582e-16
    outer loop
      vertex   2.996593e+01 7.411810e-01 1.400000e+01
      vertex   2.986603e+01 5.000000e-01 9.666667e+00
      vertex   2.996593e+01 7.411810e-01 9.666667e+00
    endloop
  endfacet
  facet normal 9.238795e-01 -3.826834e-01 2.760279e-17
    outer loop
      vertex   2.986603e+01 5.000000e-01 5.333333e+00
      vertex   2.996593e+01 7.411810e-01 5.333333e+00
      vertex   2.996593e+01 7.411810e-01 9.666667e+00
    endloop
  endfacet
  facet normal 9.238795e-01 -3.826834e-01 0.000000e+00
    outer loop
      vertex   2.986603e+01 5.000000e-01 5.333333e+00
      vertex   2.996593e+01 7.411810e-01 9.666667e+00
      vertex   2.986603e+01 5.000000e-01 9.666667e+00
    endloop
  endfacet
  facet normal 7.933533e-01 -6.087614e-01 0.000000e+00
    outer loop
      vertex   2.970711e+01 2.928932e-01 5.333333e+00
      vertex   2.986603e+01 5.000000e-01 5.333333e+00
      vertex   2.986603e+01 5.000000e-01 9.666667e+00
    endloop
  endfacet
  facet normal 7.933533e-01 -6.087614e-01 0.000000e+00
    outer loop
      vertex   2.970711e+01 2.928932e-01 5.333333e+00
      vertex   2.986603e+01 5.000000e-01 9.666667e+00
      vertex   2.970711e+01 2.928932e-01 9.666667e+00
    endloop
  endfacet
  facet normal 6.087614e-01 -7.933533e-01 0.000000e+00
    outer loop
      vertex   2.950000e+01 1.339746e-01 5.333333e+00
      vertex   2.970711e+01 2.928932e-01 5.333333e+00
      vertex   2.970711e+01 2.928932e-01 9.666667e+00
    endloop
  endfacet
  facet normal 6.087614e-01 -7.933533e-01 -3.974667e-16
    outer loop
      vertex   2.950000e+01 1.339746e-01 5.333333e+00
      vertex   2.970711e+01 2.928932e-01 9.666667e+00
      vertex   2.950000e+01 1.339746e-01 9.666667e+00
    endloop
  endfacet
  facet normal 3.826834e-01 -9.238795e-01 -1.932195e-16
    outer loop
      vertex   2.925882e+01 3.407417e-02 5.333333e+00
      vertex   2.950000e+01 1.339746e-01 5.333333e+00
      vertex   2.950000e+01 1.339746e-01 9.666667e+00
    endloop
  endfacet
  facet normal 3.826834e-01 -9.238795e-01 0.000000e+00
    outer loop
      vertex   2.925882e+01 3.407417e-02 5.333333e+00
      vertex   2.950000e+01 1.339746e-01 9.666667e+00
      vertex   2.925882e+01 3.407417e-02 9.666667e+00
    endloop
  endfacet
  facet normal -1.474185e-16 -9.914449e-01 1.305262e-01
    outer loop
      vertex   2.900000e+01 3.407417e-02 1.425882e+01
      vertex   2.340000e+01 3.407417e-02 1.425882e+01
      vertex   2.900000e+01 0.000000e+00 1.400000e+01
    endloop
  endfacet
  facet normal 0.000000e+00 -9.914449e-01 1.305262e-01
    outer loop
      vertex   2.900000e+01 0.000000e+00 1.400000e+01
      vertex   2.340000e+01 3.407417e-02 1.425882e+01
      vertex   1.780000e+01 3.407417e-02 1.425882e+01
    endloop
  endfacet
  facet normal 0.000000e+00 -9.914449e-01 1.305262e-01
    outer loop
      vertex   2.900000e+01 0.000000e+00 1.400000e+01
      vertex   1.780000e+01 3.407417e-02 1.425882e+01
      vertex   1.220000e+01 3.407417e-02 1.425882e+01
    endloop
  endfacet
  facet normal 0.000000e+00 -9.238795e-01 3.826834e-01
    outer loop
      vertex   1.220000e+01 3.407417e-02 1.425882e+01
      vertex   1.780000e+01 3.407417e-02 1.425882e+01
      vertex   1.220000e+01 1.339746e-01 1.450000e+01
    endloop
  endfacet
  facet normal 0.000000e+00 -9.238795e-01 3.826834e-01
    outer loop
      vertex   1.220000e+01 3.407417e-02 1.425882e+01
      vertex   1.220000e+01 1.339746e-01 1.450000e+01
      vertex   6.600000e+00 1.339746e-01 1.450000e+01
    endloop
  endfacet
  facet normal 0.000000e+00 -7.933533e-01 6.087614e-01
    outer loop
      vertex   6.600000e+00 1.339746e-01 1.450000e+01
      vertex   1.220000e+01 1.339746e-01 1.450000e+01
      vertex   6.600000e+00 2.928932e-01 1.470711e+01
    endloop
  endfacet
  facet normal 1.044233e-16 -7.933533e-01 6.087614e-01
    outer loop
      vertex   6.600000e+00 1.339746e-01 1.450000e+01
      vertex   6.600000e+00 2.928932e-01 1.470711e+01
      vertex   1.000000e+00 2.928932e-01 1.470711e+01
    endloop
  endfacet
  facet normal 7.844815e-17 -6.087614e-01 7.933533e-01
    outer loop
      vertex   1.000000e+00 2.928932e-01 1.470711e+01
      vertex   6.600000e+00 2.928932e-01 1.470711e+01
      vertex   1.000000e+00 5.000000e-01 1.486603e+01
    endloop
  endfacet
  facet normal -1.206895e-17 -6.087614e-01 7.933533e-01
    outer loop
      vertex   1.000000e+00 5.000000e-01 1.486603e+01
      vertex   6.600000e+00 2.928932e-01 1.470711e+01
      vertex   6.600000e+00 5.000000e-01 1.486603e+01
    endloop
  endfacet
  facet normal -7.586856e-18 -3.826834e-01 9.238795e-01
    outer loop
      vertex   1.000000e+00 5.000000e-01 1.486603e+01
      vertex   6.600000e+00 5.000000e-01 1.486603e+01
      vertex   1.000000e+00 7.411810e-01 1.496593e+01
    endloop
  endfacet
  facet normal 0.000000e+00 -3.826834e-01 9.238795e-01
    outer loop
      vertex   1.000000e+00 7.411810e-01 1.496593e+01
      vertex   6.600000e+00 5.000000e-01 1.486603e+01
      vertex   6.600000e+00 7.411810e-01 1.496593e+01
    endloop
  endfacet
  facet normal 0.000000e+00 -1.305262e-01 9.914449e-01
    outer loop
      vertex   1.000000e+00 7.411810e-01 1.496593e+01
      vertex   6.600000e+00 7.411810e-01 1.496593e+01
      vertex   1.000000e+00 1.000000e+00 1.500000e+01
    endloop
  endfacet
  facet normal 0.000000e+00 -1.305262e-01 9.914449e-01
    outer loop
      vertex   1.000000e+00 1.000000e+00 1.500000e+01
      vertex   6.600000e+00 7.411810e-01 1.496593e+01
      vertex   1.220000e+01 7.411810e-01 1.496593e+01
    endloop
  endfacet
  facet normal 0.000000e+00 -1.305262e-01 9.914449e-01
    outer loop
      vertex   1.000000e+00 1.000000e+00 1.500000e+01
      vertex   1.220000e+01 7.411810e-01 1.496593e+01
      vertex   1.780000e+01 7.411810e-01 1.496593e+01
    endloop
  endfacet
  facet normal 0.000000e+00 -3.826834e-01 9.238795e-01
    outer loop
      vertex   1.780000e+01 7.411810e-01 1.496593e+01
      vertex   1.220000e+01 7.411810e-01 1.496593e+01
      vertex   1.780000e+01 5.000000e-01 1.486603e+01
    endloop
  endfacet
  facet normal 0.000000e+00 -3.826834e-01 9.238795e-01
    outer loop
      vertex   1.780000e+01 7.411810e-01 1.496593e+01
      vertex   1.780000e+01 5.000000e-01 1.486603e+01
      vertex   2.340000e+01 5.000000e-01 1.486603e+01
    endloop
  endfacet
  facet normal 0.000000e+00 -6.087614e-01 7.933533e-01
    outer loop
      vertex   2.340000e+01 5.000000e-01 1.486603e+01
      vertex   1.780000e+01 5.000000e-01 1.486603e+01
      vertex   2.340000e+01 2.928932e-01 1.470711e+01
    endloop
  endfacet
  facet normal -7.594419e-17 -6.087614e-01 7.933533e-01
    outer loop
      vertex   2.340000e+01 5.000000e-01 1.486603e+01
      vertex   2.340000e+01 2.928932e-01 1.470711e+01
      vertex   2.900000e+01 2.928932e-01 1.470711e+01
    endloop
  endfacet
  facet normal -1.022356e-16 -7.933533e-01 6.087614e-01
    outer loop
      vertex   2.900000e+01 2.928932e-01 1.470711e+01
      vertex   2.340000e+01 2.928932e-01 1.470711e+01
      vertex   2.900000e+01 1.339746e-01 1.450000e+01
    endloop
  endfacet
  facet normal -1.179642e-16 -7.933533e-01 6.087614e-01
    outer loop
      vertex   2.900000e+01 1.339746e-01 1.450000e+01
      vertex   2.340000e+01 2.928932e-01 1.470711e+01
      vertex   2.340000e+01 1.339746e-01 1.450000e+01
    endloop
  endfacet
  facet normal -1.373722e-16 -9.238795e-01 3.826834e-01
    outer loop
      vertex   2.900000e+01 1.339746e-01 1.450000e+01
      vertex   2.340000e+01 1.339746e-01 1.450000e+01
      vertex   2.900000e+01 3.407417e-02 1.425882e+01
    endloop
  endfacet
  facet normal -1.373722e-16 -9.238795e-01 3.826834e-01
    outer loop
      vertex   2.900000e+01 3.407417e-02 1.425882e+01
      vertex   2.340000e+01 1.339746e-01 1.450000e+01
      vertex   2.340000e+01 3.407417e-02 1.425882e+01
    endloop
  endfacet
  facet normal 0.000000e+00 -6.087614e-01 7.933533e-01
    outer loop
      vertex   2.900000e+01 2.928932e-01 1.470711e+01
      vertex   2.900000e+01 5.000000e-01 1.486603e+01
      vertex   2.340000e+01 5.000000e-01 1.486603e+01
    endloop
  endfacet
  facet normal 0.000000e+00 -3.826834e-01 9.238795e-01
    outer loop
      vertex   2.340000e+01 5.000000e-01 1.486603e+01
      vertex   2.900000e+01 5.000000e-01 1.486603e+01
      vertex   2.340000e+01 7.411810e-01 1.496593e+01
    endloop
  endfacet
  facet normal 0.000000e+00 -3.826834e-01 9.238795e-01
    outer loop
      vertex   2.340000e+01 5.000000e-01 1.486603e+01
      vertex   2.340000e+01 7.411810e-01 1.496593e+01
      vertex   1.780000e+01 7.411810e-01 1.496593e+01
    endloop
  endfacet
  facet normal 0.000000e+00 -1.305262e-01 9.914449e-01
    outer loop
      vertex   1.780000e+01 7.411810e-01 1.496593e+01
      vertex   2.340000e+01 7.411810e-01 1.496593e+01
      vertex   2.900000e+01 1.000000e+00 1.500000e+01
    endloop
  endfacet
  facet normal 0.000000e+00 -1.305262e-01 9.914449e-01
    outer loop
      vertex   1.780000e+01 7.411810e-01 1.496593e+01
      vertex   2.900000e+01 1.000000e+00 1.500000e+01
      vertex   1.000000e+00 1.000000e+00 1.500000e+01
    endloop
  endfacet
  facet normal -1.423954e-17 -3.826834e-01 9.238795e-01
    outer loop
      vertex   2.900000e+01 5.000000e-01 1.486603e+01
      vertex   2.900000e+01 7.411810e-01 1.496593e+01
      vertex   2.340000e+01 7.411810e-01 1.496593e+01
    endloop
  endfacet
  facet normal -5.175471e-18 -1.305262e-01 9.914449e-01
    outer loop
      vertex   2.340000e+01 7.411810e-01 1.496593e+01
      vertex   2.900000e+01 7.411810e-01 1.496593e+01
      vertex   2.900000e+01 1.000000e+00 1.500000e+01
    endloop
  endfacet
  facet normal 9.967675e-17 -7.933533e-01 6.087614e-01
    outer loop
      vertex   1.000000e+00 2.928932e-01 1.470711e+01
      vertex   1.000000e+00 1.339746e-01 1.450000e+01
      vertex   6.600000e+00 1.339746e-01 1.450000e+01
    endloop
  endfacet
  facet normal 1.144768e-16 -9.238795e-01 3.826834e-01
    outer loop
      vertex   6.600000e+00 1.339746e-01 1.450000e+01
      vertex   1.000000e+00 1.339746e-01 1.450000e+01
      vertex   6.600000e+00 3.407417e-02 1.425882e+01
    endloop
  endfacet
  facet normal -2.135930e-17 -9.238795e-01 3.826834e-01
    outer loop
      vertex   6.600000e+00 1.339746e-01 1.450000e+01
      vertex   6.600000e+00 3.407417e-02 1.425882e+01
      vertex   1.220000e+01 3.407417e-02 1.425882e+01
    endloop
  endfacet
  facet normal -2.456975e-17 -9.914449e-01 1.305262e-01
    outer loop
      vertex   1.220000e+01 3.407417e-02 1.425882e+01
      vertex   6.600000e+00 3.407417e-02 1.425882e+01
      vertex   1.000000e+00 0.000000e+00 1.400000e+01
    endloop
  endfacet
  facet normal 0.000000e+00 -9.914449e-01 1.305262e-01
    outer loop
      vertex   1.220000e+01 3.407417e-02 1.425882e+01
      vertex   1.000000e+00 0.000000e+00 1.400000e+01
      vertex   2.900000e+01 0.000000e+00 1.400000e+01
    endloop
  endfacet
  facet normal 1.376488e-16 -9.238795e-01 3.826834e-01
    outer loop
      vertex   1.000000e+00 1.339746e-01 1.450000e+01
      vertex   1.000000e+00 3.407417e-02 1.425882e+01
      vertex   6.600000e+00 3.407417e-02 1.425882e+01
    endloop
  endfacet
  facet normal 1.474185e-16 -9.914449e-01 1.305262e-01
    outer loop
      vertex   6.600000e+00 3.407417e-02 1.425882e+01
      vertex   1.000000e+00 3.407417e-02 1.425882e+01
      vertex   1.000000e+00 0.000000e+00 1.400000e+01
    endloop
  endfacet
  facet normal 0.000000e+00 -9.238795e-01 3.826834e-01
    outer loop
      vertex   1.780000e+01 3.407417e-02 1.425882e+01
      vertex   2.340000e+01 3.407417e-02 1.425882e+01
      vertex   1.780000e+01 1.339746e-01 1.450000e+01
    endloop
  endfacet
  facet normal 0.000000e+00 -9.238795e-01 3.826834e-01
    outer loop
      vertex   1.780000e+01 1.339746e-01 1.450000e+01
      vertex   2.340000e+01 3.407417e-02 1.425882e+01
      vertex   2.340000e+01 1.339746e-01 1.450000e+01
    endloop
  endfacet
  facet normal 0.000000e+00 -7.933533e-01 6.087614e-01
    outer loop
      vertex   1.780000e+01 1.339746e-01 1.450000e+01
      vertex   2.340000e+01 1.339746e-01 1.450000e+01
      vertex   1.780000e+01 2.928932e-01 1.470711e+01
    endloop
  endfacet
  facet normal 0.000000e+00 -7.933533e-01 6.087614e-01
    outer loop
      vertex   1.780000e+01 2.928932e-01 1.470711e+01
      vertex   2.340000e+01 1.339746e-01 1.450000e+01
      vertex   2.340000e+01 2.928932e-01 1.470711e+01
    endloop
  endfacet
  facet normal 0.000000e+00 -6.087614e-01 7.933533e-01
    outer loop
      vertex   1.780000e+01 2.928932e-01 1.470711e+01
      vertex   2.340000e+01 2.928932e-01 1.470711e+01
      vertex   1.780000e+01 5.000000e-01 1.486603e+01
    endloop
  endfacet
  facet normal 0.000000e+00 -9.238795e-01 3.826834e-01
    outer loop
      vertex   1.780000e+01 3.407417e-02 1.425882e+01
      vertex   1.780000e+01 1.339746e-01 1.450000e+01
      vertex   1.220000e+01 1.339746e-01 1.450000e+01
    endloop
  endfacet
  facet normal 0.000000e+00 -7.933533e-01 6.087614e-01
    outer loop
      vertex   1.220000e+01 1.339746e-01 1.450000e+01
      vertex   1.780000e+01 1.339746e-01 1.450000e+01
      vertex   1.220000e+01 2.928932e-01 1.470711e+01
    endloop
  endfacet
  facet normal 0.000000e+00 -7.933533e-01 6.087614e-01
    outer loop
      vertex   1.220000e+01 1.339746e-01 1.450000e+01
      vertex   1.220000e+01 2.928932e-01 1.470711e+01
      vertex   6.600000e+00 2.928932e-01 1.470711e+01
    endloop
  endfacet
  facet normal 0.000000e+00 -6.087614e-01 7.933533e-01
    outer loop
      vertex   6.600000e+00 2.928932e-01 1.470711e+01
      vertex   1.220000e+01 2.928932e-01 1.470711e+01
      vertex   6.600000e+00 5.000000e-01 1.486603e+01
    endloop
  endfacet
  facet normal 0.000000e+00 -7.933533e-01 6.087614e-01
    outer loop
      vertex   1.220000e+01 2.928932e-01 1.470711e+01
      vertex   1.780000e+01 1.339746e-01 1.450000e+01
      vertex   1.780000e+01 2.928932e-01 1.470711e+01
    endloop
  endfacet
  facet normal 0.000000e+00 -6.087614e-01 7.933533e-01
    outer loop
      vertex   1.220000e+01 2.928932e-01 1.470711e+01
      vertex   1.780000e+01 2.928932e-01 1.470711e+01
      vertex   1.220000e+01 5.000000e-01 1.486603e+01
    endloop
  endfacet
  facet normal -1.206895e-17 -6.087614e-01 7.933533e-01
    outer loop
      vertex   1.220000e+01 5.000000e-01 1.486603e+01
      vertex   1.780000e+01 2.928932e-01 1.470711e+01
      vertex   1.780000e+01 5.000000e-01 1.486603e+01
    endloop
  endfacet
  facet normal -7.586856e-18 -3.826834e-01 9.238795e-01
    outer loop
      vertex   1.220000e+01 5.000000e-01 1.486603e+01
      vertex   1.780000e+01 5.000000e-01 1.486603e+01
      vertex   1.220000e+01 7.411810e-01 1.496593e+01
    endloop
  endfacet
  facet normal 0.000000e+00 -3.826834e-01 9.238795e-01
    outer loop
      vertex   6.600000e+00 7.411810e-01 1.496593e+01
      vertex   6.600000e+00 5.000000e-01 1.486603e+01
      vertex   1.220000e+01 5.000000e-01 1.486603e+01
    endloop
  endfacet
  facet normal 0.000000e+00 -6.087614e-01 7.933533e-01
    outer loop
      vertex   1.220000e+01 5.000000e-01 1.486603e+01
      vertex   6.600000e+00 5.000000e-01 1.486603e+01
      vertex   1.220000e+01 2.928932e-01 1.470711e+01
    endloop
  endfacet
  facet normal 0.000000e+00 -3.826834e-01 9.238795e-01
    outer loop
      vertex   6.600000e+00 7.411810e-01 1.496593e+01
      vertex   1.220000e+01 5.000000e-01 1.486603e+01
      vertex   1.220000e+01 7.411810e-01 1.496593e+01
    endloop
  endfacet
  facet normal -9.914449e-01 -7.739472e-17 1.305262e-01
    outer loop
      vertex   3.407417e-02 1.000000e+00 1.425882e+01
      vertex   3.407417e-02 6.333333e+00 1.425882e+01
      vertex   0.000000e+00 1.000000e+00 1.400000e+01
    endloop
  endfacet
  facet normal -9.914449e-01 0.000000e+00 1.305262e-01
    outer loop
      vertex   0.000000e+00 1.000000e+00 1.400000e+01
      vertex   3.407417e-02 6.333333e+00 1.425882e+01
      vertex   3.407417e-02 1.166667e+01 1.425882e+01
    endloop
  endfacet
  facet normal -9.914449e-01 0.000000e+00 1.305262e-01
    outer loop
      vertex   0.000000e+00 1.000000e+00 1.400000e+01
      vertex   3.407417e-02 1.166667e+01 1.425882e+01
      vertex   3.407417e-02 1.700000e+01 1.425882e+01
    endloop
  endfacet
  facet normal -9.238795e-01 0.000000e+00 3.826834e-01
    outer loop
      vertex   3.407417e-02 1.700000e+01 1.425882e+01
      vertex   3.407417e-02 1.166667e+01 1.425882e+01
      vertex   1.339746e-01 1.700000e+01 1.450000e+01
    endloop
  endfacet
  facet normal -9.238795e-01 0.000000e+00 3.826834e-01
    outer loop
      vertex   3.407417e-02 1.700000e+01 1.425882e+01
      vertex   1.339746e-01 1.700000e+01 1.450000e+01
      vertex   1.339746e-01 2.233333e+01 1.450000e+01
    endloop
  endfacet
  facet normal -7.933533e-01 0.000000e+00 6.087614e-01
    outer loop
      vertex   1.339746e-01 2.233333e+01 1.450000e+01
      vertex   1.339746e-01 1.700000e+01 1.450000e+01
      vertex   2.928932e-01 2.233333e+01 1.470711e+01
    endloop
  endfacet
  facet normal -7.933533e-01 0.000000e+00 6.087614e-01
    outer loop
      vertex   1.339746e-01 2.233333e+01 1.450000e+01
      vertex   2.928932e-01 2.233333e+01 1.470711e+01
      vertex   2.928932e-01 2.766667e+01 1.470711e+01
    endloop
  endfacet
  facet normal -6.087614e-01 0.000000e+00 7.933533e-01
    outer loop
      vertex   2.928932e-01 2.766667e+01 1.470711e+01
      vertex   2.928932e-01 2.233333e+01 1.470711e+01
      vertex   5.000000e-01 2.766667e+01 1.486603e+01
    endloop
  endfacet
  facet normal -6.087614e-01 0.000000e+00 7.933533e-01
    outer loop
      vertex   2.928932e-01 2.766667e+01 1.470711e+01
      vertex   5.000000e-01 2.766667e+01 1.486603e+01
      vertex   5.000000e-01 3.300000e+01 1.486603e+01
    endloop
  endfacet
  facet normal -3.826834e-01 0.000000e+00 9.238795e-01
    outer loop
      vertex   5.000000e-01 3.300000e+01 1.486603e+01
      vertex   5.000000e-01 2.766667e+01 1.486603e+01
      vertex   7.411810e-01 3.300000e+01 1.496593e+01
    endloop
  endfacet
  facet normal -3.826834e-01 7.475756e-18 9.238795e-01
    outer loop
      vertex   5.000000e-01 3.300000e+01 1.486603e+01
      vertex   7.411810e-01 3.300000e+01 1.496593e+01
      vertex   7.411810e-01 3.833333e+01 1.496593e+01
    endloop
  endfacet
  facet normal -1.305262e-01 2.717122e-18 9.914449e-01
    outer loop
      vertex   7.411810e-01 3.833333e+01 1.496593e+01
      vertex   7.411810e-01 3.300000e+01 1.496593e+01
      vertex   1.000000e+00 4.900000e+01 1.500000e+01
    endloop
  endfacet
  facet normal -1.305262e-01 0.000000e+00 9.914449e-01
    outer loop
      vertex   7.411810e-01 3.833333e+01 1.496593e+01
      vertex   1.000000e+00 4.900000e+01 1.500000e+01
      vertex   7.411810e-01 4.366667e+01 1.496593e+01
    endloop
  endfacet
  facet normal -1.305262e-01 -2.717122e-18 9.914449e-01
    outer loop
      vertex   7.411810e-01 4.366667e+01 1.496593e+01
      vertex   1.000000e+00 4.900000e+01 1.500000e+01
      vertex   7.411810e-01 4.900000e+01 1.496593e+01
    endloop
  endfacet
  facet normal -3.826834e-01 -7.966199e-18 9.238795e-01
    outer loop
      vertex   7.411810e-01 4.366667e+01 1.496593e+01
      vertex   7.411810e-01 4.900000e+01 1.496593e+01
      vertex   5.000000e-01 4.366667e+01 1.486603e+01
    endloop
  endfacet
  facet normal -3.826834e-01 3.983100e-18 9.238795e-01
    outer loop
      vertex   5.000000e-01 4.366667e+01 1.486603e+01
      vertex   7.411810e-01 4.900000e+01 1.496593e+01
      vertex   5.000000e-01 4.900000e+01 1.486603e+01
    endloop
  endfacet
  facet normal -6.087614e-01 6.336196e-18 7.933533e-01
    outer loop
      vertex   5.000000e-01 4.366667e+01 1.486603e+01
      vertex   5.000000e-01 4.900000e+01 1.486603e+01
      vertex   2.928932e-01 4.366667e+01 1.470711e+01
    endloop
  endfacet
  facet normal -6.087614e-01 -8.237055e-17 7.933533e-01
    outer loop
      vertex   2.928932e-01 4.366667e+01 1.470711e+01
      vertex   5.000000e-01 4.900000e+01 1.486603e+01
      vertex   2.928932e-01 4.900000e+01 1.470711e+01
    endloop
  endfacet
  facet normal -7.933533e-01 -1.073474e-16 6.087614e-01
    outer loop
      vertex   2.928932e-01 4.366667e+01 1.470711e+01
      vertex   2.928932e-01 4.900000e+01 1.470711e+01
      vertex   1.339746e-01 4.366667e+01 1.450000e+01
    endloop
  endfacet
  facet normal -7.933533e-01 -8.257492e-17 6.087614e-01
    outer loop
      vertex   1.339746e-01 4.366667e+01 1.450000e+01
      vertex   2.928932e-01 4.900000e+01 1.470711e+01
      vertex   1.339746e-01 4.900000e+01 1.450000e+01
    endloop
  endfacet
  facet normal -9.238795e-01 -9.616053e-17 3.826834e-01
    outer loop
      vertex   1.339746e-01 4.366667e+01 1.450000e+01
      vertex   1.339746e-01 4.900000e+01 1.450000e+01
      vertex   3.407417e-02 4.366667e+01 1.425882e+01
    endloop
  endfacet
  facet normal -9.238795e-01 -9.616053e-17 3.826834e-01
    outer loop
      vertex   3.407417e-02 4.366667e+01 1.425882e+01
      vertex   1.339746e-01 4.900000e+01 1.450000e+01
      vertex   3.407417e-02 4.900000e+01 1.425882e+01
    endloop
  endfacet
  facet normal -9.914449e-01 -1.031930e-16 1.305262e-01
    outer loop
      vertex   3.407417e-02 4.366667e+01 1.425882e+01
      vertex   3.407417e-02 4.900000e+01 1.425882e+01
      vertex   0.000000e+00 4.900000e+01 1.400000e+01
    endloop
  endfacet
  facet normal -9.238795e-01 -7.212040e-17 3.826834e-01
    outer loop
      vertex   3.407417e-02 6.333333e+00 1.425882e+01
      vertex   3.407417e-02 1.000000e+00 1.425882e+01
      vertex   1.339746e-01 6.333333e+00 1.450000e+01
    endloop
  endfacet
  facet normal -9.238795e-01 -2.404013e-17 3.826834e-01
    outer loop
      vertex   1.339746e-01 6.333333e+00 1.450000e+01
      vertex   3.407417e-02 1.000000e+00 1.425882e+01
      vertex   1.339746e-01 1.000000e+00 1.450000e+01
    endloop
  endfacet
  facet normal -7.933533e-01 -2.064373e-17 6.087614e-01
    outer loop
      vertex   1.339746e-01 6.333333e+00 1.450000e+01
      vertex   1.339746e-01 1.000000e+00 1.450000e+01
      vertex   2.928932e-01 6.333333e+00 1.470711e+01
    endloop
  endfacet
  facet normal -7.933533e-01 1.651498e-17 6.087614e-01
    outer loop
      vertex   2.928932e-01 6.333333e+00 1.470711e+01
      vertex   1.339746e-01 1.000000e+00 1.450000e+01
      vertex   2.928932e-01 1.000000e+00 1.470711e+01
    endloop
  endfacet
  facet normal -6.087614e-01 1.267239e-17 7.933533e-01
    outer loop
      vertex   2.928932e-01 6.333333e+00 1.470711e+01
      vertex   2.928932e-01 1.000000e+00 1.470711e+01
      vertex   5.000000e-01 6.333333e+00 1.486603e+01
    endloop
  endfacet
  facet normal -6.087614e-01 -3.801718e-17 7.933533e-01
    outer loop
      vertex   5.000000e-01 6.333333e+00 1.486603e+01
      vertex   2.928932e-01 1.000000e+00 1.470711e+01
      vertex   5.000000e-01 1.000000e+00 1.486603e+01
    endloop
  endfacet
  facet normal -3.826834e-01 -2.389860e-17 9.238795e-01
    outer loop
      vertex   5.000000e-01 6.333333e+00 1.486603e+01
      vertex   5.000000e-01 1.000000e+00 1.486603e+01
      vertex   7.411810e-01 6.333333e+00 1.496593e+01
    endloop
  endfacet
  facet normal -3.826834e-01 -3.395785e-16 9.238795e-01
    outer loop
      vertex   7.411810e-01 6.333333e+00 1.496593e+01
      vertex   5.000000e-01 1.000000e+00 1.486603e+01
      vertex   7.411810e-01 1.000000e+00 1.496593e+01
    endloop
  endfacet
  facet normal -1.305262e-01 -3.410860e-16 9.914449e-01
    outer loop
      vertex   7.411810e-01 6.333333e+00 1.496593e+01
      vertex   7.411810e-01 1.000000e+00 1.496593e+01
      vertex   1.000000e+00 1.000000e+00 1.500000e+01
    endloop
  endfacet
  facet normal -1.305262e-01 3.019025e-18 9.914449e-01
    outer loop
      vertex   1.000000e+00 4.900000e+01 1.500000e+01
      vertex   7.411810e-01 2.233333e+01 1.496593e+01
      vertex   1.000000e+00 1.000000e+00 1.500000e+01
    endloop
  endfacet
  facet normal -1.305262e-01 0.000000e+00 9.914449e-01
    outer loop
      vertex   1.000000e+00 1.000000e+00 1.500000e+01
      vertex   7.411810e-01 2.233333e+01 1.496593e+01
      vertex   7.411810e-01 1.700000e+01 1.496593e+01
    endloop
  endfacet
  facet normal -1.305262e-01 4.983837e-18 9.914449e-01
    outer loop
      vertex   1.000000e+00 1.000000e+00 1.500000e+01
      vertex   7.411810e-01 1.700000e+01 1.496593e+01
      vertex   7.411810e-01 1.166667e+01 1.496593e+01
    endloop
  endfacet
  facet normal -3.826834e-01 1.593240e-17 9.238795e-01
    outer loop
      vertex   7.411810e-01 1.166667e+01 1.496593e+01
      vertex   7.411810e-01 1.700000e+01 1.496593e+01
      vertex   5.000000e-01 1.166667e+01 1.486603e+01
    endloop
  endfacet
  facet normal -3.826834e-01 -4.983837e-18 9.238795e-01
    outer loop
      vertex   7.411810e-01 1.166667e+01 1.496593e+01
      vertex   5.000000e-01 1.166667e+01 1.486603e+01
      vertex   5.000000e-01 6.333333e+00 1.486603e+01
    endloop
  endfacet
  facet normal -6.087614e-01 -6.336196e-18 7.933533e-01
    outer loop
      vertex   5.000000e-01 6.333333e+00 1.486603e+01
      vertex   5.000000e-01 1.166667e+01 1.486603e+01
      vertex   2.928932e-01 6.333333e+00 1.470711e+01
    endloop
  endfacet
  facet normal -9.914449e-01 0.000000e+00 1.305262e-01
    outer loop
      vertex   0.000000e+00 1.000000e+00 1.400000e+01
      vertex   3.407417e-02 2.766667e+01 1.425882e+01
      vertex   0.000000e+00 4.900000e+01 1.400000e+01
    endloop
  endfacet
  facet normal -9.914449e-01 0.000000e+00 1.305262e-01
    outer loop
      vertex   0.000000e+00 4.900000e+01 1.400000e+01
      vertex   3.407417e-02 2.766667e+01 1.425882e+01
      vertex   3.407417e-02 3.300000e+01 1.425882e+01
    endloop
  endfacet
  facet normal -9.914449e-01 0.000000e+00 1.305262e-01
    outer loop
      vertex   0.000000e+00 4.900000e+01 1.400000e+01
      vertex   3.407417e-02 3.300000e+01 1.425882e+01
      vertex   3.407417e-02 3.833333e+01 1.425882e+01
    endloop
  endfacet
  facet normal -9.238795e-01 0.000000e+00 3.826834e-01
    outer loop
      vertex   3.407417e-02 3.833333e+01 1.425882e+01
      vertex   3.407417e-02 3.300000e+01 1.425882e+01
      vertex   1.339746e-01 3.833333e+01 1.450000e+01
    endloop
  endfacet
  facet normal -9.238795e-01 0.000000e+00 3.826834e-01
    outer loop
      vertex   3.407417e-02 3.833333e+01 1.425882e+01
      vertex   1.339746e-01 3.833333e+01 1.450000e+01
      vertex   1.339746e-01 4.366667e+01 1.450000e+01
    endloop
  endfacet
  facet normal -7.933533e-01 0.000000e+00 6.087614e-01
    outer loop
      vertex   1.339746e-01 4.366667e+01 1.450000e+01
      vertex   1.339746e-01 3.833333e+01 1.450000e+01
      vertex   2.928932e-01 4.366667e+01 1.470711e+01
    endloop
  endfacet
  facet normal -9.238795e-01 0.000000e+00 3.826834e-01
    outer loop
      vertex   3.407417e-02 1.166667e+01 1.425882e+01
      vertex   3.407417e-02 6.333333e+00 1.425882e+01
      vertex   1.339746e-01 1.166667e+01 1.450000e+01
    endloop
  endfacet
  facet normal -9.238795e-01 0.000000e+00 3.826834e-01
    outer loop
      vertex   1.339746e-01 1.166667e+01 1.450000e+01
      vertex   3.407417e-02 6.333333e+00 1.425882e+01
      vertex   1.339746e-01 6.333333e+00 1.450000e+01
    endloop
  endfacet
  facet normal -7.933533e-01 0.000000e+00 6.087614e-01
    outer loop
      vertex   1.339746e-01 1.166667e+01 1.450000e+01
      vertex   1.339746e-01 6.333333e+00 1.450000e+01
      vertex   2.928932e-01 1.166667e+01 1.470711e+01
    endloop
  endfacet
  facet normal -7.933533e-01 0.000000e+00 6.087614e-01
    outer loop
      vertex   2.928932e-01 1.166667e+01 1.470711e+01
      vertex   1.339746e-01 6.333333e+00 1.450000e+01
      vertex   2.928932e-01 6.333333e+00 1.470711e+01
    endloop
  endfacet
  facet normal -6.087614e-01 0.000000e+00 7.933533e-01
    outer loop
      vertex   2.928932e-01 1.166667e+01 1.470711e+01
      vertex   2.928932e-01 6.333333e+00 1.470711e+01
      vertex   5.000000e-01 1.166667e+01 1.486603e+01
    endloop
  endfacet
  facet normal -9.914449e-01 0.000000e+00 1.305262e-01
    outer loop
      vertex   3.407417e-02 2.766667e+01 1.425882e+01
      vertex   0.000000e+00 1.000000e+00 1.400000e+01
      vertex   3.407417e-02 2.233333e+01 1.425882e+01
    endloop
  endfacet
  facet normal -9.914449e-01 0.000000e+00 1.305262e-01
    outer loop
      vertex   3.407417e-02 2.233333e+01 1.425882e+01
      vertex   0.000000e+00 1.000000e+00 1.400000e+01
      vertex   3.407417e-02 1.700000e+01 1.425882e+01
    endloop
  endfacet
  facet normal -9.238795e-01 0.000000e+00 3.826834e-01
    outer loop
      vertex   3.407417e-02 2.233333e+01 1.425882e+01
      vertex   3.407417e-02 1.700000e+01 1.425882e+01
      vertex   1.339746e-01 2.233333e+01 1.450000e+01
    endloop
  endfacet
  facet normal -9.238795e-01 0.000000e+00 3.826834e-01
    outer loop
      vertex   3.407417e-02 2.766667e+01 1.425882e+01
      vertex   3.407417e-02 2.233333e+01 1.425882e+01
      vertex   1.339746e-01 2.766667e+01 1.450000e+01
    endloop
  endfacet
  facet normal -9.238795e-01 0.000000e+00 3.826834e-01
    outer loop
      vertex   1.339746e-01 2.766667e+01 1.450000e+01
      vertex   3.407417e-02 2.233333e+01 1.425882e+01
      vertex   1.339746e-01 2.233333e+01 1.450000e+01
    endloop
  endfacet
  facet normal -7.933533e-01 0.000000e+00 6.087614e-01
    outer loop
      vertex   1.339746e-01 2.766667e+01 1.450000e+01
      vertex   1.339746e-01 2.233333e+01 1.450000e+01
      vertex   2.928932e-01 2.766667e+01 1.470711e+01
    endloop
  endfacet
  facet normal -9.914449e-01 0.000000e+00 1.305262e-01
    outer loop
      vertex   3.407417e-02 4.366667e+01 1.425882e+01
      vertex   0.000000e+00 4.900000e+01 1.400000e+01
      vertex   3.407417e-02 3.833333e+01 1.425882e+01
    endloop
  endfacet
  facet normal -9.238795e-01 0.000000e+00 3.826834e-01
    outer loop
      vertex   3.407417e-02 3.300000e+01 1.425882e+01
      vertex   3.407417e-02 2.766667e+01 1.425882e+01
      vertex   1.339746e-01 3.300000e+01 1.450000e+01
    endloop
  endfacet
  facet normal -9.238795e-01 0.000000e+00 3.826834e-01
    outer loop
      vertex   1.339746e-01 3.300000e+01 1.450000e+01
      vertex   3.407417e-02 2.766667e+01 1.425882e+01
      vertex   1.339746e-01 2.766667e+01 1.450000e+01
    endloop
  endfacet
  facet normal -7.933533e-01 0.000000e+00 6.087614e-01
    outer loop
      vertex   1.339746e-01 3.300000e+01 1.450000e+01
      vertex   1.339746e-01 2.766667e+01 1.450000e+01
      vertex   2.928932e-01 3.300000e+01 1.470711e+01
    endloop
  endfacet
  facet normal -7.933533e-01 0.000000e+00 6.087614e-01
    outer loop
      vertex   2.928932e-01 3.300000e+01 1.470711e+01
      vertex   1.339746e-01 2.766667e+01 1.450000e+01
      vertex   2.928932e-01 2.766667e+01 1.470711e+01
    endloop
  endfacet
  facet normal -6.087614e-01 0.000000e+00 7.933533e-01
    outer loop
      vertex   2.928932e-01 3.300000e+01 1.470711e+01
      vertex   2.928932e-01 2.766667e+01 1.470711e+01
      vertex   5.000000e-01 3.300000e+01 1.486603e+01
    endloop
  endfacet
  facet normal -9.238795e-01 0.000000e+00 3.826834e-01
    outer loop
      vertex   1.339746e-01 4.366667e+01 1.450000e+01
      vertex   3.407417e-02 4.366667e+01 1.425882e+01
      vertex   3.407417e-02 3.833333e+01 1.425882e+01
    endloop
  endfacet
  facet normal -9.238795e-01 0.000000e+00 3.826834e-01
    outer loop
      vertex   3.407417e-02 1.166667e+01 1.425882e+01
      vertex   1.339746e-01 1.166667e+01 1.450000e+01
      vertex   1.339746e-01 1.700000e+01 1.450000e+01
    endloop
  endfacet
  facet normal -7.933533e-01 0.000000e+00 6.087614e-01
    outer loop
      vertex   1.339746e-01 1.700000e+01 1.450000e+01
      vertex   1.339746e-01 1.166667e+01 1.450000e+01
      vertex   2.928932e-01 1.700000e+01 1.470711e+01
    endloop
  endfacet
  facet normal -7.933533e-01 -1.495151e-17 6.087614e-01
    outer loop
      vertex   1.339746e-01 1.700000e+01 1.450000e+01
      vertex   2.928932e-01 1.700000e+01 1.470711e+01
      vertex   2.928932e-01 2.233333e+01 1.470711e+01
    endloop
  endfacet
  facet normal -6.087614e-01 -1.267239e-17 7.933533e-01
    outer loop
      vertex   2.928932e-01 2.233333e+01 1.470711e+01
      vertex   2.928932e-01 1.700000e+01 1.470711e+01
      vertex   5.000000e-01 2.233333e+01 1.486603e+01
    endloop
  endfacet
  facet normal -6.087614e-01 0.000000e+00 7.933533e-01
    outer loop
      vertex   2.928932e-01 2.233333e+01 1.470711e+01
      vertex   5.000000e-01 2.233333e+01 1.486603e+01
      vertex   5.000000e-01 2.766667e+01 1.486603e+01
    endloop
  endfacet
  facet normal -3.826834e-01 0.000000e+00 9.238795e-01
    outer loop
      vertex   5.000000e-01 2.766667e+01 1.486603e+01
      vertex   5.000000e-01 2.233333e+01 1.486603e+01
      vertex   7.411810e-01 2.766667e+01 1.496593e+01
    endloop
  endfacet
  facet normal -3.826834e-01 0.000000e+00 9.238795e-01
    outer loop
      vertex   5.000000e-01 2.766667e+01 1.486603e+01
      vertex   7.411810e-01 2.766667e+01 1.496593e+01
      vertex   7.411810e-01 3.300000e+01 1.496593e+01
    endloop
  endfacet
  facet normal -1.305262e-01 0.000000e+00 9.914449e-01
    outer loop
      vertex   7.411810e-01 3.300000e+01 1.496593e+01
      vertex   7.411810e-01 2.766667e+01 1.496593e+01
      vertex   1.000000e+00 4.900000e+01 1.500000e+01
    endloop
  endfacet
  facet normal -7.933533e-01 0.000000e+00 6.087614e-01
    outer loop
      vertex   2.928932e-01 1.700000e+01 1.470711e+01
      vertex   1.339746e-01 1.166667e+01 1.450000e+01
      vertex   2.928932e-01 1.166667e+01 1.470711e+01
    endloop
  endfacet
  facet normal -9.238795e-01 -2.491919e-17 3.826834e-01
    outer loop
      vertex   3.407417e-02 3.300000e+01 1.425882e+01
      vertex   1.339746e-01 3.300000e+01 1.450000e+01
      vertex   1.339746e-01 3.833333e+01 1.450000e+01
    endloop
  endfacet
  facet normal -7.933533e-01 -2.064373e-17 6.087614e-01
    outer loop
      vertex   1.339746e-01 3.833333e+01 1.450000e+01
      vertex   1.339746e-01 3.300000e+01 1.450000e+01
      vertex   2.928932e-01 3.833333e+01 1.470711e+01
    endloop
  endfacet
  facet normal -7.933533e-01 -2.491919e-17 6.087614e-01
    outer loop
      vertex   1.339746e-01 3.833333e+01 1.450000e+01
      vertex   2.928932e-01 3.833333e+01 1.470711e+01
      vertex   2.928932e-01 4.366667e+01 1.470711e+01
    endloop
  endfacet
  facet normal -6.087614e-01 -1.900859e-17 7.933533e-01
    outer loop
      vertex   2.928932e-01 4.366667e+01 1.470711e+01
      vertex   2.928932e-01 3.833333e+01 1.470711e+01
      vertex   5.000000e-01 4.366667e+01 1.486603e+01
    endloop
  endfacet
  facet normal -7.933533e-01 0.000000e+00 6.087614e-01
    outer loop
      vertex   2.928932e-01 3.833333e+01 1.470711e+01
      vertex   1.339746e-01 3.300000e+01 1.450000e+01
      vertex   2.928932e-01 3.300000e+01 1.470711e+01
    endloop
  endfacet
  facet normal -6.087614e-01 0.000000e+00 7.933533e-01
    outer loop
      vertex   2.928932e-01 1.700000e+01 1.470711e+01
      vertex   2.928932e-01 1.166667e+01 1.470711e+01
      vertex   5.000000e-01 1.700000e+01 1.486603e+01
    endloop
  endfacet
  facet normal -6.087614e-01 -6.336196e-18 7.933533e-01
    outer loop
      vertex   5.000000e-01 1.700000e+01 1.486603e+01
      vertex   2.928932e-01 1.166667e+01 1.470711e+01
      vertex   5.000000e-01 1.166667e+01 1.486603e+01
    endloop
  endfacet
  facet normal -3.826834e-01 -3.983100e-18 9.238795e-01
    outer loop
      vertex   5.000000e-01 1.700000e+01 1.486603e+01
      vertex   5.000000e-01 1.166667e+01 1.486603e+01
      vertex   7.411810e-01 1.700000e+01 1.496593e+01
    endloop
  endfacet
  facet normal -6.087614e-01 0.000000e+00 7.933533e-01
    outer loop
      vertex   2.928932e-01 3.833333e+01 1.470711e+01
      vertex   2.928932e-01 3.300000e+01 1.470711e+01
      vertex   5.000000e-01 3.833333e+01 1.486603e+01
    endloop
  endfacet
  facet normal -6.087614e-01 0.000000e+00 7.933533e-01
    outer loop
      vertex   5.000000e-01 3.833333e+01 1.486603e+01
      vertex   2.928932e-01 3.300000e+01 1.470711e+01
      vertex   5.000000e-01 3.300000e+01 1.486603e+01
    endloop
  endfacet
  facet normal -3.826834e-01 0.000000e+00 9.238795e-01
    outer loop
      vertex   5.000000e-01 3.833333e+01 1.486603e+01
      vertex   5.000000e-01 3.300000e+01 1.486603e+01
      vertex   7.411810e-01 3.833333e+01 1.496593e+01
    endloop
  endfacet
  facet normal -3.826834e-01 7.966199e-18 9.238795e-01
    outer loop
      vertex   7.411810e-01 1.166667e+01 1.496593e+01
      vertex   5.000000e-01 6.333333e+00 1.486603e+01
      vertex   7.411810e-01 6.333333e+00 1.496593e+01
    endloop
  endfacet
  facet normal -6.087614e-01 0.000000e+00 7.933533e-01
    outer loop
      vertex   2.928932e-01 1.700000e+01 1.470711e+01
      vertex   5.000000e-01 1.700000e+01 1.486603e+01
      vertex   5.000000e-01 2.233333e+01 1.486603e+01
    endloop
  endfacet
  facet normal -3.826834e-01 0.000000e+00 9.238795e-01
    outer loop
      vertex   5.000000e-01 2.233333e+01 1.486603e+01
      vertex   5.000000e-01 1.700000e+01 1.486603e+01
      vertex   7.411810e-01 2.233333e+01 1.496593e+01
    endloop
  endfacet
  facet normal -3.826834e-01 0.000000e+00 9.238795e-01
    outer loop
      vertex   5.000000e-01 2.233333e+01 1.486603e+01
      vertex   7.411810e-01 2.233333e+01 1.496593e+01
      vertex   7.411810e-01 2.766667e+01 1.496593e+01
    endloop
  endfacet
  facet normal -1.305262e-01 0.000000e+00 9.914449e-01
    outer loop
      vertex   7.411810e-01 2.766667e+01 1.496593e+01
      vertex   7.411810e-01 2.233333e+01 1.496593e+01
      vertex   1.000000e+00 4.900000e+01 1.500000e+01
    endloop
  endfacet
  facet normal -3.826834e-01 0.000000e+00 9.238795e-01
    outer loop
      vertex   7.411810e-01 2.233333e+01 1.496593e+01
      vertex   5.000000e-01 1.700000e+01 1.486603e+01
      vertex   7.411810e-01 1.700000e+01 1.496593e+01
    endloop
  endfacet
  facet normal -3.826834e-01 0.000000e+00 9.238795e-01
    outer loop
      vertex   7.411810e-01 4.366667e+01 1.496593e+01
      vertex   5.000000e-01 4.366667e+01 1.486603e+01
      vertex   5.000000e-01 3.833333e+01 1.486603e+01
    endloop
  endfacet
  facet normal -6.087614e-01 0.000000e+00 7.933533e-01
    outer loop
      vertex   5.000000e-01 3.833333e+01 1.486603e+01
      vertex   5.000000e-01 4.366667e+01 1.486603e+01
      vertex   2.928932e-01 3.833333e+01 1.470711e+01
    endloop
  endfacet
  facet normal -3.826834e-01 0.000000e+00 9.238795e-01
    outer loop
      vertex   7.411810e-01 4.366667e+01 1.496593e+01
      vertex   5.000000e-01 3.833333e+01 1.486603e+01
      vertex   7.411810e-01 3.833333e+01 1.496593e+01
    endloop
  endfacet
  facet normal -1.305262e-01 3.737878e-18 9.914449e-01
    outer loop
      vertex   1.000000e+00 1.000000e+00 1.500000e+01
      vertex   7.411810e-01 1.166667e+01 1.496593e+01
      vertex   7.411810e-01 6.333333e+00 1.496593e+01
    endloop
  endfacet
  facet normal -9.914449e-01 1.305262e-01 -2.857651e-16
    outer loop
      vertex   3.407417e-02 4.925882e+01 1.400000e+01
      vertex   3.407417e-02 4.925882e+01 9.666667e+00
      vertex   0.000000e+00 4.900000e+01 1.400000e+01
    endloop
  endfacet
  facet normal -9.914449e-01 1.305262e-01 -8.587535e-17
    outer loop
      vertex   0.000000e+00 4.900000e+01 1.400000e+01
      vertex   3.407417e-02 4.925882e+01 9.666667e+00
      vertex   3.407417e-02 4.925882e+01 5.333333e+00
    endloop
  endfacet
  facet normal -9.914449e-01 1.305262e-01 0.000000e+00
    outer loop
      vertex   0.000000e+00 4.900000e+01 1.400000e+01
      vertex   3.407417e-02 4.925882e+01 5.333333e+00
      vertex   0.000000e+00 4.900000e+01 1.000000e+00
    endloop
  endfacet
  facet normal -9.914449e-01 1.305262e-01 -8.572200e-16
    outer loop
      vertex   0.000000e+00 4.900000e+01 1.000000e+00
      vertex   3.407417e-02 4.925882e+01 5.333333e+00
      vertex   3.407417e-02 4.925882e+01 1.000000e+00
    endloop
  endfacet
  facet normal -9.238795e-01 3.826834e-01 -7.988721e-16
    outer loop
      vertex   3.407417e-02 4.925882e+01 1.000000e+00
      vertex   3.407417e-02 4.925882e+01 5.333333e+00
      vertex   1.339746e-01 4.950000e+01 1.000000e+00
    endloop
  endfacet
  facet normal -9.238795e-01 3.826834e-01 -7.692842e-16
    outer loop
      vertex   1.339746e-01 4.950000e+01 1.000000e+00
      vertex   3.407417e-02 4.925882e+01 5.333333e+00
      vertex   1.339746e-01 4.950000e+01 5.333333e+00
    endloop
  endfacet
  facet normal -7.933533e-01 6.087614e-01 -6.605994e-16
    outer loop
      vertex   1.339746e-01 4.950000e+01 1.000000e+00
      vertex   1.339746e-01 4.950000e+01 5.333333e+00
      vertex   2.928932e-01 4.970711e+01 1.000000e+00
    endloop
  endfacet
  facet normal -7.933533e-01 6.087614e-01 -4.573380e-16
    outer loop
      vertex   2.928932e-01 4.970711e+01 1.000000e+00
      vertex   1.339746e-01 4.950000e+01 5.333333e+00
      vertex   2.928932e-01 4.970711e+01 5.333333e+00
    endloop
  endfacet
  facet normal -6.087614e-01 7.933533e-01 -3.509278e-16
    outer loop
      vertex   2.928932e-01 4.970711e+01 1.000000e+00
      vertex   2.928932e-01 4.970711e+01 5.333333e+00
      vertex   5.000000e-01 4.986603e+01 1.000000e+00
    endloop
  endfacet
  facet normal -6.087614e-01 7.933533e-01 -2.866891e-15
    outer loop
      vertex   5.000000e-01 4.986603e+01 1.000000e+00
      vertex   2.928932e-01 4.970711e+01 5.333333e+00
      vertex   5.000000e-01 4.986603e+01 5.333333e+00
    endloop
  endfacet
  facet normal -3.826834e-01 9.238795e-01 -3.196474e-15
    outer loop
      vertex   5.000000e-01 4.986603e+01 1.000000e+00
      vertex   5.000000e-01 4.986603e+01 5.333333e+00
      vertex   7.411810e-01 4.996593e+01 1.000000e+00
    endloop
  endfacet
  facet normal -3.826834e-01 9.238795e-01 -1.622748e-15
    outer loop
      vertex   7.411810e-01 4.996593e+01 1.000000e+00
      vertex   5.000000e-01 4.986603e+01 5.333333e+00
      vertex   7.411810e-01 4.996593e+01 5.333333e+00
    endloop
  endfacet
  facet normal -1.305262e-01 9.914449e-01 -1.662472e-15
    outer loop
      vertex   7.411810e-01 4.996593e+01 1.000000e+00
      vertex   7.411810e-01 4.996593e+01 5.333333e+00
      vertex   1.000000e+00 5.000000e+01 1.000000e+00
    endloop
  endfacet
  facet normal -1.305262e-01 9.914449e-01 6.133954e-18
    outer loop
      vertex   1.000000e+00 5.000000e+01 1.000000e+00
      vertex   7.411810e-01 4.996593e+01 5.333333e+00
      vertex   7.411810e-01 4.996593e+01 9.666667e+00
    endloop
  endfacet
  facet normal -1.305262e-01 9.914449e-01 0.000000e+00
    outer loop
      vertex   1.000000e+00 5.000000e+01 1.000000e+00
      vertex   7.411810e-01 4.996593e+01 9.666667e+00
      vertex   1.000000e+00 5.000000e+01 1.400000e+01
    endloop
  endfacet
  facet normal -1.305262e-01 9.914449e-01 -1.226791e-17
    outer loop
      vertex   1.000000e+00 5.000000e+01 1.400000e+01
      vertex   7.411810e-01 4.996593e+01 9.666667e+00
      vertex   7.411810e-01 4.996593e+01 1.400000e+01
    endloop
  endfacet
  facet normal -3.826834e-01 9.238795e-01 -3.921821e-17
    outer loop
      vertex   7.411810e-01 4.996593e+01 1.400000e+01
      vertex   7.411810e-01 4.996593e+01 9.666667e+00
      vertex   5.000000e-01 4.986603e+01 1.400000e+01
    endloop
  endfacet
  facet normal -3.826834e-01 9.238795e-01 -1.078501e-16
    outer loop
      vertex   5.000000e-01 4.986603e+01 1.400000e+01
      vertex   7.411810e-01 4.996593e+01 9.666667e+00
      vertex   5.000000e-01 4.986603e+01 9.666667e+00
    endloop
  endfacet
  facet normal -6.087614e-01 7.933533e-01 -1.715647e-16
    outer loop
      vertex   5.000000e-01 4.986603e+01 1.400000e+01
      vertex   5.000000e-01 4.986603e+01 9.666667e+00
      vertex   2.928932e-01 4.970711e+01 1.400000e+01
    endloop
  endfacet
  facet normal -6.087614e-01 7.933533e-01 -2.339519e-17
    outer loop
      vertex   2.928932e-01 4.970711e+01 1.400000e+01
      vertex   5.000000e-01 4.986603e+01 9.666667e+00
      vertex   2.928932e-01 4.970711e+01 9.666667e+00
    endloop
  endfacet
  facet normal -7.933533e-01 6.087614e-01 -3.048920e-17
    outer loop
      vertex   2.928932e-01 4.970711e+01 1.400000e+01
      vertex   2.928932e-01 4.970711e+01 9.666667e+00
      vertex   1.339746e-01 4.950000e+01 1.400000e+01
    endloop
  endfacet
  facet normal -7.933533e-01 6.087614e-01 -2.540767e-17
    outer loop
      vertex   1.339746e-01 4.950000e+01 1.400000e+01
      vertex   2.928932e-01 4.970711e+01 9.666667e+00
      vertex   1.339746e-01 4.950000e+01 9.666667e+00
    endloop
  endfacet
  facet normal -9.238795e-01 3.826834e-01 -2.958786e-17
    outer loop
      vertex   1.339746e-01 4.950000e+01 1.400000e+01
      vertex   1.339746e-01 4.950000e+01 9.666667e+00
      vertex   3.407417e-02 4.925882e+01 1.400000e+01
    endloop
  endfacet
  facet normal -9.238795e-01 3.826834e-01 -2.662907e-16
    outer loop
      vertex   3.407417e-02 4.925882e+01 1.400000e+01
      vertex   1.339746e-01 4.950000e+01 9.666667e+00
      vertex   3.407417e-02 4.925882e+01 9.666667e+00
    endloop
  endfacet
  facet normal -9.238795e-01 3.826834e-01 -5.091181e-16
    outer loop
      vertex   1.339746e-01 4.950000e+01 5.333333e+00
      vertex   3.407417e-02 4.925882e+01 5.333333e+00
      vertex   3.407417e-02 4.925882e+01 9.666667e+00
    endloop
  endfacet
  facet normal -9.238795e-01 3.826834e-01 -5.917571e-17
    outer loop
      vertex   1.339746e-01 4.950000e+01 5.333333e+00
      vertex   3.407417e-02 4.925882e+01 9.666667e+00
      vertex   1.339746e-01 4.950000e+01 9.666667e+00
    endloop
  endfacet
  facet normal -7.933533e-01 6.087614e-01 -5.520558e-17
    outer loop
      vertex   2.928932e-01 4.970711e+01 5.333333e+00
      vertex   1.339746e-01 4.950000e+01 5.333333e+00
      vertex   1.339746e-01 4.950000e+01 9.666667e+00
    endloop
  endfacet
  facet normal -7.933533e-01 6.087614e-01 -1.016307e-16
    outer loop
      vertex   2.928932e-01 4.970711e+01 5.333333e+00
      vertex   1.339746e-01 4.950000e+01 9.666667e+00
      vertex   2.928932e-01 4.970711e+01 9.666667e+00
    endloop
  endfacet
  facet normal -6.087614e-01 7.933533e-01 -7.360744e-17
    outer loop
      vertex   5.000000e-01 4.986603e+01 5.333333e+00
      vertex   2.928932e-01 4.970711e+01 5.333333e+00
      vertex   2.928932e-01 4.970711e+01 9.666667e+00
    endloop
  endfacet
  facet normal -6.087614e-01 7.933533e-01 9.358075e-17
    outer loop
      vertex   5.000000e-01 4.986603e+01 5.333333e+00
      vertex   2.928932e-01 4.970711e+01 9.666667e+00
      vertex   5.000000e-01 4.986603e+01 9.666667e+00
    endloop
  endfacet
  facet normal -3.826834e-01 9.238795e-01 5.827256e-17
    outer loop
      vertex   7.411810e-01 4.996593e+01 5.333333e+00
      vertex   5.000000e-01 4.986603e+01 5.333333e+00
      vertex   5.000000e-01 4.986603e+01 9.666667e+00
    endloop
  endfacet
  facet normal -3.826834e-01 9.238795e-01 1.960911e-17
    outer loop
      vertex   7.411810e-01 4.996593e+01 5.333333e+00
      vertex   5.000000e-01 4.986603e+01 9.666667e+00
      vertex   7.411810e-01 4.996593e+01 9.666667e+00
    endloop
  endfacet
  facet normal -1.719883e-16 1.305262e-01 -9.914449e-01
    outer loop
      vertex   1.000000e+00 4.925882e+01 3.407417e-02
      vertex   6.600000e+00 4.925882e+01 3.407417e-02
      vertex   1.000000e+00 4.900000e+01 0.000000e+00
    endloop
  endfacet
  facet normal 0.000000e+00 1.305262e-01 -9.914449e-01
    outer loop
      vertex   1.000000e+00 4.900000e+01 0.000000e+00
      vertex   6.600000e+00 4.925882e+01 3.407417e-02
      vertex   1.220000e+01 4.925882e+01 3.407417e-02
    endloop
  endfacet
  facet normal 2.491919e-17 1.305262e-01 -9.914449e-01
    outer loop
      vertex   1.000000e+00 4.900000e+01 0.000000e+00
      vertex   1.220000e+01 4.925882e+01 3.407417e-02
      vertex   1.780000e+01 4.925882e+01 3.407417e-02
    endloop
  endfacet
  facet normal 2.289536e-17 3.826834e-01 -9.238795e-01
    outer loop
      vertex   1.780000e+01 4.925882e+01 3.407417e-02
      vertex   1.220000e+01 4.925882e+01 3.407417e-02
      vertex   1.780000e+01 4.950000e+01 1.339746e-01
    endloop
  endfacet
  facet normal 2.135930e-17 3.826834e-01 -9.238795e-01
    outer loop
      vertex   1.780000e+01 4.925882e+01 3.407417e-02
      vertex   1.780000e+01 4.950000e+01 1.339746e-01
      vertex   2.340000e+01 4.950000e+01 1.339746e-01
    endloop
  endfacet
  facet normal 1.966070e-17 6.087614e-01 -7.933533e-01
    outer loop
      vertex   2.340000e+01 4.950000e+01 1.339746e-01
      vertex   1.780000e+01 4.950000e+01 1.339746e-01
      vertex   2.340000e+01 4.970711e+01 2.928932e-01
    endloop
  endfacet
  facet normal 3.180163e-16 6.087614e-01 -7.933533e-01
    outer loop
      vertex   2.340000e+01 4.950000e+01 1.339746e-01
      vertex   2.340000e+01 4.970711e+01 2.928932e-01
      vertex   2.900000e+01 4.970711e+01 2.928932e-01
    endloop
  endfacet
  facet normal 2.413789e-16 7.933533e-01 -6.087614e-01
    outer loop
      vertex   2.900000e+01 4.970711e+01 2.928932e-01
      vertex   2.340000e+01 4.970711e+01 2.928932e-01
      vertex   2.900000e+01 4.986603e+01 5.000000e-01
    endloop
  endfacet
  facet normal 2.236531e-15 7.933533e-01 -6.087614e-01
    outer loop
      vertex   2.900000e+01 4.986603e+01 5.000000e-01
      vertex   2.340000e+01 4.970711e+01 2.928932e-01
      vertex   2.340000e+01 4.986603e+01 5.000000e-01
    endloop
  endfacet
  facet normal 2.484842e-15 9.238795e-01 -3.826834e-01
    outer loop
      vertex   2.900000e+01 4.986603e+01 5.000000e-01
      vertex   2.340000e+01 4.986603e+01 5.000000e-01
      vertex   2.900000e+01 4.996593e+01 7.411810e-01
    endloop
  endfacet
  facet normal 1.263285e-15 9.238795e-01 -3.826834e-01
    outer loop
      vertex   2.900000e+01 4.996593e+01 7.411810e-01
      vertex   2.340000e+01 4.986603e+01 5.000000e-01
      vertex   2.340000e+01 4.996593e+01 7.411810e-01
    endloop
  endfacet
  facet normal 1.289024e-15 9.914449e-01 -1.305262e-01
    outer loop
      vertex   2.900000e+01 4.996593e+01 7.411810e-01
      vertex   2.340000e+01 4.996593e+01 7.411810e-01
      vertex   2.900000e+01 5.000000e+01 1.000000e+00
    endloop
  endfacet
  facet normal -7.119768e-18 9.914449e-01 -1.305262e-01
    outer loop
      vertex   2.900000e+01 5.000000e+01 1.000000e+00
      vertex   2.340000e+01 4.996593e+01 7.411810e-01
      vertex   1.780000e+01 4.996593e+01 7.411810e-01
    endloop
  endfacet
  facet normal 0.000000e+00 9.914449e-01 -1.305262e-01
    outer loop
      vertex   2.900000e+01 5.000000e+01 1.000000e+00
      vertex   1.780000e+01 4.996593e+01 7.411810e-01
      vertex   1.220000e+01 4.996593e+01 7.411810e-01
    endloop
  endfacet
  facet normal 0.000000e+00 9.238795e-01 -3.826834e-01
    outer loop
      vertex   1.220000e+01 4.996593e+01 7.411810e-01
      vertex   1.780000e+01 4.996593e+01 7.411810e-01
      vertex   1.220000e+01 4.986603e+01 5.000000e-01
    endloop
  endfacet
  facet normal -4.509186e-17 9.238795e-01 -3.826834e-01
    outer loop
      vertex   1.220000e+01 4.996593e+01 7.411810e-01
      vertex   1.220000e+01 4.986603e+01 5.000000e-01
      vertex   6.600000e+00 4.986603e+01 5.000000e-01
    endloop
  endfacet
  facet normal -7.241367e-17 7.933533e-01 -6.087614e-01
    outer loop
      vertex   6.600000e+00 4.986603e+01 5.000000e-01
      vertex   1.220000e+01 4.986603e+01 5.000000e-01
      vertex   6.600000e+00 4.970711e+01 2.928932e-01
    endloop
  endfacet
  facet normal -5.221163e-17 7.933533e-01 -6.087614e-01
    outer loop
      vertex   6.600000e+00 4.986603e+01 5.000000e-01
      vertex   6.600000e+00 4.970711e+01 2.928932e-01
      vertex   1.000000e+00 4.970711e+01 2.928932e-01
    endloop
  endfacet
  facet normal -6.291422e-17 6.087614e-01 -7.933533e-01
    outer loop
      vertex   1.000000e+00 4.970711e+01 2.928932e-01
      vertex   6.600000e+00 4.970711e+01 2.928932e-01
      vertex   1.000000e+00 4.950000e+01 1.339746e-01
    endloop
  endfacet
  facet normal -7.864278e-17 6.087614e-01 -7.933533e-01
    outer loop
      vertex   1.000000e+00 4.950000e+01 1.339746e-01
      vertex   6.600000e+00 4.970711e+01 2.928932e-01
      vertex   6.600000e+00 4.950000e+01 1.339746e-01
    endloop
  endfacet
  facet normal -9.158146e-17 3.826834e-01 -9.238795e-01
    outer loop
      vertex   1.000000e+00 4.950000e+01 1.339746e-01
      vertex   6.600000e+00 4.950000e+01 1.339746e-01
      vertex   1.000000e+00 4.925882e+01 3.407417e-02
    endloop
  endfacet
  facet normal -1.602676e-16 3.826834e-01 -9.238795e-01
    outer loop
      vertex   1.000000e+00 4.925882e+01 3.407417e-02
      vertex   6.600000e+00 4.950000e+01 1.339746e-01
      vertex   6.600000e+00 4.925882e+01 3.407417e-02
    endloop
  endfacet
  facet normal 1.566349e-16 7.933533e-01 -6.087614e-01
    outer loop
      vertex   1.000000e+00 4.970711e+01 2.928932e-01
      vertex   1.000000e+00 4.986603e+01 5.000000e-01
      vertex   6.600000e+00 4.986603e+01 5.000000e-01
    endloop
  endfacet
  facet normal 9.862913e-17 9.238795e-01 -3.826834e-01
    outer loop
      vertex   6.600000e+00 4.986603e+01 5.000000e-01
      vertex   1.000000e+00 4.986603e+01 5.000000e-01
      vertex   6.600000e+00 4.996593e+01 7.411810e-01
    endloop
  endfacet
  facet normal -2.135930e-17 9.238795e-01 -3.826834e-01
    outer loop
      vertex   6.600000e+00 4.986603e+01 5.000000e-01
      vertex   6.600000e+00 4.996593e+01 7.411810e-01
      vertex   1.220000e+01 4.996593e+01 7.411810e-01
    endloop
  endfacet
  facet normal -7.763206e-18 9.914449e-01 -1.305262e-01
    outer loop
      vertex   1.220000e+01 4.996593e+01 7.411810e-01
      vertex   6.600000e+00 4.996593e+01 7.411810e-01
      vertex   1.000000e+00 5.000000e+01 1.000000e+00
    endloop
  endfacet
  facet normal 0.000000e+00 9.914449e-01 -1.305262e-01
    outer loop
      vertex   1.220000e+01 4.996593e+01 7.411810e-01
      vertex   1.000000e+00 5.000000e+01 1.000000e+00
      vertex   2.900000e+01 5.000000e+01 1.000000e+00
    endloop
  endfacet
  facet normal 3.797209e-17 9.238795e-01 -3.826834e-01
    outer loop
      vertex   1.000000e+00 4.986603e+01 5.000000e-01
      vertex   1.000000e+00 4.996593e+01 7.411810e-01
      vertex   6.600000e+00 4.996593e+01 7.411810e-01
    endloop
  endfacet
  facet normal 1.293868e-17 9.914449e-01 -1.305262e-01
    outer loop
      vertex   6.600000e+00 4.996593e+01 7.411810e-01
      vertex   1.000000e+00 4.996593e+01 7.411810e-01
      vertex   1.000000e+00 5.000000e+01 1.000000e+00
    endloop
  endfacet
  facet normal 4.746512e-16 6.087614e-01 -7.933533e-01
    outer loop
      vertex   2.900000e+01 4.970711e+01 2.928932e-01
      vertex   2.900000e+01 4.950000e+01 1.339746e-01
      vertex   2.340000e+01 4.950000e+01 1.339746e-01
    endloop
  endfacet
  facet normal 5.494887e-16 3.826834e-01 -9.238795e-01
    outer loop
      vertex   2.340000e+01 4.950000e+01 1.339746e-01
      vertex   2.900000e+01 4.950000e+01 1.339746e-01
      vertex   2.340000e+01 4.925882e+01 3.407417e-02
    endloop
  endfacet
  facet normal 2.135930e-17 3.826834e-01 -9.238795e-01
    outer loop
      vertex   2.340000e+01 4.950000e+01 1.339746e-01
      vertex   2.340000e+01 4.925882e+01 3.407417e-02
      vertex   1.780000e+01 4.925882e+01 3.407417e-02
    endloop
  endfacet
  facet normal 2.456975e-17 1.305262e-01 -9.914449e-01
    outer loop
      vertex   1.780000e+01 4.925882e+01 3.407417e-02
      vertex   2.340000e+01 4.925882e+01 3.407417e-02
      vertex   2.900000e+01 4.900000e+01 0.000000e+00
    endloop
  endfacet
  facet normal 0.000000e+00 1.305262e-01 -9.914449e-01
    outer loop
      vertex   1.780000e+01 4.925882e+01 3.407417e-02
      vertex   2.900000e+01 4.900000e+01 0.000000e+00
      vertex   1.000000e+00 4.900000e+01 0.000000e+00
    endloop
  endfacet
  facet normal 7.096035e-16 3.826834e-01 -9.238795e-01
    outer loop
      vertex   2.900000e+01 4.950000e+01 1.339746e-01
      vertex   2.900000e+01 4.925882e+01 3.407417e-02
      vertex   2.340000e+01 4.925882e+01 3.407417e-02
    endloop
  endfacet
  facet normal 7.616623e-16 1.305262e-01 -9.914449e-01
    outer loop
      vertex   2.340000e+01 4.925882e+01 3.407417e-02
      vertex   2.900000e+01 4.925882e+01 3.407417e-02
      vertex   2.900000e+01 4.900000e+01 0.000000e+00
    endloop
  endfacet
  facet normal 0.000000e+00 3.826834e-01 -9.238795e-01
    outer loop
      vertex   1.220000e+01 4.925882e+01 3.407417e-02
      vertex   6.600000e+00 4.925882e+01 3.407417e-02
      vertex   1.220000e+01 4.950000e+01 1.339746e-01
    endloop
  endfacet
  facet normal 4.579073e-17 3.826834e-01 -9.238795e-01
    outer loop
      vertex   1.220000e+01 4.950000e+01 1.339746e-01
      vertex   6.600000e+00 4.925882e+01 3.407417e-02
      vertex   6.600000e+00 4.950000e+01 1.339746e-01
    endloop
  endfacet
  facet normal 3.932139e-17 6.087614e-01 -7.933533e-01
    outer loop
      vertex   1.220000e+01 4.950000e+01 1.339746e-01
      vertex   6.600000e+00 4.950000e+01 1.339746e-01
      vertex   1.220000e+01 4.970711e+01 2.928932e-01
    endloop
  endfacet
  facet normal 3.932139e-17 6.087614e-01 -7.933533e-01
    outer loop
      vertex   1.220000e+01 4.970711e+01 2.928932e-01
      vertex   6.600000e+00 4.950000e+01 1.339746e-01
      vertex   6.600000e+00 4.970711e+01 2.928932e-01
    endloop
  endfacet
  facet normal 3.017236e-17 7.933533e-01 -6.087614e-01
    outer loop
      vertex   1.220000e+01 4.970711e+01 2.928932e-01
      vertex   6.600000e+00 4.970711e+01 2.928932e-01
      vertex   1.220000e+01 4.986603e+01 5.000000e-01
    endloop
  endfacet
  facet normal 2.135930e-17 3.826834e-01 -9.238795e-01
    outer loop
      vertex   1.220000e+01 4.925882e+01 3.407417e-02
      vertex   1.220000e+01 4.950000e+01 1.339746e-01
      vertex   1.780000e+01 4.950000e+01 1.339746e-01
    endloop
  endfacet
  facet normal 1.966070e-17 6.087614e-01 -7.933533e-01
    outer loop
      vertex   1.780000e+01 4.950000e+01 1.339746e-01
      vertex   1.220000e+01 4.950000e+01 1.339746e-01
      vertex   1.780000e+01 4.970711e+01 2.928932e-01
    endloop
  endfacet
  facet normal 3.797209e-17 6.087614e-01 -7.933533e-01
    outer loop
      vertex   1.780000e+01 4.950000e+01 1.339746e-01
      vertex   1.780000e+01 4.970711e+01 2.928932e-01
      vertex   2.340000e+01 4.970711e+01 2.928932e-01
    endloop
  endfacet
  facet normal 3.017236e-17 7.933533e-01 -6.087614e-01
    outer loop
      vertex   2.340000e+01 4.970711e+01 2.928932e-01
      vertex   1.780000e+01 4.970711e+01 2.928932e-01
      vertex   2.340000e+01 4.986603e+01 5.000000e-01
    endloop
  endfacet
  facet normal 3.932139e-17 6.087614e-01 -7.933533e-01
    outer loop
      vertex   1.780000e+01 4.970711e+01 2.928932e-01
      vertex   1.220000e+01 4.950000e+01 1.339746e-01
      vertex   1.220000e+01 4.970711e+01 2.928932e-01
    endloop
  endfacet
  facet normal 3.017236e-17 7.933533e-01 -6.087614e-01
    outer loop
      vertex   1.780000e+01 4.970711e+01 2.928932e-01
      vertex   1.220000e+01 4.970711e+01 2.928932e-01
      vertex   1.780000e+01 4.986603e+01 5.000000e-01
    endloop
  endfacet
  facet normal -3.620684e-17 7.933533e-01 -6.087614e-01
    outer loop
      vertex   1.780000e+01 4.986603e+01 5.000000e-01
      vertex   1.220000e+01 4.970711e+01 2.928932e-01
      vertex   1.220000e+01 4.986603e+01 5.000000e-01
    endloop
  endfacet
  facet normal -2.276057e-17 9.238795e-01 -3.826834e-01
    outer loop
      vertex   1.780000e+01 4.986603e+01 5.000000e-01
      vertex   1.220000e+01 4.986603e+01 5.000000e-01
      vertex   1.780000e+01 4.996593e+01 7.411810e-01
    endloop
  endfacet
  facet normal -3.322558e-17 9.238795e-01 -3.826834e-01
    outer loop
      vertex   2.340000e+01 4.996593e+01 7.411810e-01
      vertex   2.340000e+01 4.986603e+01 5.000000e-01
      vertex   1.780000e+01 4.986603e+01 5.000000e-01
    endloop
  endfacet
  facet normal -5.431026e-17 7.933533e-01 -6.087614e-01
    outer loop
      vertex   1.780000e+01 4.986603e+01 5.000000e-01
      vertex   2.340000e+01 4.986603e+01 5.000000e-01
      vertex   1.780000e+01 4.970711e+01 2.928932e-01
    endloop
  endfacet
  facet normal -2.276057e-17 9.238795e-01 -3.826834e-01
    outer loop
      vertex   2.340000e+01 4.996593e+01 7.411810e-01
      vertex   1.780000e+01 4.986603e+01 5.000000e-01
      vertex   1.780000e+01 4.996593e+01 7.411810e-01
    endloop
  endfacet
  facet normal 9.914449e-01 -6.604349e-16 1.305262e-01
    outer loop
      vertex   2.996593e+01 4.900000e+01 1.425882e+01
      vertex   2.996593e+01 4.366667e+01 1.425882e+01
      vertex   3.000000e+01 4.900000e+01 1.400000e+01
    endloop
  endfacet
  facet normal 9.914449e-01 0.000000e+00 1.305262e-01
    outer loop
      vertex   3.000000e+01 4.900000e+01 1.400000e+01
      vertex   2.996593e+01 4.366667e+01 1.425882e+01
      vertex   2.996593e+01 3.833333e+01 1.425882e+01
    endloop
  endfacet
  facet normal 9.914449e-01 0.000000e+00 1.305262e-01
    outer loop
      vertex   3.000000e+01 4.900000e+01 1.400000e+01
      vertex   2.996593e+01 3.833333e+01 1.425882e+01
      vertex   2.996593e+01 3.300000e+01 1.425882e+01
    endloop
  endfacet
  facet normal 9.238795e-01 -0.000000e+00 3.826834e-01
    outer loop
      vertex   2.996593e+01 3.300000e+01 1.425882e+01
      vertex   2.996593e+01 3.833333e+01 1.425882e+01
      vertex   2.986603e+01 3.300000e+01 1.450000e+01
    endloop
  endfacet
  facet normal 9.238795e-01 0.000000e+00 3.826834e-01
    outer loop
      vertex   2.996593e+01 3.300000e+01 1.425882e+01
      vertex   2.986603e+01 3.300000e+01 1.450000e+01
      vertex   2.986603e+01 2.766667e+01 1.450000e+01
    endloop
  endfacet
  facet normal 7.933533e-01 -0.000000e+00 6.087614e-01
    outer loop
      vertex   2.986603e+01 2.766667e+01 1.450000e+01
      vertex   2.986603e+01 3.300000e+01 1.450000e+01
      vertex   2.970711e+01 2.766667e+01 1.470711e+01
    endloop
  endfacet
  facet normal 7.933533e-01 0.000000e+00 6.087614e-01
    outer loop
      vertex   2.986603e+01 2.766667e+01 1.450000e+01
      vertex   2.970711e+01 2.766667e+01 1.470711e+01
      vertex   2.970711e+01 2.233333e+01 1.470711e+01
    endloop
  endfacet
  facet normal 6.087614e-01 -0.000000e+00 7.933533e-01
    outer loop
      vertex   2.970711e+01 2.233333e+01 1.470711e+01
      vertex   2.970711e+01 2.766667e+01 1.470711e+01
      vertex   2.950000e+01 2.233333e+01 1.486603e+01
    endloop
  endfacet
  facet normal 6.087614e-01 0.000000e+00 7.933533e-01
    outer loop
      vertex   2.970711e+01 2.233333e+01 1.470711e+01
      vertex   2.950000e+01 2.233333e+01 1.486603e+01
      vertex   2.950000e+01 1.700000e+01 1.486603e+01
    endloop
  endfacet
  facet normal 3.826834e-01 -0.000000e+00 9.238795e-01
    outer loop
      vertex   2.950000e+01 1.700000e+01 1.486603e+01
      vertex   2.950000e+01 2.233333e+01 1.486603e+01
      vertex   2.925882e+01 1.700000e+01 1.496593e+01
    endloop
  endfacet
  facet normal 3.826834e-01 0.000000e+00 9.238795e-01
    outer loop
      vertex   2.950000e+01 1.700000e+01 1.486603e+01
      vertex   2.925882e+01 1.700000e+01 1.496593e+01
      vertex   2.925882e+01 1.166667e+01 1.496593e+01
    endloop
  endfacet
  facet normal 1.305262e-01 -0.000000e+00 9.914449e-01
    outer loop
      vertex   2.925882e+01 1.166667e+01 1.496593e+01
      vertex   2.925882e+01 1.700000e+01 1.496593e+01
      vertex   2.900000e+01 1.000000e+00 1.500000e+01
    endloop
  endfacet
  facet normal 1.305262e-01 0.000000e+00 9.914449e-01
    outer loop
      vertex   2.925882e+01 1.166667e+01 1.496593e+01
      vertex   2.900000e+01 1.000000e+00 1.500000e+01
      vertex   2.925882e+01 6.333333e+00 1.496593e+01
    endloop
  endfacet
  facet normal 1.305262e-01 0.000000e+00 9.914449e-01
    outer loop
      vertex   2.925882e+01 6.333333e+00 1.496593e+01
      vertex   2.900000e+01 1.000000e+00 1.500000e+01
      vertex   2.925882e+01 1.000000e+00 1.496593e+01
    endloop
  endfacet
  facet normal 3.826834e-01 0.000000e+00 9.238795e-01
    outer loop
      vertex   2.925882e+01 6.333333e+00 1.496593e+01
      vertex   2.925882e+01 1.000000e+00 1.496593e+01
      vertex   2.950000e+01 6.333333e+00 1.486603e+01
    endloop
  endfacet
  facet normal 3.826834e-01 0.000000e+00 9.238795e-01
    outer loop
      vertex   2.950000e+01 6.333333e+00 1.486603e+01
      vertex   2.925882e+01 1.000000e+00 1.496593e+01
      vertex   2.950000e+01 1.000000e+00 1.486603e+01
    endloop
  endfacet
  facet normal 6.087614e-01 0.000000e+00 7.933533e-01
    outer loop
      vertex   2.950000e+01 6.333333e+00 1.486603e+01
      vertex   2.950000e+01 1.000000e+00 1.486603e+01
      vertex   2.970711e+01 6.333333e+00 1.470711e+01
    endloop
  endfacet
  facet normal 6.087614e-01 0.000000e+00 7.933533e-01
    outer loop
      vertex   2.970711e+01 6.333333e+00 1.470711e+01
      vertex   2.950000e+01 1.000000e+00 1.486603e+01
      vertex   2.970711e+01 1.000000e+00 1.470711e+01
    endloop
  endfacet
  facet normal 7.933533e-01 0.000000e+00 6.087614e-01
    outer loop
      vertex   2.970711e+01 6.333333e+00 1.470711e+01
      vertex   2.970711e+01 1.000000e+00 1.470711e+01
      vertex   2.986603e+01 6.333333e+00 1.450000e+01
    endloop
  endfacet
  facet normal 7.933533e-01 0.000000e+00 6.087614e-01
    outer loop
      vertex   2.986603e+01 6.333333e+00 1.450000e+01
      vertex   2.970711e+01 1.000000e+00 1.470711e+01
      vertex   2.986603e+01 1.000000e+00 1.450000e+01
    endloop
  endfacet
  facet normal 9.238795e-01 0.000000e+00 3.826834e-01
    outer loop
      vertex   2.986603e+01 6.333333e+00 1.450000e+01
      vertex   2.986603e+01 1.000000e+00 1.450000e+01
      vertex   2.996593e+01 6.333333e+00 1.425882e+01
    endloop
  endfacet
  facet normal 9.238795e-01 6.154274e-16 3.826834e-01
    outer loop
      vertex   2.996593e+01 6.333333e+00 1.425882e+01
      vertex   2.986603e+01 1.000000e+00 1.450000e+01
      vertex   2.996593e+01 1.000000e+00 1.425882e+01
    endloop
  endfacet
  facet normal 9.914449e-01 6.604349e-16 1.305262e-01
    outer loop
      vertex   2.996593e+01 6.333333e+00 1.425882e+01
      vertex   2.996593e+01 1.000000e+00 1.425882e+01
      vertex   3.000000e+01 1.000000e+00 1.400000e+01
    endloop
  endfacet
  facet normal 9.238795e-01 -6.154274e-16 3.826834e-01
    outer loop
      vertex   2.996593e+01 4.366667e+01 1.425882e+01
      vertex   2.996593e+01 4.900000e+01 1.425882e+01
      vertex   2.986603e+01 4.366667e+01 1.450000e+01
    endloop
  endfacet
  facet normal 9.238795e-01 -0.000000e+00 3.826834e-01
    outer loop
      vertex   2.986603e+01 4.366667e+01 1.450000e+01
      vertex   2.996593e+01 4.900000e+01 1.425882e+01
      vertex   2.986603e+01 4.900000e+01 1.450000e+01
    endloop
  endfacet
  facet normal 7.933533e-01 -0.000000e+00 6.087614e-01
    outer loop
      vertex   2.986603e+01 4.366667e+01 1.450000e+01
      vertex   2.986603e+01 4.900000e+01 1.450000e+01
      vertex   2.970711e+01 4.366667e+01 1.470711e+01
    endloop
  endfacet
  facet normal 7.933533e-01 -0.000000e+00 6.087614e-01
    outer loop
      vertex   2.970711e+01 4.366667e+01 1.470711e+01
      vertex   2.986603e+01 4.900000e+01 1.450000e+01
      vertex   2.970711e+01 4.900000e+01 1.470711e+01
    endloop
  endfacet
  facet normal 6.087614e-01 -0.000000e+00 7.933533e-01
    outer loop
      vertex   2.970711e+01 4.366667e+01 1.470711e+01
      vertex   2.970711e+01 4.900000e+01 1.470711e+01
      vertex   2.950000e+01 4.366667e+01 1.486603e+01
    endloop
  endfacet
  facet normal 6.087614e-01 -0.000000e+00 7.933533e-01
    outer loop
      vertex   2.950000e+01 4.366667e+01 1.486603e+01
      vertex   2.970711e+01 4.900000e+01 1.470711e+01
      vertex   2.950000e+01 4.900000e+01 1.486603e+01
    endloop
  endfacet
  facet normal 3.826834e-01 -0.000000e+00 9.238795e-01
    outer loop
      vertex   2.950000e+01 4.366667e+01 1.486603e+01
      vertex   2.950000e+01 4.900000e+01 1.486603e+01
      vertex   2.925882e+01 4.366667e+01 1.496593e+01
    endloop
  endfacet
  facet normal 3.826834e-01 -0.000000e+00 9.238795e-01
    outer loop
      vertex   2.925882e+01 4.366667e+01 1.496593e+01
      vertex   2.950000e+01 4.900000e+01 1.486603e+01
      vertex   2.925882e+01 4.900000e+01 1.496593e+01
    endloop
  endfacet
  facet normal 1.305262e-01 -0.000000e+00 9.914449e-01
    outer loop
      vertex   2.925882e+01 4.366667e+01 1.496593e+01
      vertex   2.925882e+01 4.900000e+01 1.496593e+01
      vertex   2.900000e+01 4.900000e+01 1.500000e+01
    endloop
  endfacet
  facet normal 1.305262e-01 -0.000000e+00 9.914449e-01
    outer loop
      vertex   2.900000e+01 1.000000e+00 1.500000e+01
      vertex   2.925882e+01 2.766667e+01 1.496593e+01
      vertex   2.900000e+01 4.900000e+01 1.500000e+01
    endloop
  endfacet
  facet normal 1.305262e-01 0.000000e+00 9.914449e-01
    outer loop
      vertex   2.900000e+01 4.900000e+01 1.500000e+01
      vertex   2.925882e+01 2.766667e+01 1.496593e+01
      vertex   2.925882e+01 3.300000e+01 1.496593e+01
    endloop
  endfacet
  facet normal 1.305262e-01 0.000000e+00 9.914449e-01
    outer loop
      vertex   2.900000e+01 4.900000e+01 1.500000e+01
      vertex   2.925882e+01 3.300000e+01 1.496593e+01
      vertex   2.925882e+01 3.833333e+01 1.496593e+01
    endloop
  endfacet
  facet normal 3.826834e-01 0.000000e+00 9.238795e-01
    outer loop
      vertex   2.925882e+01 3.833333e+01 1.496593e+01
      vertex   2.925882e+01 3.300000e+01 1.496593e+01
      vertex   2.950000e+01 3.833333e+01 1.486603e+01
    endloop
  endfacet
  facet normal 3.826834e-01 0.000000e+00 9.238795e-01
    outer loop
      vertex   2.925882e+01 3.833333e+01 1.496593e+01
      vertex   2.950000e+01 3.833333e+01 1.486603e+01
      vertex   2.950000e+01 4.366667e+01 1.486603e+01
    endloop
  endfacet
  facet normal 6.087614e-01 0.000000e+00 7.933533e-01
    outer loop
      vertex   2.950000e+01 4.366667e+01 1.486603e+01
      vertex   2.950000e+01 3.833333e+01 1.486603e+01
      vertex   2.970711e+01 4.366667e+01 1.470711e+01
    endloop
  endfacet
  facet normal 9.914449e-01 0.000000e+00 1.305262e-01
    outer loop
      vertex   3.000000e+01 4.900000e+01 1.400000e+01
      vertex   2.996593e+01 2.233333e+01 1.425882e+01
      vertex   3.000000e+01 1.000000e+00 1.400000e+01
    endloop
  endfacet
  facet normal 9.914449e-01 0.000000e+00 1.305262e-01
    outer loop
      vertex   3.000000e+01 1.000000e+00 1.400000e+01
      vertex   2.996593e+01 2.233333e+01 1.425882e+01
      vertex   2.996593e+01 1.700000e+01 1.425882e+01
    endloop
  endfacet
  facet normal 9.914449e-01 0.000000e+00 1.305262e-01
    outer loop
      vertex   3.000000e+01 1.000000e+00 1.400000e+01
      vertex   2.996593e+01 1.700000e+01 1.425882e+01
      vertex   2.996593e+01 1.166667e+01 1.425882e+01
    endloop
  endfacet
  facet normal 9.238795e-01 -0.000000e+00 3.826834e-01
    outer loop
      vertex   2.996593e+01 1.166667e+01 1.425882e+01
      vertex   2.996593e+01 1.700000e+01 1.425882e+01
      vertex   2.986603e+01 1.166667e+01 1.450000e+01
    endloop
  endfacet
  facet normal 9.238795e-01 0.000000e+00 3.826834e-01
    outer loop
      vertex   2.996593e+01 1.166667e+01 1.425882e+01
      vertex   2.986603e+01 1.166667e+01 1.450000e+01
      vertex   2.986603e+01 6.333333e+00 1.450000e+01
    endloop
  endfacet
  facet normal 7.933533e-01 -0.000000e+00 6.087614e-01
    outer loop
      vertex   2.986603e+01 6.333333e+00 1.450000e+01
      vertex   2.986603e+01 1.166667e+01 1.450000e+01
      vertex   2.970711e+01 6.333333e+00 1.470711e+01
    endloop
  endfacet
  facet normal 9.238795e-01 -0.000000e+00 3.826834e-01
    outer loop
      vertex   2.996593e+01 3.833333e+01 1.425882e+01
      vertex   2.996593e+01 4.366667e+01 1.425882e+01
      vertex   2.986603e+01 3.833333e+01 1.450000e+01
    endloop
  endfacet
  facet normal 9.238795e-01 -0.000000e+00 3.826834e-01
    outer loop
      vertex   2.986603e+01 3.833333e+01 1.450000e+01
      vertex   2.996593e+01 4.366667e+01 1.425882e+01
      vertex   2.986603e+01 4.366667e+01 1.450000e+01
    endloop
  endfacet
  facet normal 7.933533e-01 -0.000000e+00 6.087614e-01
    outer loop
      vertex   2.986603e+01 3.833333e+01 1.450000e+01
      vertex   2.986603e+01 4.366667e+01 1.450000e+01
      vertex   2.970711e+01 3.833333e+01 1.470711e+01
    endloop
  endfacet
  facet normal 7.933533e-01 -0.000000e+00 6.087614e-01
    outer loop
      vertex   2.970711e+01 3.833333e+01 1.470711e+01
      vertex   2.986603e+01 4.366667e+01 1.450000e+01
      vertex   2.970711e+01 4.366667e+01 1.470711e+01
    endloop
  endfacet
  facet normal 6.087614e-01 -0.000000e+00 7.933533e-01
    outer loop
      vertex   2.970711e+01 3.833333e+01 1.470711e+01
      vertex   2.970711e+01 4.366667e+01 1.470711e+01
      vertex   2.950000e+01 3.833333e+01 1.486603e+01
    endloop
  endfacet
  facet normal 9.914449e-01 -0.000000e+00 1.305262e-01
    outer loop
      vertex   2.996593e+01 2.233333e+01 1.425882e+01
      vertex   3.000000e+01 4.900000e+01 1.400000e+01
      vertex   2.996593e+01 2.766667e+01 1.425882e+01
    endloop
  endfacet
  facet normal 9.914449e-01 -0.000000e+00 1.305262e-01
    outer loop
      vertex   2.996593e+01 2.766667e+01 1.425882e+01
      vertex   3.000000e+01 4.900000e+01 1.400000e+01
      vertex   2.996593e+01 3.300000e+01 1.425882e+01
    endloop
  endfacet
  facet normal 9.238795e-01 -0.000000e+00 3.826834e-01
    outer loop
      vertex   2.996593e+01 2.766667e+01 1.425882e+01
      vertex   2.996593e+01 3.300000e+01 1.425882e+01
      vertex   2.986603e+01 2.766667e+01 1.450000e+01
    endloop
  endfacet
  facet normal 9.238795e-01 -0.000000e+00 3.826834e-01
    outer loop
      vertex   2.996593e+01 2.233333e+01 1.425882e+01
      vertex   2.996593e+01 2.766667e+01 1.425882e+01
      vertex   2.986603e+01 2.233333e+01 1.450000e+01
    endloop
  endfacet
  facet normal 9.238795e-01 -0.000000e+00 3.826834e-01
    outer loop
      vertex   2.986603e+01 2.233333e+01 1.450000e+01
      vertex   2.996593e+01 2.766667e+01 1.425882e+01
      vertex   2.986603e+01 2.766667e+01 1.450000e+01
    endloop
  endfacet
  facet normal 7.933533e-01 -0.000000e+00 6.087614e-01
    outer loop
      vertex   2.986603e+01 2.233333e+01 1.450000e+01
      vertex   2.986603e+01 2.766667e+01 1.450000e+01
      vertex   2.970711e+01 2.233333e+01 1.470711e+01
    endloop
  endfacet
  facet normal 9.914449e-01 -0.000000e+00 1.305262e-01
    outer loop
      vertex   2.996593e+01 6.333333e+00 1.425882e+01
      vertex   3.000000e+01 1.000000e+00 1.400000e+01
      vertex   2.996593e+01 1.166667e+01 1.425882e+01
    endloop
  endfacet
  facet normal 9.238795e-01 -0.000000e+00 3.826834e-01
    outer loop
      vertex   2.996593e+01 1.700000e+01 1.425882e+01
      vertex   2.996593e+01 2.233333e+01 1.425882e+01
      vertex   2.986603e+01 1.700000e+01 1.450000e+01
    endloop
  endfacet
  facet normal 9.238795e-01 -0.000000e+00 3.826834e-01
    outer loop
      vertex   2.986603e+01 1.700000e+01 1.450000e+01
      vertex   2.996593e+01 2.233333e+01 1.425882e+01
      vertex   2.986603e+01 2.233333e+01 1.450000e+01
    endloop
  endfacet
  facet normal 7.933533e-01 -0.000000e+00 6.087614e-01
    outer loop
      vertex   2.986603e+01 1.700000e+01 1.450000e+01
      vertex   2.986603e+01 2.233333e+01 1.450000e+01
      vertex   2.970711e+01 1.700000e+01 1.470711e+01
    endloop
  endfacet
  facet normal 7.933533e-01 -0.000000e+00 6.087614e-01
    outer loop
      vertex   2.970711e+01 1.700000e+01 1.470711e+01
      vertex   2.986603e+01 2.233333e+01 1.450000e+01
      vertex   2.970711e+01 2.233333e+01 1.470711e+01
    endloop
  endfacet
  facet normal 6.087614e-01 -0.000000e+00 7.933533e-01
    outer loop
      vertex   2.970711e+01 1.700000e+01 1.470711e+01
      vertex   2.970711e+01 2.233333e+01 1.470711e+01
      vertex   2.950000e+01 1.700000e+01 1.486603e+01
    endloop
  endfacet
  facet normal 9.238795e-01 0.000000e+00 3.826834e-01
    outer loop
      vertex   2.986603e+01 6.333333e+00 1.450000e+01
      vertex   2.996593e+01 6.333333e+00 1.425882e+01
      vertex   2.996593e+01 1.166667e+01 1.425882e+01
    endloop
  endfacet
  facet normal 9.238795e-01 0.000000e+00 3.826834e-01
    outer loop
      vertex   2.996593e+01 3.833333e+01 1.425882e+01
      vertex   2.986603e+01 3.833333e+01 1.450000e+01
      vertex   2.986603e+01 3.300000e+01 1.450000e+01
    endloop
  endfacet
  facet normal 7.933533e-01 -0.000000e+00 6.087614e-01
    outer loop
      vertex   2.986603e+01 3.300000e+01 1.450000e+01
      vertex   2.986603e+01 3.833333e+01 1.450000e+01
      vertex   2.970711e+01 3.300000e+01 1.470711e+01
    endloop
  endfacet
  facet normal 7.933533e-01 0.000000e+00 6.087614e-01
    outer loop
      vertex   2.986603e+01 3.300000e+01 1.450000e+01
      vertex   2.970711e+01 3.300000e+01 1.470711e+01
      vertex   2.970711e+01 2.766667e+01 1.470711e+01
    endloop
  endfacet
  facet normal 6.087614e-01 -0.000000e+00 7.933533e-01
    outer loop
      vertex   2.970711e+01 2.766667e+01 1.470711e+01
      vertex   2.970711e+01 3.300000e+01 1.470711e+01
      vertex   2.950000e+01 2.766667e+01 1.486603e+01
    endloop
  endfacet
  facet normal 6.087614e-01 -4.086747e-16 7.933533e-01
    outer loop
      vertex   2.970711e+01 2.766667e+01 1.470711e+01
      vertex   2.950000e+01 2.766667e+01 1.486603e+01
      vertex   2.950000e+01 2.233333e+01 1.486603e+01
    endloop
  endfacet
  facet normal 3.826834e-01 -2.549184e-16 9.238795e-01
    outer loop
      vertex   2.950000e+01 2.233333e+01 1.486603e+01
      vertex   2.950000e+01 2.766667e+01 1.486603e+01
      vertex   2.925882e+01 2.233333e+01 1.496593e+01
    endloop
  endfacet
  facet normal 3.826834e-01 0.000000e+00 9.238795e-01
    outer loop
      vertex   2.950000e+01 2.233333e+01 1.486603e+01
      vertex   2.925882e+01 2.233333e+01 1.496593e+01
      vertex   2.925882e+01 1.700000e+01 1.496593e+01
    endloop
  endfacet
  facet normal 1.305262e-01 -0.000000e+00 9.914449e-01
    outer loop
      vertex   2.925882e+01 1.700000e+01 1.496593e+01
      vertex   2.925882e+01 2.233333e+01 1.496593e+01
      vertex   2.900000e+01 1.000000e+00 1.500000e+01
    endloop
  endfacet
  facet normal 7.933533e-01 -0.000000e+00 6.087614e-01
    outer loop
      vertex   2.970711e+01 3.300000e+01 1.470711e+01
      vertex   2.986603e+01 3.833333e+01 1.450000e+01
      vertex   2.970711e+01 3.833333e+01 1.470711e+01
    endloop
  endfacet
  facet normal 9.238795e-01 0.000000e+00 3.826834e-01
    outer loop
      vertex   2.996593e+01 1.700000e+01 1.425882e+01
      vertex   2.986603e+01 1.700000e+01 1.450000e+01
      vertex   2.986603e+01 1.166667e+01 1.450000e+01
    endloop
  endfacet
  facet normal 7.933533e-01 -0.000000e+00 6.087614e-01
    outer loop
      vertex   2.986603e+01 1.166667e+01 1.450000e+01
      vertex   2.986603e+01 1.700000e+01 1.450000e+01
      vertex   2.970711e+01 1.166667e+01 1.470711e+01
    endloop
  endfacet
  facet normal 7.933533e-01 0.000000e+00 6.087614e-01
    outer loop
      vertex   2.986603e+01 1.166667e+01 1.450000e+01
      vertex   2.970711e+01 1.166667e+01 1.470711e+01
      vertex   2.970711e+01 6.333333e+00 1.470711e+01
    endloop
  endfacet
  facet normal 6.087614e-01 -0.000000e+00 7.933533e-01
    outer loop
      vertex   2.970711e+01 6.333333e+00 1.470711e+01
      vertex   2.970711e+01 1.166667e+01 1.470711e+01
      vertex   2.950000e+01 6.333333e+00 1.486603e+01
    endloop
  endfacet
  facet normal 7.933533e-01 -0.000000e+00 6.087614e-01
    outer loop
      vertex   2.970711e+01 1.166667e+01 1.470711e+01
      vertex   2.986603e+01 1.700000e+01 1.450000e+01
      vertex   2.970711e+01 1.700000e+01 1.470711e+01
    endloop
  endfacet
  facet normal 6.087614e-01 -0.000000e+00 7.933533e-01
    outer loop
      vertex   2.970711e+01 3.300000e+01 1.470711e+01
      vertex   2.970711e+01 3.833333e+01 1.470711e+01
      vertex   2.950000e+01 3.300000e+01 1.486603e+01
    endloop
  endfacet
  facet normal 6.087614e-01 -0.000000e+00 7.933533e-01
    outer loop
      vertex   2.950000e+01 3.300000e+01 1.486603e+01
      vertex   2.970711e+01 3.833333e+01 1.470711e+01
      vertex   2.950000e+01 3.833333e+01 1.486603e+01
    endloop
  endfacet
  facet normal 3.826834e-01 -0.000000e+00 9.238795e-01
    outer loop
      vertex   2.950000e+01 3.300000e+01 1.486603e+01
      vertex   2.950000e+01 3.833333e+01 1.486603e+01
      vertex   2.925882e+01 3.300000e+01 1.496593e+01
    endloop
  endfacet
  facet normal 6.087614e-01 -0.000000e+00 7.933533e-01
    outer loop
      vertex   2.970711e+01 1.166667e+01 1.470711e+01
      vertex   2.970711e+01 1.700000e+01 1.470711e+01
      vertex   2.950000e+01 1.166667e+01 1.486603e+01
    endloop
  endfacet
  facet normal 6.087614e-01 -0.000000e+00 7.933533e-01
    outer loop
      vertex   2.950000e+01 1.166667e+01 1.486603e+01
      vertex   2.970711e+01 1.700000e+01 1.470711e+01
      vertex   2.950000e+01 1.700000e+01 1.486603e+01
    endloop
  endfacet
  facet normal 3.826834e-01 -0.000000e+00 9.238795e-01
    outer loop
      vertex   2.950000e+01 1.166667e+01 1.486603e+01
      vertex   2.950000e+01 1.700000e+01 1.486603e+01
      vertex   2.925882e+01 1.166667e+01 1.496593e+01
    endloop
  endfacet
  facet normal 3.826834e-01 -0.000000e+00 9.238795e-01
    outer loop
      vertex   2.925882e+01 3.833333e+01 1.496593e+01
      vertex   2.950000e+01 4.366667e+01 1.486603e+01
      vertex   2.925882e+01 4.366667e+01 1.496593e+01
    endloop
  endfacet
  facet normal 6.087614e-01 0.000000e+00 7.933533e-01
    outer loop
      vertex   2.970711e+01 3.300000e+01 1.470711e+01
      vertex   2.950000e+01 3.300000e+01 1.486603e+01
      vertex   2.950000e+01 2.766667e+01 1.486603e+01
    endloop
  endfacet
  facet normal 3.826834e-01 -0.000000e+00 9.238795e-01
    outer loop
      vertex   2.950000e+01 2.766667e+01 1.486603e+01
      vertex   2.950000e+01 3.300000e+01 1.486603e+01
      vertex   2.925882e+01 2.766667e+01 1.496593e+01
    endloop
  endfacet
  facet normal 3.826834e-01 0.000000e+00 9.238795e-01
    outer loop
      vertex   2.950000e+01 2.766667e+01 1.486603e+01
      vertex   2.925882e+01 2.766667e+01 1.496593e+01
      vertex   2.925882e+01 2.233333e+01 1.496593e+01
    endloop
  endfacet
  facet normal 1.305262e-01 -0.000000e+00 9.914449e-01
    outer loop
      vertex   2.925882e+01 2.233333e+01 1.496593e+01
      vertex   2.925882e+01 2.766667e+01 1.496593e+01
      vertex   2.900000e+01 1.000000e+00 1.500000e+01
    endloop
  endfacet
  facet normal 3.826834e-01 -0.000000e+00 9.238795e-01
    outer loop
      vertex   2.925882e+01 2.766667e+01 1.496593e+01
      vertex   2.950000e+01 3.300000e+01 1.486603e+01
      vertex   2.925882e+01 3.300000e+01 1.496593e+01
    endloop
  endfacet
  facet normal 3.826834e-01 0.000000e+00 9.238795e-01
    outer loop
      vertex   2.925882e+01 6.333333e+00 1.496593e+01
      vertex   2.950000e+01 6.333333e+00 1.486603e+01
      vertex   2.950000e+01 1.166667e+01 1.486603e+01
    endloop
  endfacet
  facet normal 6.087614e-01 0.000000e+00 7.933533e-01
    outer loop
      vertex   2.950000e+01 1.166667e+01 1.486603e+01
      vertex   2.950000e+01 6.333333e+00 1.486603e+01
      vertex   2.970711e+01 1.166667e+01 1.470711e+01
    endloop
  endfacet
  facet normal 3.826834e-01 -0.000000e+00 9.238795e-01
    outer loop
      vertex   2.925882e+01 6.333333e+00 1.496593e+01
      vertex   2.950000e+01 1.166667e+01 1.486603e+01
      vertex   2.925882e+01 1.166667e+01 1.496593e+01
    endloop
  endfacet
  facet normal 1.305262e-01 0.000000e+00 9.914449e-01
    outer loop
      vertex   2.900000e+01 4.900000e+01 1.500000e+01
      vertex   2.925882e+01 3.833333e+01 1.496593e+01
      vertex   2.925882e+01 4.366667e+01 1.496593e+01
    endloop
  endfacet
  facet normal 1.305262e-01 9.914449e-01 1.625686e-15
    outer loop
      vertex   2.925882e+01 4.996593e+01 1.400000e+01
      vertex   2.925882e+01 4.996593e+01 9.666667e+00
      vertex   2.900000e+01 5.000000e+01 1.400000e+01
    endloop
  endfacet
  facet normal 1.305262e-01 9.914449e-01 0.000000e+00
    outer loop
      vertex   2.900000e+01 5.000000e+01 1.400000e+01
      vertex   2.925882e+01 4.996593e+01 9.666667e+00
      vertex   2.925882e+01 4.996593e+01 5.333333e+00
    endloop
  endfacet
  facet normal 1.305262e-01 9.914449e-01 0.000000e+00
    outer loop
      vertex   2.900000e+01 5.000000e+01 1.400000e+01
      vertex   2.925882e+01 4.996593e+01 5.333333e+00
      vertex   2.900000e+01 5.000000e+01 1.000000e+00
    endloop
  endfacet
  facet normal 1.305262e-01 9.914449e-01 0.000000e+00
    outer loop
      vertex   2.900000e+01 5.000000e+01 1.000000e+00
      vertex   2.925882e+01 4.996593e+01 5.333333e+00
      vertex   2.925882e+01 4.996593e+01 1.000000e+00
    endloop
  endfacet
  facet normal 3.826834e-01 9.238795e-01 -0.000000e+00
    outer loop
      vertex   2.925882e+01 4.996593e+01 1.000000e+00
      vertex   2.925882e+01 4.996593e+01 5.333333e+00
      vertex   2.950000e+01 4.986603e+01 1.000000e+00
    endloop
  endfacet
  facet normal 3.826834e-01 9.238795e-01 -0.000000e+00
    outer loop
      vertex   2.950000e+01 4.986603e+01 1.000000e+00
      vertex   2.925882e+01 4.996593e+01 5.333333e+00
      vertex   2.950000e+01 4.986603e+01 5.333333e+00
    endloop
  endfacet
  facet normal 6.087614e-01 7.933533e-01 -0.000000e+00
    outer loop
      vertex   2.950000e+01 4.986603e+01 1.000000e+00
      vertex   2.950000e+01 4.986603e+01 5.333333e+00
      vertex   2.970711e+01 4.970711e+01 1.000000e+00
    endloop
  endfacet
  facet normal 6.087614e-01 7.933533e-01 -0.000000e+00
    outer loop
      vertex   2.970711e+01 4.970711e+01 1.000000e+00
      vertex   2.950000e+01 4.986603e+01 5.333333e+00
      vertex   2.970711e+01 4.970711e+01 5.333333e+00
    endloop
  endfacet
  facet normal 7.933533e-01 6.087614e-01 -0.000000e+00
    outer loop
      vertex   2.970711e+01 4.970711e+01 1.000000e+00
      vertex   2.970711e+01 4.970711e+01 5.333333e+00
      vertex   2.986603e+01 4.950000e+01 1.000000e+00
    endloop
  endfacet
  facet normal 7.933533e-01 6.087614e-01 -0.000000e+00
    outer loop
      vertex   2.986603e+01 4.950000e+01 1.000000e+00
      vertex   2.970711e+01 4.970711e+01 5.333333e+00
      vertex   2.986603e+01 4.950000e+01 5.333333e+00
    endloop
  endfacet
  facet normal 9.238795e-01 3.826834e-01 -0.000000e+00
    outer loop
      vertex   2.986603e+01 4.950000e+01 1.000000e+00
      vertex   2.986603e+01 4.950000e+01 5.333333e+00
      vertex   2.996593e+01 4.925882e+01 1.000000e+00
    endloop
  endfacet
  facet normal 9.238795e-01 3.826834e-01 7.574491e-16
    outer loop
      vertex   2.996593e+01 4.925882e+01 1.000000e+00
      vertex   2.986603e+01 4.950000e+01 5.333333e+00
      vertex   2.996593e+01 4.925882e+01 5.333333e+00
    endloop
  endfacet
  facet normal 9.914449e-01 1.305262e-01 8.128430e-16
    outer loop
      vertex   2.996593e+01 4.925882e+01 1.000000e+00
      vertex   2.996593e+01 4.925882e+01 5.333333e+00
      vertex   3.000000e+01 4.900000e+01 1.000000e+00
    endloop
  endfacet
  facet normal 9.914449e-01 1.305262e-01 2.146884e-16
    outer loop
      vertex   3.000000e+01 4.900000e+01 1.000000e+00
      vertex   2.996593e+01 4.925882e+01 5.333333e+00
      vertex   2.996593e+01 4.925882e+01 9.666667e+00
    endloop
  endfacet
  facet normal 9.914449e-01 1.305262e-01 -0.000000e+00
    outer loop
      vertex   3.000000e+01 4.900000e+01 1.000000e+00
      vertex   2.996593e+01 4.925882e+01 9.666667e+00
      vertex   3.000000e+01 4.900000e+01 1.400000e+01
    endloop
  endfacet
  facet normal 9.914449e-01 1.305262e-01 0.000000e+00
    outer loop
      vertex   3.000000e+01 4.900000e+01 1.400000e+01
      vertex   2.996593e+01 4.925882e+01 9.666667e+00
      vertex   2.996593e+01 4.925882e+01 1.400000e+01
    endloop
  endfacet
  facet normal 9.238795e-01 3.826834e-01 0.000000e+00
    outer loop
      vertex   2.996593e+01 4.925882e+01 1.400000e+01
      vertex   2.996593e+01 4.925882e+01 9.666667e+00
      vertex   2.986603e+01 4.950000e+01 1.400000e+01
    endloop
  endfacet
  facet normal 9.238795e-01 3.826834e-01 1.514898e-15
    outer loop
      vertex   2.986603e+01 4.950000e+01 1.400000e+01
      vertex   2.996593e+01 4.925882e+01 9.666667e+00
      vertex   2.986603e+01 4.950000e+01 9.666667e+00
    endloop
  endfacet
  facet normal 7.933533e-01 6.087614e-01 1.300873e-15
    outer loop
      vertex   2.986603e+01 4.950000e+01 1.400000e+01
      vertex   2.986603e+01 4.950000e+01 9.666667e+00
      vertex   2.970711e+01 4.970711e+01 1.400000e+01
    endloop
  endfacet
  facet normal 7.933533e-01 6.087614e-01 0.000000e+00
    outer loop
      vertex   2.970711e+01 4.970711e+01 1.400000e+01
      vertex   2.986603e+01 4.950000e+01 9.666667e+00
      vertex   2.970711e+01 4.970711e+01 9.666667e+00
    endloop
  endfacet
  facet normal 6.087614e-01 7.933533e-01 0.000000e+00
    outer loop
      vertex   2.970711e+01 4.970711e+01 1.400000e+01
      vertex   2.970711e+01 4.970711e+01 9.666667e+00
      vertex   2.950000e+01 4.986603e+01 1.400000e+01
    endloop
  endfacet
  facet normal 6.087614e-01 7.933533e-01 4.990973e-16
    outer loop
      vertex   2.950000e+01 4.986603e+01 1.400000e+01
      vertex   2.970711e+01 4.970711e+01 9.666667e+00
      vertex   2.950000e+01 4.986603e+01 9.666667e+00
    endloop
  endfacet
  facet normal 3.826834e-01 9.238795e-01 3.137457e-16
    outer loop
      vertex   2.950000e+01 4.986603e+01 1.400000e+01
      vertex   2.950000e+01 4.986603e+01 9.666667e+00
      vertex   2.925882e+01 4.996593e+01 1.400000e+01
    endloop
  endfacet
  facet normal 3.826834e-01 9.238795e-01 1.514898e-15
    outer loop
      vertex   2.925882e+01 4.996593e+01 1.400000e+01
      vertex   2.950000e+01 4.986603e+01 9.666667e+00
      vertex   2.925882e+01 4.996593e+01 9.666667e+00
    endloop
  endfacet
  facet normal 3.826834e-01 9.238795e-01 0.000000e+00
    outer loop
      vertex   2.950000e+01 4.986603e+01 5.333333e+00
      vertex   2.925882e+01 4.996593e+01 5.333333e+00
      vertex   2.925882e+01 4.996593e+01 9.666667e+00
    endloop
  endfacet
  facet normal 3.826834e-01 9.238795e-01 3.029796e-15
    outer loop
      vertex   2.950000e+01 4.986603e+01 5.333333e+00
      vertex   2.925882e+01 4.996593e+01 9.666667e+00
      vertex   2.950000e+01 4.986603e+01 9.666667e+00
    endloop
  endfacet
  facet normal 6.087614e-01 7.933533e-01 2.600796e-15
    outer loop
      vertex   2.970711e+01 4.970711e+01 5.333333e+00
      vertex   2.950000e+01 4.986603e+01 5.333333e+00
      vertex   2.950000e+01 4.986603e+01 9.666667e+00
    endloop
  endfacet
  facet normal 6.087614e-01 7.933533e-01 -0.000000e+00
    outer loop
      vertex   2.970711e+01 4.970711e+01 5.333333e+00
      vertex   2.950000e+01 4.986603e+01 9.666667e+00
      vertex   2.970711e+01 4.970711e+01 9.666667e+00
    endloop
  endfacet
  facet normal 7.933533e-01 6.087614e-01 0.000000e+00
    outer loop
      vertex   2.986603e+01 4.950000e+01 5.333333e+00
      vertex   2.970711e+01 4.970711e+01 5.333333e+00
      vertex   2.970711e+01 4.970711e+01 9.666667e+00
    endloop
  endfacet
  facet normal 7.933533e-01 6.087614e-01 -0.000000e+00
    outer loop
      vertex   2.986603e+01 4.950000e+01 5.333333e+00
      vertex   2.970711e+01 4.970711e+01 9.666667e+00
      vertex   2.986603e+01 4.950000e+01 9.666667e+00
    endloop
  endfacet
  facet normal 9.238795e-01 3.826834e-01 0.000000e+00
    outer loop
      vertex   2.996593e+01 4.925882e+01 5.333333e+00
      vertex   2.986603e+01 4.950000e+01 5.333333e+00
      vertex   2.986603e+01 4.950000e+01 9.666667e+00
    endloop
  endfacet
  facet normal 9.238795e-01 3.826834e-01 6.274914e-16
    outer loop
      vertex   2.996593e+01 4.925882e+01 5.333333e+00
      vertex   2.986603e+01 4.950000e+01 9.666667e+00
      vertex   2.996593e+01 4.925882e+01 9.666667e+00
    endloop
  endfacet
  facet normal -1.257971e-15 9.914449e-01 1.305262e-01
    outer loop
      vertex   1.000000e+00 4.996593e+01 1.425882e+01
      vertex   6.600000e+00 4.996593e+01 1.425882e+01
      vertex   1.000000e+00 5.000000e+01 1.400000e+01
    endloop
  endfacet
  facet normal 0.000000e+00 9.914449e-01 1.305262e-01
    outer loop
      vertex   1.000000e+00 5.000000e+01 1.400000e+01
      vertex   6.600000e+00 4.996593e+01 1.425882e+01
      vertex   1.220000e+01 4.996593e+01 1.425882e+01
    endloop
  endfacet
  facet normal 0.000000e+00 9.914449e-01 1.305262e-01
    outer loop
      vertex   1.000000e+00 5.000000e+01 1.400000e+01
      vertex   1.220000e+01 4.996593e+01 1.425882e+01
      vertex   1.780000e+01 4.996593e+01 1.425882e+01
    endloop
  endfacet
  facet normal 0.000000e+00 9.238795e-01 3.826834e-01
    outer loop
      vertex   1.780000e+01 4.996593e+01 1.425882e+01
      vertex   1.220000e+01 4.996593e+01 1.425882e+01
      vertex   1.780000e+01 4.986603e+01 1.450000e+01
    endloop
  endfacet
  facet normal 2.420721e-16 9.238795e-01 3.826834e-01
    outer loop
      vertex   1.780000e+01 4.996593e+01 1.425882e+01
      vertex   1.780000e+01 4.986603e+01 1.450000e+01
      vertex   2.340000e+01 4.986603e+01 1.450000e+01
    endloop
  endfacet
  facet normal 3.862063e-16 7.933533e-01 6.087614e-01
    outer loop
      vertex   2.340000e+01 4.986603e+01 1.450000e+01
      vertex   1.780000e+01 4.986603e+01 1.450000e+01
      vertex   2.340000e+01 4.970711e+01 1.470711e+01
    endloop
  endfacet
  facet normal 0.000000e+00 7.933533e-01 6.087614e-01
    outer loop
      vertex   2.340000e+01 4.986603e+01 1.450000e+01
      vertex   2.340000e+01 4.970711e+01 1.470711e+01
      vertex   2.900000e+01 4.970711e+01 1.470711e+01
    endloop
  endfacet
  facet normal 0.000000e+00 6.087614e-01 7.933533e-01
    outer loop
      vertex   2.900000e+01 4.970711e+01 1.470711e+01
      vertex   2.340000e+01 4.970711e+01 1.470711e+01
      vertex   2.900000e+01 4.950000e+01 1.486603e+01
    endloop
  endfacet
  facet normal 0.000000e+00 6.087614e-01 7.933533e-01
    outer loop
      vertex   2.900000e+01 4.950000e+01 1.486603e+01
      vertex   2.340000e+01 4.970711e+01 1.470711e+01
      vertex   2.340000e+01 4.950000e+01 1.486603e+01
    endloop
  endfacet
  facet normal 0.000000e+00 3.826834e-01 9.238795e-01
    outer loop
      vertex   2.900000e+01 4.950000e+01 1.486603e+01
      vertex   2.340000e+01 4.950000e+01 1.486603e+01
      vertex   2.900000e+01 4.925882e+01 1.496593e+01
    endloop
  endfacet
  facet normal -2.930607e-16 3.826834e-01 9.238795e-01
    outer loop
      vertex   2.900000e+01 4.925882e+01 1.496593e+01
      vertex   2.340000e+01 4.950000e+01 1.486603e+01
      vertex   2.340000e+01 4.925882e+01 1.496593e+01
    endloop
  endfacet
  facet normal -3.144928e-16 1.305262e-01 9.914449e-01
    outer loop
      vertex   2.900000e+01 4.925882e+01 1.496593e+01
      vertex   2.340000e+01 4.925882e+01 1.496593e+01
      vertex   2.900000e+01 4.900000e+01 1.500000e+01
    endloop
  endfacet
  facet normal 3.144564e-16 1.305262e-01 9.914449e-01
    outer loop
      vertex   2.900000e+01 4.900000e+01 1.500000e+01
      vertex   2.340000e+01 4.925882e+01 1.496593e+01
      vertex   1.780000e+01 4.925882e+01 1.496593e+01
    endloop
  endfacet
  facet normal -1.661279e-16 1.305262e-01 9.914449e-01
    outer loop
      vertex   2.900000e+01 4.900000e+01 1.500000e+01
      vertex   1.780000e+01 4.925882e+01 1.496593e+01
      vertex   1.220000e+01 4.925882e+01 1.496593e+01
    endloop
  endfacet
  facet normal -4.855588e-16 3.826834e-01 9.238795e-01
    outer loop
      vertex   1.220000e+01 4.925882e+01 1.496593e+01
      vertex   1.780000e+01 4.925882e+01 1.496593e+01
      vertex   1.220000e+01 4.950000e+01 1.486603e+01
    endloop
  endfacet
  facet normal 0.000000e+00 3.826834e-01 9.238795e-01
    outer loop
      vertex   1.220000e+01 4.925882e+01 1.496593e+01
      vertex   1.220000e+01 4.950000e+01 1.486603e+01
      vertex   6.600000e+00 4.950000e+01 1.486603e+01
    endloop
  endfacet
  facet normal -0.000000e+00 6.087614e-01 7.933533e-01
    outer loop
      vertex   6.600000e+00 4.950000e+01 1.486603e+01
      vertex   1.220000e+01 4.950000e+01 1.486603e+01
      vertex   6.600000e+00 4.970711e+01 1.470711e+01
    endloop
  endfacet
  facet normal -2.563116e-16 6.087614e-01 7.933533e-01
    outer loop
      vertex   6.600000e+00 4.950000e+01 1.486603e+01
      vertex   6.600000e+00 4.970711e+01 1.470711e+01
      vertex   1.000000e+00 4.970711e+01 1.470711e+01
    endloop
  endfacet
  facet normal -1.931031e-16 7.933533e-01 6.087614e-01
    outer loop
      vertex   1.000000e+00 4.970711e+01 1.470711e+01
      vertex   6.600000e+00 4.970711e+01 1.470711e+01
      vertex   1.000000e+00 4.986603e+01 1.450000e+01
    endloop
  endfacet
  facet normal -2.399461e-15 7.933533e-01 6.087614e-01
    outer loop
      vertex   1.000000e+00 4.986603e+01 1.450000e+01
      vertex   6.600000e+00 4.970711e+01 1.470711e+01
      vertex   6.600000e+00 4.986603e+01 1.450000e+01
    endloop
  endfacet
  facet normal -2.587265e-15 9.238795e-01 3.826834e-01
    outer loop
      vertex   1.000000e+00 4.986603e+01 1.450000e+01
      vertex   6.600000e+00 4.986603e+01 1.450000e+01
      vertex   1.000000e+00 4.996593e+01 1.425882e+01
    endloop
  endfacet
  facet normal -1.172243e-15 9.238795e-01 3.826834e-01
    outer loop
      vertex   1.000000e+00 4.996593e+01 1.425882e+01
      vertex   6.600000e+00 4.986603e+01 1.450000e+01
      vertex   6.600000e+00 4.996593e+01 1.425882e+01
    endloop
  endfacet
  facet normal -2.563116e-16 6.087614e-01 7.933533e-01
    outer loop
      vertex   1.000000e+00 4.970711e+01 1.470711e+01
      vertex   1.000000e+00 4.950000e+01 1.486603e+01
      vertex   6.600000e+00 4.950000e+01 1.486603e+01
    endloop
  endfacet
  facet normal -2.930607e-16 3.826834e-01 9.238795e-01
    outer loop
      vertex   6.600000e+00 4.950000e+01 1.486603e+01
      vertex   1.000000e+00 4.950000e+01 1.486603e+01
      vertex   6.600000e+00 4.925882e+01 1.496593e+01
    endloop
  endfacet
  facet normal 0.000000e+00 3.826834e-01 9.238795e-01
    outer loop
      vertex   6.600000e+00 4.950000e+01 1.486603e+01
      vertex   6.600000e+00 4.925882e+01 1.496593e+01
      vertex   1.220000e+01 4.925882e+01 1.496593e+01
    endloop
  endfacet
  facet normal 0.000000e+00 1.305262e-01 9.914449e-01
    outer loop
      vertex   1.220000e+01 4.925882e+01 1.496593e+01
      vertex   6.600000e+00 4.925882e+01 1.496593e+01
      vertex   1.000000e+00 4.900000e+01 1.500000e+01
    endloop
  endfacet
  facet normal 0.000000e+00 1.305262e-01 9.914449e-01
    outer loop
      vertex   1.220000e+01 4.925882e+01 1.496593e+01
      vertex   1.000000e+00 4.900000e+01 1.500000e+01
      vertex   2.900000e+01 4.900000e+01 1.500000e+01
    endloop
  endfacet
  facet normal -5.861942e-16 3.826834e-01 9.238795e-01
    outer loop
      vertex   1.000000e+00 4.950000e+01 1.486603e+01
      vertex   1.000000e+00 4.925882e+01 1.496593e+01
      vertex   6.600000e+00 4.925882e+01 1.496593e+01
    endloop
  endfacet
  facet normal -6.289857e-16 1.305262e-01 9.914449e-01
    outer loop
      vertex   6.600000e+00 4.925882e+01 1.496593e+01
      vertex   1.000000e+00 4.925882e+01 1.496593e+01
      vertex   1.000000e+00 4.900000e+01 1.500000e+01
    endloop
  endfacet
  facet normal -3.892140e-16 7.933533e-01 6.087614e-01
    outer loop
      vertex   2.900000e+01 4.970711e+01 1.470711e+01
      vertex   2.900000e+01 4.986603e+01 1.450000e+01
      vertex   2.340000e+01 4.986603e+01 1.450000e+01
    endloop
  endfacet
  facet normal -2.427794e-16 9.238795e-01 3.826834e-01
    outer loop
      vertex   2.340000e+01 4.986603e+01 1.450000e+01
      vertex   2.900000e+01 4.986603e+01 1.450000e+01
      vertex   2.340000e+01 4.996593e+01 1.425882e+01
    endloop
  endfacet
  facet normal 0.000000e+00 9.238795e-01 3.826834e-01
    outer loop
      vertex   2.340000e+01 4.986603e+01 1.450000e+01
      vertex   2.340000e+01 4.996593e+01 1.425882e+01
      vertex   1.780000e+01 4.996593e+01 1.425882e+01
    endloop
  endfacet
  facet normal -0.000000e+00 9.914449e-01 1.305262e-01
    outer loop
      vertex   1.780000e+01 4.996593e+01 1.425882e+01
      vertex   2.340000e+01 4.996593e+01 1.425882e+01
      vertex   2.900000e+01 5.000000e+01 1.400000e+01
    endloop
  endfacet
  facet normal 0.000000e+00 9.914449e-01 1.305262e-01
    outer loop
      vertex   1.780000e+01 4.996593e+01 1.425882e+01
      vertex   2.900000e+01 5.000000e+01 1.400000e+01
      vertex   1.000000e+00 5.000000e+01 1.400000e+01
    endloop
  endfacet
  facet normal 0.000000e+00 9.238795e-01 3.826834e-01
    outer loop
      vertex   2.900000e+01 4.986603e+01 1.450000e+01
      vertex   2.900000e+01 4.996593e+01 1.425882e+01
      vertex   2.340000e+01 4.996593e+01 1.425882e+01
    endloop
  endfacet
  facet normal -0.000000e+00 9.914449e-01 1.305262e-01
    outer loop
      vertex   2.340000e+01 4.996593e+01 1.425882e+01
      vertex   2.900000e+01 4.996593e+01 1.425882e+01
      vertex   2.900000e+01 5.000000e+01 1.400000e+01
    endloop
  endfacet
  facet normal 0.000000e+00 9.238795e-01 3.826834e-01
    outer loop
      vertex   1.220000e+01 4.996593e+01 1.425882e+01
      vertex   6.600000e+00 4.996593e+01 1.425882e+01
      vertex   1.220000e+01 4.986603e+01 1.450000e+01
    endloop
  endfacet
  facet normal 0.000000e+00 9.238795e-01 3.826834e-01
    outer loop
      vertex   1.220000e+01 4.986603e+01 1.450000e+01
      vertex   6.600000e+00 4.996593e+01 1.425882e+01
      vertex   6.600000e+00 4.986603e+01 1.450000e+01
    endloop
  endfacet
  facet normal 0.000000e+00 7.933533e-01 6.087614e-01
    outer loop
      vertex   1.220000e+01 4.986603e+01 1.450000e+01
      vertex   6.600000e+00 4.986603e+01 1.450000e+01
      vertex   1.220000e+01 4.970711e+01 1.470711e+01
    endloop
  endfacet
  facet normal 0.000000e+00 7.933533e-01 6.087614e-01
    outer loop
      vertex   1.220000e+01 4.970711e+01 1.470711e+01
      vertex   6.600000e+00 4.986603e+01 1.450000e+01
      vertex   6.600000e+00 4.970711e+01 1.470711e+01
    endloop
  endfacet
  facet normal 0.000000e+00 6.087614e-01 7.933533e-01
    outer loop
      vertex   1.220000e+01 4.970711e+01 1.470711e+01
      vertex   6.600000e+00 4.970711e+01 1.470711e+01
      vertex   1.220000e+01 4.950000e+01 1.486603e+01
    endloop
  endfacet
  facet normal 0.000000e+00 9.238795e-01 3.826834e-01
    outer loop
      vertex   1.220000e+01 4.996593e+01 1.425882e+01
      vertex   1.220000e+01 4.986603e+01 1.450000e+01
      vertex   1.780000e+01 4.986603e+01 1.450000e+01
    endloop
  endfacet
  facet normal 0.000000e+00 7.933533e-01 6.087614e-01
    outer loop
      vertex   1.780000e+01 4.986603e+01 1.450000e+01
      vertex   1.220000e+01 4.986603e+01 1.450000e+01
      vertex   1.780000e+01 4.970711e+01 1.470711e+01
    endloop
  endfacet
  facet normal 0.000000e+00 7.933533e-01 6.087614e-01
    outer loop
      vertex   1.780000e+01 4.986603e+01 1.450000e+01
      vertex   1.780000e+01 4.970711e+01 1.470711e+01
      vertex   2.340000e+01 4.970711e+01 1.470711e+01
    endloop
  endfacet
  facet normal 0.000000e+00 6.087614e-01 7.933533e-01
    outer loop
      vertex   2.340000e+01 4.970711e+01 1.470711e+01
      vertex   1.780000e+01 4.970711e+01 1.470711e+01
      vertex   2.340000e+01 4.950000e+01 1.486603e+01
    endloop
  endfacet
  facet normal 0.000000e+00 7.933533e-01 6.087614e-01
    outer loop
      vertex   1.780000e+01 4.970711e+01 1.470711e+01
      vertex   1.220000e+01 4.986603e+01 1.450000e+01
      vertex   1.220000e+01 4.970711e+01 1.470711e+01
    endloop
  endfacet
  facet normal 0.000000e+00 6.087614e-01 7.933533e-01
    outer loop
      vertex   1.780000e+01 4.970711e+01 1.470711e+01
      vertex   1.220000e+01 4.970711e+01 1.470711e+01
      vertex   1.780000e+01 4.950000e+01 1.486603e+01
    endloop
  endfacet
  facet normal 0.000000e+00 6.087614e-01 7.933533e-01
    outer loop
      vertex   1.780000e+01 4.950000e+01 1.486603e+01
      vertex   1.220000e+01 4.970711e+01 1.470711e+01
      vertex   1.220000e+01 4.950000e+01 1.486603e+01
    endloop
  endfacet
  facet normal 0.000000e+00 3.826834e-01 9.238795e-01
    outer loop
      vertex   1.780000e+01 4.950000e+01 1.486603e+01
      vertex   1.220000e+01 4.950000e+01 1.486603e+01
      vertex   1.780000e+01 4.925882e+01 1.496593e+01
    endloop
  endfacet
  facet normal 0.000000e+00 3.826834e-01 9.238795e-01
    outer loop
      vertex   2.340000e+01 4.925882e+01 1.496593e+01
      vertex   2.340000e+01 4.950000e+01 1.486603e+01
      vertex   1.780000e+01 4.950000e+01 1.486603e+01
    endloop
  endfacet
  facet normal -0.000000e+00 6.087614e-01 7.933533e-01
    outer loop
      vertex   1.780000e+01 4.950000e+01 1.486603e+01
      vertex   2.340000e+01 4.950000e+01 1.486603e+01
      vertex   1.780000e+01 4.970711e+01 1.470711e+01
    endloop
  endfacet
  facet normal 2.930607e-16 3.826834e-01 9.238795e-01
    outer loop
      vertex   2.340000e+01 4.925882e+01 1.496593e+01
      vertex   1.780000e+01 4.950000e+01 1.486603e+01
      vertex   1.780000e+01 4.925882e+01 1.496593e+01
    endloop
  endfacet
  facet normal -1.000000e+00 0.000000e+00 0.000000e+00
    outer loop
      vertex   0.000000e+00 4.900000e+01 1.000000e+00
      vertex   0.000000e+00 1.000000e+00 1.000000e+00
      vertex   0.000000e+00 4.900000e+01 1.400000e+01
    endloop
  endfacet
  facet normal -1.000000e+00 -0.000000e+00 0.000000e+00
    outer loop
      vertex   0.000000e+00 4.900000e+01 1.400000e+01
      vertex   0.000000e+00 1.000000e+00 1.000000e+00
      vertex   0.000000e+00 1.000000e+00 1.400000e+01
    endloop
  endfacet
  facet normal -0.000000e+00 -0.000000e+00 -1.000000e+00
    outer loop
      vertex   1.866877e+01 1.928527e+01 0.000000e+00
      vertex   1.869346e+01 1.873000e+01 0.000000e+00
      vertex   1.748973e+01 2.216242e+01 0.000000e+00
    endloop
  endfacet
  facet normal 0.000000e+00 0.000000e+00 -1.000000e+00
    outer loop
      vertex   1.748973e+01 2.216242e+01 0.000000e+00
      vertex   1.869346e+01 1.873000e+01 0.000000e+00
      vertex   1.866643e+01 1.810382e+01 0.000000e+00
    endloop
  endfacet
  facet normal 0.000000e+00 0.000000e+00 -1.000000e+00
    outer loop
      vertex   1.748973e+01 2.216242e+01 0.000000e+00
      vertex   1.866643e+01 1.810382e+01 0.000000e+00
      vertex   1.844101e+01 1.688477e+01 0.000000e+00
    endloop
  endfacet
  facet normal 0.000000e+00 0.000000e+00 -1.000000e+00
    outer loop
      vertex   1.844101e+01 1.688477e+01 0.000000e+00
      vertex   1.866643e+01 1.810382e+01 0.000000e+00
      vertex   1.852710e+01 1.718375e+01 0.000000e+00
    endloop
  endfacet
  facet normal 0.000000e+00 0.000000e+00 -1.000000e+00
    outer loop
      vertex   1.852710e+01 1.718375e+01 0.000000e+00
      vertex   1.866643e+01 1.810382e+01 0.000000e+00
      vertex   1.859385e+01 1.748649e+01 0.000000e+00
    endloop
  endfacet
  facet normal -0.000000e+00 0.000000e+00 -1.000000e+00
    outer loop
      vertex   1.844101e+01 1.688477e+01 0.000000e+00
      vertex   1.823654e+01 1.629308e+01 0.000000e+00
      vertex   1.748973e+01 2.216242e+01 0.000000e+00
    endloop
  endfacet
  facet normal 0.000000e+00 0.000000e+00 -1.000000e+00
    outer loop
      vertex   1.748973e+01 2.216242e+01 0.000000e+00
      vertex   1.823654e+01 1.629308e+01 0.000000e+00
      vertex   1.798230e+01 1.581770e+01 0.000000e+00
    endloop
  endfacet
  facet normal 0.000000e+00 0.000000e+00 -1.000000e+00
    outer loop
      vertex   1.748973e+01 2.216242e+01 0.000000e+00
      vertex   1.798230e+01 1.581770e+01 0.000000e+00
      vertex   1.769046e+01 1.537123e+01 0.000000e+00
    endloop
  endfacet
  facet normal -0.000000e+00 0.000000e+00 -1.000000e+00
    outer loop
      vertex   1.769046e+01 1.537123e+01 0.000000e+00
      vertex   1.733535e+01 1.497339e+01 0.000000e+00
      vertex   1.748973e+01 2.216242e+01 0.000000e+00
    endloop
  endfacet
  facet normal -0.000000e+00 0.000000e+00 -1.000000e+00
    outer loop
      vertex   1.748973e+01 2.216242e+01 0.000000e+00
      vertex   1.733535e+01 1.497339e+01 0.000000e+00
      vertex   1.711962e+01 2.251231e+01 0.000000e+00
    endloop
  endfacet
  facet normal -0.000000e+00 -0.000000e+00 -1.000000e+00
    outer loop
      vertex   1.711962e+01 2.251231e+01 0.000000e+00
      vertex   1.733535e+01 1.497339e+01 0.000000e+00
      vertex   1.663102e+01 2.283955e+01 0.000000e+00
    endloop
  endfacet
  facet normal 0.000000e+00 0.000000e+00 -1.000000e+00
    outer loop
      vertex   1.663102e+01 2.283955e+01 0.000000e+00
      vertex   1.733535e+01 1.497339e+01 0.000000e+00
      vertex   1.694192e+01 1.460500e+01 0.000000e+00
    endloop
  endfacet
  facet normal 0.000000e+00 -0.000000e+00 -1.000000e+00
    outer loop
      vertex   1.663102e+01 2.283955e+01 0.000000e+00
      vertex   1.694192e+01 1.460500e+01 0.000000e+00
      vertex   1.646820e+01 1.428383e+01 0.000000e+00
    endloop
  endfacet
  facet normal -0.000000e+00 0.000000e+00 -1.000000e+00
    outer loop
      vertex   1.663102e+01 2.283955e+01 0.000000e+00
      vertex   1.646820e+01 1.428383e+01 0.000000e+00
      vertex   1.612061e+01 2.312117e+01 0.000000e+00
    endloop
  endfacet
  facet normal 0.000000e+00 -0.000000e+00 -1.000000e+00
    outer loop
      vertex   1.612061e+01 2.312117e+01 0.000000e+00
      vertex   1.646820e+01 1.428383e+01 0.000000e+00
      vertex   1.597363e+01 1.400578e+01 0.000000e+00
    endloop
  endfacet
  facet normal -0.000000e+00 0.000000e+00 -1.000000e+00
    outer loop
      vertex   1.612061e+01 2.312117e+01 0.000000e+00
      vertex   1.597363e+01 1.400578e+01 0.000000e+00
      vertex   1.557627e+01 2.333186e+01 0.000000e+00
    endloop
  endfacet
  facet normal 0.000000e+00 -0.000000e+00 -1.000000e+00
    outer loop
      vertex   1.557627e+01 2.333186e+01 0.000000e+00
      vertex   1.597363e+01 1.400578e+01 0.000000e+00
      vertex   1.544571e+01 1.379674e+01 0.000000e+00
    endloop
  endfacet
  facet normal -0.000000e+00 0.000000e+00 -1.000000e+00
    outer loop
      vertex   1.557627e+01 2.333186e+01 0.000000e+00
      vertex   1.544571e+01 1.379674e+01 0.000000e+00
      vertex   1.501269e+01 2.350231e+01 0.000000e+00
    endloop
  endfacet
  facet normal 0.000000e+00 -0.000000e+00 -1.000000e+00
    outer loop
      vertex   1.501269e+01 2.350231e+01 0.000000e+00
      vertex   1.544571e+01 1.379674e+01 0.000000e+00
      vertex   1.489846e+01 1.362769e+01 0.000000e+00
    endloop
  endfacet
  facet normal -0.000000e+00 0.000000e+00 -1.000000e+00
    outer loop
      vertex   1.501269e+01 2.350231e+01 0.000000e+00
      vertex   1.489846e+01 1.362769e+01 0.000000e+00
      vertex   1.423324e+01 2.365272e+01 0.000000e+00
    endloop
  endfacet
  facet normal 0.000000e+00 0.000000e+00 -1.000000e+00
    outer loop
      vertex   1.423324e+01 2.365272e+01 0.000000e+00
      vertex   1.489846e+01 1.362769e+01 0.000000e+00
      vertex   1.423564e+01 1.349397e+01 0.000000e+00
    endloop
  endfacet
  facet normal 0.000000e+00 -0.000000e+00 -1.000000e+00
    outer loop
      vertex   1.423324e+01 2.365272e+01 0.000000e+00
      vertex   1.423564e+01 1.349397e+01 0.000000e+00
      vertex   1.356905e+01 1.339267e+01 0.000000e+00
    endloop
  endfacet
  facet normal -0.000000e+00 0.000000e+00 -1.000000e+00
    outer loop
      vertex   1.423324e+01 2.365272e+01 0.000000e+00
      vertex   1.356905e+01 1.339267e+01 0.000000e+00
      vertex   1.344944e+01 2.376369e+01 0.000000e+00
    endloop
  endfacet
  facet normal 0.000000e+00 -0.000000e+00 -1.000000e+00
    outer loop
      vertex   1.344944e+01 2.376369e+01 0.000000e+00
      vertex   1.356905e+01 1.339267e+01 0.000000e+00
      vertex   1.289645e+01 1.334298e+01 0.000000e+00
    endloop
  endfacet
  facet normal -0.000000e+00 0.000000e+00 -1.000000e+00
    outer loop
      vertex   1.344944e+01 2.376369e+01 0.000000e+00
      vertex   1.289645e+01 1.334298e+01 0.000000e+00
      vertex   1.265906e+01 2.381475e+01 0.000000e+00
    endloop
  endfacet
  facet normal 0.000000e+00 -0.000000e+00 -1.000000e+00
    outer loop
      vertex   1.265906e+01 2.381475e+01 0.000000e+00
      vertex   1.289645e+01 1.334298e+01 0.000000e+00
      vertex   1.222039e+01 1.332308e+01 0.000000e+00
    endloop
  endfacet
  facet normal -0.000000e+00 0.000000e+00 -1.000000e+00
    outer loop
      vertex   1.265906e+01 2.381475e+01 0.000000e+00
      vertex   1.222039e+01 1.332308e+01 0.000000e+00
      vertex   1.186500e+01 2.383231e+01 0.000000e+00
    endloop
  endfacet
  facet normal 0.000000e+00 -0.000000e+00 -1.000000e+00
    outer loop
      vertex   1.186500e+01 2.383231e+01 0.000000e+00
      vertex   1.222039e+01 1.332308e+01 0.000000e+00
      vertex   1.148463e+01 1.333911e+01 0.000000e+00
    endloop
  endfacet
  facet normal 0.000000e+00 0.000000e+00 -1.000000e+00
    outer loop
      vertex   1.186500e+01 2.383231e+01 0.000000e+00
      vertex   1.148463e+01 1.333911e+01 0.000000e+00
      vertex   1.119383e+01 2.382260e+01 0.000000e+00
    endloop
  endfacet
  facet normal 0.000000e+00 -0.000000e+00 -1.000000e+00
    outer loop
      vertex   1.119383e+01 2.382260e+01 0.000000e+00
      vertex   1.148463e+01 1.333911e+01 0.000000e+00
      vertex   1.075195e+01 1.338462e+01 0.000000e+00
    endloop
  endfacet
  facet normal 0.000000e+00 0.000000e+00 -1.000000e+00
    outer loop
      vertex   1.119383e+01 2.382260e+01 0.000000e+00
      vertex   1.075195e+01 1.338462e+01 0.000000e+00
      vertex   1.052352e+01 2.379793e+01 0.000000e+00
    endloop
  endfacet
  facet normal 0.000000e+00 -0.000000e+00 -1.000000e+00
    outer loop
      vertex   1.052352e+01 2.379793e+01 0.000000e+00
      vertex   1.075195e+01 1.338462e+01 0.000000e+00
      vertex   1.002476e+01 1.348264e+01 0.000000e+00
    endloop
  endfacet
  facet normal 0.000000e+00 0.000000e+00 -1.000000e+00
    outer loop
      vertex   1.052352e+01 2.379793e+01 0.000000e+00
      vertex   1.002476e+01 1.348264e+01 0.000000e+00
      vertex   9.854743e+00 2.374720e+01 0.000000e+00
    endloop
  endfacet
  facet normal 0.000000e+00 -0.000000e+00 -1.000000e+00
    outer loop
      vertex   9.854743e+00 2.374720e+01 0.000000e+00
      vertex   1.002476e+01 1.348264e+01 0.000000e+00
      vertex   9.301155e+00 1.361500e+01 0.000000e+00
    endloop
  endfacet
  facet normal 0.000000e+00 0.000000e+00 -1.000000e+00
    outer loop
      vertex   9.854743e+00 2.374720e+01 0.000000e+00
      vertex   9.301155e+00 1.361500e+01 0.000000e+00
      vertex   9.186924e+00 2.368000e+01 0.000000e+00
    endloop
  endfacet
  facet normal 0.000000e+00 -0.000000e+00 -1.000000e+00
    outer loop
      vertex   9.186924e+00 2.368000e+01 0.000000e+00
      vertex   9.301155e+00 1.361500e+01 0.000000e+00
      vertex   8.775247e+00 1.374933e+01 0.000000e+00
    endloop
  endfacet
  facet normal 0.000000e+00 0.000000e+00 -1.000000e+00
    outer loop
      vertex   9.186924e+00 2.368000e+01 0.000000e+00
      vertex   8.775247e+00 1.374933e+01 0.000000e+00
      vertex   8.620545e+00 2.361766e+01 0.000000e+00
    endloop
  endfacet
  facet normal 0.000000e+00 -0.000000e+00 -1.000000e+00
    outer loop
      vertex   8.620545e+00 2.361766e+01 0.000000e+00
      vertex   8.775247e+00 1.374933e+01 0.000000e+00
      vertex   8.253842e+00 1.389789e+01 0.000000e+00
    endloop
  endfacet
  facet normal 0.000000e+00 0.000000e+00 -1.000000e+00
    outer loop
      vertex   8.620545e+00 2.361766e+01 0.000000e+00
      vertex   8.253842e+00 1.389789e+01 0.000000e+00
      vertex   7.740454e+00 1.407181e+01 0.000000e+00
    endloop
  endfacet
  facet normal 0.000000e+00 0.000000e+00 -1.000000e+00
    outer loop
      vertex   8.620545e+00 2.361766e+01 0.000000e+00
      vertex   7.740454e+00 1.407181e+01 0.000000e+00
      vertex   8.053312e+00 2.356825e+01 0.000000e+00
    endloop
  endfacet
  facet normal 0.000000e+00 0.000000e+00 -1.000000e+00
    outer loop
      vertex   8.053312e+00 2.356825e+01 0.000000e+00
      vertex   7.740454e+00 1.407181e+01 0.000000e+00
      vertex   7.232308e+00 1.426231e+01 0.000000e+00
    endloop
  endfacet
  facet normal 0.000000e+00 0.000000e+00 -1.000000e+00
    outer loop
      vertex   8.053312e+00 2.356825e+01 0.000000e+00
      vertex   7.232308e+00 1.426231e+01 0.000000e+00
      vertex   7.484612e+00 2.354107e+01 0.000000e+00
    endloop
  endfacet
  facet normal 0.000000e+00 0.000000e+00 -1.000000e+00
    outer loop
      vertex   7.484612e+00 2.354107e+01 0.000000e+00
      vertex   7.232308e+00 1.426231e+01 0.000000e+00
      vertex   6.883563e+00 1.441142e+01 0.000000e+00
    endloop
  endfacet
  facet normal 0.000000e+00 0.000000e+00 -1.000000e+00
    outer loop
      vertex   7.484612e+00 2.354107e+01 0.000000e+00
      vertex   6.883563e+00 1.441142e+01 0.000000e+00
      vertex   6.537893e+00 1.456699e+01 0.000000e+00
    endloop
  endfacet
  facet normal 0.000000e+00 0.000000e+00 -1.000000e+00
    outer loop
      vertex   7.484612e+00 2.354107e+01 0.000000e+00
      vertex   6.537893e+00 1.456699e+01 0.000000e+00
      vertex   6.915001e+00 2.352769e+01 0.000000e+00
    endloop
  endfacet
  facet normal 0.000000e+00 0.000000e+00 -1.000000e+00
    outer loop
      vertex   6.915001e+00 2.352769e+01 0.000000e+00
      vertex   6.537893e+00 1.456699e+01 0.000000e+00
      vertex   6.197815e+00 1.473431e+01 0.000000e+00
    endloop
  endfacet
  facet normal 0.000000e+00 0.000000e+00 -1.000000e+00
    outer loop
      vertex   6.915001e+00 2.352769e+01 0.000000e+00
      vertex   6.197815e+00 1.473431e+01 0.000000e+00
      vertex   5.861539e+00 1.490962e+01 0.000000e+00
    endloop
  endfacet
  facet normal -0.000000e+00 0.000000e+00 -1.000000e+00
    outer loop
      vertex   6.915001e+00 2.352769e+01 0.000000e+00
      vertex   5.861539e+00 1.490962e+01 0.000000e+00
      vertex   6.622646e+00 2.354316e+01 0.000000e+00
    endloop
  endfacet
  facet normal 0.000000e+00 0.000000e+00 -1.000000e+00
    outer loop
      vertex   6.622646e+00 2.354316e+01 0.000000e+00
      vertex   5.861539e+00 1.490962e+01 0.000000e+00
      vertex   5.677981e+00 1.501116e+01 0.000000e+00
    endloop
  endfacet
  facet normal 0.000000e+00 0.000000e+00 -1.000000e+00
    outer loop
      vertex   6.622646e+00 2.354316e+01 0.000000e+00
      vertex   5.677981e+00 1.501116e+01 0.000000e+00
      vertex   5.489626e+00 1.509900e+01 0.000000e+00
    endloop
  endfacet
  facet normal -0.000000e+00 0.000000e+00 -1.000000e+00
    outer loop
      vertex   6.622646e+00 2.354316e+01 0.000000e+00
      vertex   5.489626e+00 1.509900e+01 0.000000e+00
      vertex   6.344930e+00 2.359728e+01 0.000000e+00
    endloop
  endfacet
  facet normal 0.000000e+00 0.000000e+00 -1.000000e+00
    outer loop
      vertex   6.344930e+00 2.359728e+01 0.000000e+00
      vertex   5.489626e+00 1.509900e+01 0.000000e+00
      vertex   5.292069e+00 1.516056e+01 0.000000e+00
    endloop
  endfacet
  facet normal -0.000000e+00 0.000000e+00 -1.000000e+00
    outer loop
      vertex   6.344930e+00 2.359728e+01 0.000000e+00
      vertex   5.292069e+00 1.516056e+01 0.000000e+00
      vertex   6.216032e+00 2.365065e+01 0.000000e+00
    endloop
  endfacet
  facet normal 0.000000e+00 0.000000e+00 -1.000000e+00
    outer loop
      vertex   6.216032e+00 2.365065e+01 0.000000e+00
      vertex   5.292069e+00 1.516056e+01 0.000000e+00
      vertex   5.087308e+00 1.520154e+01 0.000000e+00
    endloop
  endfacet
  facet normal -0.000000e+00 0.000000e+00 -1.000000e+00
    outer loop
      vertex   6.216032e+00 2.365065e+01 0.000000e+00
      vertex   5.087308e+00 1.520154e+01 0.000000e+00
      vertex   6.094009e+00 2.372216e+01 0.000000e+00
    endloop
  endfacet
  facet normal -0.000000e+00 0.000000e+00 -1.000000e+00
    outer loop
      vertex   6.094009e+00 2.372216e+01 0.000000e+00
      vertex   5.087308e+00 1.520154e+01 0.000000e+00
      vertex   5.861539e+00 2.389577e+01 0.000000e+00
    endloop
  endfacet
  facet normal 0.000000e+00 0.000000e+00 -1.000000e+00
    outer loop
      vertex   5.861539e+00 2.389577e+01 0.000000e+00
      vertex   5.087308e+00 1.520154e+01 0.000000e+00
      vertex   4.990552e+00 1.519187e+01 0.000000e+00
    endloop
  endfacet
  facet normal 0.000000e+00 0.000000e+00 -1.000000e+00
    outer loop
      vertex   5.861539e+00 2.389577e+01 0.000000e+00
      vertex   4.990552e+00 1.519187e+01 0.000000e+00
      vertex   4.898090e+00 1.517023e+01 0.000000e+00
    endloop
  endfacet
  facet normal -0.000000e+00 0.000000e+00 -1.000000e+00
    outer loop
      vertex   4.898090e+00 1.517023e+01 0.000000e+00
      vertex   4.812832e+00 1.512849e+01 0.000000e+00
      vertex   5.861539e+00 2.389577e+01 0.000000e+00
    endloop
  endfacet
  facet normal 0.000000e+00 0.000000e+00 -1.000000e+00
    outer loop
      vertex   5.861539e+00 2.389577e+01 0.000000e+00
      vertex   4.812832e+00 1.512849e+01 0.000000e+00
      vertex   4.731924e+00 1.507462e+01 0.000000e+00
    endloop
  endfacet
  facet normal -0.000000e+00 0.000000e+00 -1.000000e+00
    outer loop
      vertex   5.861539e+00 2.389577e+01 0.000000e+00
      vertex   4.731924e+00 1.507462e+01 0.000000e+00
      vertex   5.701040e+00 2.421363e+01 0.000000e+00
    endloop
  endfacet
  facet normal 5.873209e-14 -6.228044e-15 -1.000000e+00
    outer loop
      vertex   5.701040e+00 2.421363e+01 0.000000e+00
      vertex   4.731924e+00 1.507462e+01 0.000000e+00
      vertex   4.646168e+00 1.497897e+01 -4.440892e-15
    endloop
  endfacet
  facet normal 9.498416e-16 3.723937e-16 -1.000000e+00
    outer loop
      vertex   5.701040e+00 2.421363e+01 0.000000e+00
      vertex   4.646168e+00 1.497897e+01 -4.440892e-15
      vertex   5.637030e+00 2.437690e+01 0.000000e+00
    endloop
  endfacet
  facet normal -7.680225e-16 5.535151e-16 -1.000000e+00
    outer loop
      vertex   5.637030e+00 2.437690e+01 0.000000e+00
      vertex   4.646168e+00 1.497897e+01 -4.440892e-15
      vertex   4.571925e+00 1.487595e+01 -4.440892e-15
    endloop
  endfacet
  facet normal 1.226230e-15 3.299492e-16 -1.000000e+00
    outer loop
      vertex   5.637030e+00 2.437690e+01 0.000000e+00
      vertex   4.571925e+00 1.487595e+01 -4.440892e-15
      vertex   5.591755e+00 2.454516e+01 0.000000e+00
    endloop
  endfacet
  facet normal -1.139662e-15 5.794842e-16 -1.000000e+00
    outer loop
      vertex   5.591755e+00 2.454516e+01 0.000000e+00
      vertex   4.571925e+00 1.487595e+01 -4.440892e-15
      vertex   4.514177e+00 1.476238e+01 -4.440892e-15
    endloop
  endfacet
  facet normal -1.260851e-13 1.434227e-14 -1.000000e+00
    outer loop
      vertex   5.591755e+00 2.454516e+01 0.000000e+00
      vertex   4.514177e+00 1.476238e+01 -4.440892e-15
      vertex   4.465385e+00 1.464308e+01 0.000000e+00
    endloop
  endfacet
  facet normal -0.000000e+00 0.000000e+00 -1.000000e+00
    outer loop
      vertex   5.591755e+00 2.454516e+01 0.000000e+00
      vertex   4.465385e+00 1.464308e+01 0.000000e+00
      vertex   5.550167e+00 2.489475e+01 0.000000e+00
    endloop
  endfacet
  facet normal 0.000000e+00 0.000000e+00 -1.000000e+00
    outer loop
      vertex   5.550167e+00 2.489475e+01 0.000000e+00
      vertex   4.465385e+00 1.464308e+01 0.000000e+00
      vertex   4.406553e+00 1.444692e+01 0.000000e+00
    endloop
  endfacet
  facet normal -0.000000e+00 0.000000e+00 -1.000000e+00
    outer loop
      vertex   5.550167e+00 2.489475e+01 0.000000e+00
      vertex   4.406553e+00 1.444692e+01 0.000000e+00
      vertex   5.544232e+00 2.525385e+01 0.000000e+00
    endloop
  endfacet
  facet normal 0.000000e+00 0.000000e+00 -1.000000e+00
    outer loop
      vertex   5.544232e+00 2.525385e+01 0.000000e+00
      vertex   4.406553e+00 1.444692e+01 0.000000e+00
      vertex   4.358128e+00 1.424855e+01 0.000000e+00
    endloop
  endfacet
  facet normal -0.000000e+00 0.000000e+00 -1.000000e+00
    outer loop
      vertex   5.544232e+00 2.525385e+01 0.000000e+00
      vertex   4.358128e+00 1.424855e+01 0.000000e+00
      vertex   1.000000e+00 4.900000e+01 0.000000e+00
    endloop
  endfacet
  facet normal 0.000000e+00 0.000000e+00 -1.000000e+00
    outer loop
      vertex   1.000000e+00 4.900000e+01 0.000000e+00
      vertex   4.358128e+00 1.424855e+01 0.000000e+00
      vertex   4.325038e+00 1.404690e+01 0.000000e+00
    endloop
  endfacet
  facet normal 0.000000e+00 0.000000e+00 -1.000000e+00
    outer loop
      vertex   1.000000e+00 4.900000e+01 0.000000e+00
      vertex   4.325038e+00 1.404690e+01 0.000000e+00
      vertex   1.000000e+00 1.000000e+00 0.000000e+00
    endloop
  endfacet
  facet normal 0.000000e+00 0.000000e+00 -1.000000e+00
    outer loop
      vertex   1.000000e+00 1.000000e+00 0.000000e+00
      vertex   4.325038e+00 1.404690e+01 0.000000e+00
      vertex   4.300385e+00 1.384346e+01 0.000000e+00
    endloop
  endfacet
  facet normal -4.107516e-14 1.055509e-14 -1.000000e+00
    outer loop
      vertex   1.000000e+00 1.000000e+00 0.000000e+00
      vertex   4.300385e+00 1.384346e+01 0.000000e+00
      vertex   4.277102e+00 1.354249e+01 -2.220446e-15
    endloop
  endfacet
  facet normal -8.656392e-16 4.914036e-17 -1.000000e+00
    outer loop
      vertex   4.277102e+00 1.354249e+01 -2.220446e-15
      vertex   4.260001e+00 1.324124e+01 -2.220446e-15
      vertex   1.000000e+00 1.000000e+00 0.000000e+00
    endloop
  endfacet
  facet normal -7.542149e-16 1.946661e-17 -1.000000e+00
    outer loop
      vertex   1.000000e+00 1.000000e+00 0.000000e+00
      vertex   4.260001e+00 1.324124e+01 -2.220446e-15
      vertex   4.252215e+00 1.293958e+01 -2.220446e-15
    endloop
  endfacet
  facet normal 2.717876e-14 -7.589180e-15 -1.000000e+00
    outer loop
      vertex   1.000000e+00 1.000000e+00 0.000000e+00
      vertex   4.252215e+00 1.293958e+01 -2.220446e-15
      vertex   4.249616e+00 1.263769e+01 0.000000e+00
    endloop
  endfacet
  facet normal 0.000000e+00 -0.000000e+00 -1.000000e+00
    outer loop
      vertex   4.249616e+00 1.263769e+01 0.000000e+00
      vertex   4.251002e+00 1.235200e+01 0.000000e+00
      vertex   1.000000e+00 1.000000e+00 0.000000e+00
    endloop
  endfacet
  facet normal 0.000000e+00 0.000000e+00 -1.000000e+00
    outer loop
      vertex   1.000000e+00 1.000000e+00 0.000000e+00
      vertex   4.251002e+00 1.235200e+01 0.000000e+00
      vertex   4.254955e+00 1.206637e+01 0.000000e+00
    endloop
  endfacet
  facet normal 0.000000e+00 0.000000e+00 -1.000000e+00
    outer loop
      vertex   1.000000e+00 1.000000e+00 0.000000e+00
      vertex   4.254955e+00 1.206637e+01 0.000000e+00
      vertex   4.263481e+00 1.178084e+01 0.000000e+00
    endloop
  endfacet
  facet normal 0.000000e+00 -0.000000e+00 -1.000000e+00
    outer loop
      vertex   4.263481e+00 1.178084e+01 0.000000e+00
      vertex   4.275001e+00 1.149539e+01 0.000000e+00
      vertex   1.000000e+00 1.000000e+00 0.000000e+00
    endloop
  endfacet
  facet normal 0.000000e+00 0.000000e+00 -1.000000e+00
    outer loop
      vertex   1.000000e+00 1.000000e+00 0.000000e+00
      vertex   4.275001e+00 1.149539e+01 0.000000e+00
      vertex   4.287813e+00 1.129440e+01 0.000000e+00
    endloop
  endfacet
  facet normal 0.000000e+00 0.000000e+00 -1.000000e+00
    outer loop
      vertex   1.000000e+00 1.000000e+00 0.000000e+00
      vertex   4.287813e+00 1.129440e+01 0.000000e+00
      vertex   4.305423e+00 1.109397e+01 0.000000e+00
    endloop
  endfacet
  facet normal 0.000000e+00 -0.000000e+00 -1.000000e+00
    outer loop
      vertex   4.305423e+00 1.109397e+01 0.000000e+00
      vertex   4.331715e+00 1.089454e+01 0.000000e+00
      vertex   1.000000e+00 1.000000e+00 0.000000e+00
    endloop
  endfacet
  facet normal 0.000000e+00 0.000000e+00 -1.000000e+00
    outer loop
      vertex   1.000000e+00 1.000000e+00 0.000000e+00
      vertex   4.331715e+00 1.089454e+01 0.000000e+00
      vertex   4.363847e+00 1.069577e+01 0.000000e+00
    endloop
  endfacet
  facet normal 0.000000e+00 0.000000e+00 -1.000000e+00
    outer loop
      vertex   1.000000e+00 1.000000e+00 0.000000e+00
      vertex   4.363847e+00 1.069577e+01 0.000000e+00
      vertex   4.395023e+00 1.055624e+01 0.000000e+00
    endloop
  endfacet
  facet normal 0.000000e+00 -0.000000e+00 -1.000000e+00
    outer loop
      vertex   4.395023e+00 1.055624e+01 0.000000e+00
      vertex   4.431454e+00 1.041833e+01 0.000000e+00
      vertex   1.000000e+00 1.000000e+00 0.000000e+00
    endloop
  endfacet
  facet normal 0.000000e+00 0.000000e+00 -1.000000e+00
    outer loop
      vertex   1.000000e+00 1.000000e+00 0.000000e+00
      vertex   4.431454e+00 1.041833e+01 0.000000e+00
      vertex   4.477161e+00 1.028325e+01 0.000000e+00
    endloop
  endfacet
  facet normal 0.000000e+00 0.000000e+00 -1.000000e+00
    outer loop
      vertex   1.000000e+00 1.000000e+00 0.000000e+00
      vertex   4.477161e+00 1.028325e+01 0.000000e+00
      vertex   4.528847e+00 1.015000e+01 0.000000e+00
    endloop
  endfacet
  facet normal 0.000000e+00 -0.000000e+00 -1.000000e+00
    outer loop
      vertex   4.528847e+00 1.015000e+01 0.000000e+00
      vertex   4.592329e+00 1.003338e+01 0.000000e+00
      vertex   1.000000e+00 1.000000e+00 0.000000e+00
    endloop
  endfacet
  facet normal 0.000000e+00 0.000000e+00 -1.000000e+00
    outer loop
      vertex   1.000000e+00 1.000000e+00 0.000000e+00
      vertex   4.592329e+00 1.003338e+01 0.000000e+00
      vertex   4.664692e+00 9.923438e+00 0.000000e+00
    endloop
  endfacet
  facet normal 0.000000e+00 0.000000e+00 -1.000000e+00
    outer loop
      vertex   1.000000e+00 1.000000e+00 0.000000e+00
      vertex   4.664692e+00 9.923438e+00 0.000000e+00
      vertex   4.751294e+00 9.824194e+00 0.000000e+00
    endloop
  endfacet
  facet normal 0.000000e+00 -0.000000e+00 -1.000000e+00
    outer loop
      vertex   4.751294e+00 9.824194e+00 0.000000e+00
      vertex   4.846154e+00 9.731154e+00 0.000000e+00
      vertex   1.000000e+00 1.000000e+00 0.000000e+00
    endloop
  endfacet
  facet normal 0.000000e+00 0.000000e+00 -1.000000e+00
    outer loop
      vertex   1.000000e+00 1.000000e+00 0.000000e+00
      vertex   4.846154e+00 9.731154e+00 0.000000e+00
      vertex   5.062159e+00 9.587850e+00 0.000000e+00
    endloop
  endfacet
  facet normal 0.000000e+00 0.000000e+00 -1.000000e+00
    outer loop
      vertex   1.000000e+00 1.000000e+00 0.000000e+00
      vertex   5.062159e+00 9.587850e+00 0.000000e+00
      vertex   5.286285e+00 9.459364e+00 0.000000e+00
    endloop
  endfacet
  facet normal 0.000000e+00 -0.000000e+00 -1.000000e+00
    outer loop
      vertex   5.286285e+00 9.459364e+00 0.000000e+00
      vertex   5.520523e+00 9.349328e+00 0.000000e+00
      vertex   1.000000e+00 1.000000e+00 0.000000e+00
    endloop
  endfacet
  facet normal 0.000000e+00 0.000000e+00 -1.000000e+00
    outer loop
      vertex   1.000000e+00 1.000000e+00 0.000000e+00
      vertex   5.520523e+00 9.349328e+00 0.000000e+00
      vertex   5.760000e+00 9.248848e+00 0.000000e+00
    endloop
  endfacet
  facet normal 0.000000e+00 0.000000e+00 -1.000000e+00
    outer loop
      vertex   1.000000e+00 1.000000e+00 0.000000e+00
      vertex   5.760000e+00 9.248848e+00 0.000000e+00
      vertex   6.200596e+00 9.082244e+00 0.000000e+00
    endloop
  endfacet
  facet normal 0.000000e+00 -0.000000e+00 -1.000000e+00
    outer loop
      vertex   6.200596e+00 9.082244e+00 0.000000e+00
      vertex   6.645200e+00 8.927793e+00 0.000000e+00
      vertex   1.000000e+00 1.000000e+00 0.000000e+00
    endloop
  endfacet
  facet normal 0.000000e+00 0.000000e+00 -1.000000e+00
    outer loop
      vertex   1.000000e+00 1.000000e+00 0.000000e+00
      vertex   6.645200e+00 8.927793e+00 0.000000e+00
      vertex   7.095762e+00 8.791405e+00 0.000000e+00
    endloop
  endfacet
  facet normal 0.000000e+00 0.000000e+00 -1.000000e+00
    outer loop
      vertex   1.000000e+00 1.000000e+00 0.000000e+00
      vertex   7.095762e+00 8.791405e+00 0.000000e+00
      vertex   7.549616e+00 8.664999e+00 0.000000e+00
    endloop
  endfacet
  facet normal 0.000000e+00 -0.000000e+00 -1.000000e+00
    outer loop
      vertex   7.549616e+00 8.664999e+00 0.000000e+00
      vertex   8.160005e+00 8.518152e+00 0.000000e+00
      vertex   1.000000e+00 1.000000e+00 0.000000e+00
    endloop
  endfacet
  facet normal 0.000000e+00 0.000000e+00 -1.000000e+00
    outer loop
      vertex   1.000000e+00 1.000000e+00 0.000000e+00
      vertex   8.160005e+00 8.518152e+00 0.000000e+00
      vertex   8.773333e+00 8.386192e+00 0.000000e+00
    endloop
  endfacet
  facet normal 0.000000e+00 0.000000e+00 -1.000000e+00
    outer loop
      vertex   1.000000e+00 1.000000e+00 0.000000e+00
      vertex   8.773333e+00 8.386192e+00 0.000000e+00
      vertex   9.391300e+00 8.277714e+00 0.000000e+00
    endloop
  endfacet
  facet normal 0.000000e+00 -0.000000e+00 -1.000000e+00
    outer loop
      vertex   9.391300e+00 8.277714e+00 0.000000e+00
      vertex   1.001192e+01 8.182693e+00 0.000000e+00
      vertex   1.000000e+00 1.000000e+00 0.000000e+00
    endloop
  endfacet
  facet normal 0.000000e+00 0.000000e+00 -1.000000e+00
    outer loop
      vertex   1.000000e+00 1.000000e+00 0.000000e+00
      vertex   1.001192e+01 8.182693e+00 0.000000e+00
      vertex   1.073308e+01 8.100559e+00 0.000000e+00
    endloop
  endfacet
  facet normal 0.000000e+00 0.000000e+00 -1.000000e+00
    outer loop
      vertex   1.000000e+00 1.000000e+00 0.000000e+00
      vertex   1.073308e+01 8.100559e+00 0.000000e+00
      vertex   1.145552e+01 8.037603e+00 0.000000e+00
    endloop
  endfacet
  facet normal 0.000000e+00 -0.000000e+00 -1.000000e+00
    outer loop
      vertex   1.145552e+01 8.037603e+00 0.000000e+00
      vertex   1.218004e+01 8.005817e+00 0.000000e+00
      vertex   1.000000e+00 1.000000e+00 0.000000e+00
    endloop
  endfacet
  facet normal 0.000000e+00 0.000000e+00 -1.000000e+00
    outer loop
      vertex   1.000000e+00 1.000000e+00 0.000000e+00
      vertex   1.218004e+01 8.005817e+00 0.000000e+00
      vertex   1.290577e+01 7.992311e+00 0.000000e+00
    endloop
  endfacet
  facet normal 0.000000e+00 0.000000e+00 -1.000000e+00
    outer loop
      vertex   1.000000e+00 1.000000e+00 0.000000e+00
      vertex   1.290577e+01 7.992311e+00 0.000000e+00
      vertex   1.424319e+01 8.043154e+00 0.000000e+00
    endloop
  endfacet
  facet normal 0.000000e+00 0.000000e+00 -1.000000e+00
    outer loop
      vertex   1.000000e+00 1.000000e+00 0.000000e+00
      vertex   1.424319e+01 8.043154e+00 0.000000e+00
      vertex   2.900000e+01 1.000000e+00 0.000000e+00
    endloop
  endfacet
  facet normal 0.000000e+00 0.000000e+00 -1.000000e+00
    outer loop
      vertex   2.900000e+01 1.000000e+00 0.000000e+00
      vertex   1.424319e+01 8.043154e+00 0.000000e+00
      vertex   1.490849e+01 8.091735e+00 0.000000e+00
    endloop
  endfacet
  facet normal 0.000000e+00 0.000000e+00 -1.000000e+00
    outer loop
      vertex   2.900000e+01 1.000000e+00 0.000000e+00
      vertex   1.490849e+01 8.091735e+00 0.000000e+00
      vertex   1.556968e+01 8.168106e+00 0.000000e+00
    endloop
  endfacet
  facet normal 0.000000e+00 0.000000e+00 -1.000000e+00
    outer loop
      vertex   1.556968e+01 8.168106e+00 0.000000e+00
      vertex   1.622569e+01 8.279572e+00 0.000000e+00
      vertex   2.900000e+01 1.000000e+00 0.000000e+00
    endloop
  endfacet
  facet normal 0.000000e+00 0.000000e+00 -1.000000e+00
    outer loop
      vertex   2.900000e+01 1.000000e+00 0.000000e+00
      vertex   1.622569e+01 8.279572e+00 0.000000e+00
      vertex   1.687728e+01 8.421008e+00 0.000000e+00
    endloop
  endfacet
  facet normal 0.000000e+00 0.000000e+00 -1.000000e+00
    outer loop
      vertex   2.900000e+01 1.000000e+00 0.000000e+00
      vertex   1.687728e+01 8.421008e+00 0.000000e+00
      vertex   1.817308e+01 8.753848e+00 0.000000e+00
    endloop
  endfacet
  facet normal 0.000000e+00 0.000000e+00 -1.000000e+00
    outer loop
      vertex   1.817308e+01 8.753848e+00 0.000000e+00
      vertex   1.926333e+01 9.165295e+00 0.000000e+00
      vertex   2.900000e+01 1.000000e+00 0.000000e+00
    endloop
  endfacet
  facet normal 0.000000e+00 0.000000e+00 -1.000000e+00
    outer loop
      vertex   2.900000e+01 1.000000e+00 0.000000e+00
      vertex   1.926333e+01 9.165295e+00 0.000000e+00
      vertex   1.979597e+01 9.393957e+00 0.000000e+00
    endloop
  endfacet
  facet normal 0.000000e+00 0.000000e+00 -1.000000e+00
    outer loop
      vertex   2.900000e+01 1.000000e+00 0.000000e+00
      vertex   1.979597e+01 9.393957e+00 0.000000e+00
      vertex   2.031362e+01 9.650144e+00 0.000000e+00
    endloop
  endfacet
  facet normal 0.000000e+00 0.000000e+00 -1.000000e+00
    outer loop
      vertex   2.031362e+01 9.650144e+00 0.000000e+00
      vertex   2.081245e+01 9.940893e+00 0.000000e+00
      vertex   2.900000e+01 1.000000e+00 0.000000e+00
    endloop
  endfacet
  facet normal 0.000000e+00 0.000000e+00 -1.000000e+00
    outer loop
      vertex   2.900000e+01 1.000000e+00 0.000000e+00
      vertex   2.081245e+01 9.940893e+00 0.000000e+00
      vertex   2.129535e+01 1.026088e+01 0.000000e+00
    endloop
  endfacet
  facet normal 0.000000e+00 0.000000e+00 -1.000000e+00
    outer loop
      vertex   2.900000e+01 1.000000e+00 0.000000e+00
      vertex   2.129535e+01 1.026088e+01 0.000000e+00
      vertex   2.223462e+01 1.094962e+01 0.000000e+00
    endloop
  endfacet
  facet normal 0.000000e+00 0.000000e+00 -1.000000e+00
    outer loop
      vertex   2.223462e+01 1.094962e+01 0.000000e+00
      vertex   2.302726e+01 1.172853e+01 0.000000e+00
      vertex   2.900000e+01 1.000000e+00 0.000000e+00
    endloop
  endfacet
  facet normal 0.000000e+00 0.000000e+00 -1.000000e+00
    outer loop
      vertex   2.900000e+01 1.000000e+00 0.000000e+00
      vertex   2.302726e+01 1.172853e+01 0.000000e+00
      vertex   2.339974e+01 1.213568e+01 0.000000e+00
    endloop
  endfacet
  facet normal 0.000000e+00 0.000000e+00 -1.000000e+00
    outer loop
      vertex   2.900000e+01 1.000000e+00 0.000000e+00
      vertex   2.339974e+01 1.213568e+01 0.000000e+00
      vertex   2.374361e+01 1.256409e+01 0.000000e+00
    endloop
  endfacet
  facet normal 0.000000e+00 0.000000e+00 -1.000000e+00
    outer loop
      vertex   2.374361e+01 1.256409e+01 0.000000e+00
      vertex   2.405282e+01 1.301822e+01 0.000000e+00
      vertex   2.900000e+01 1.000000e+00 0.000000e+00
    endloop
  endfacet
  facet normal 0.000000e+00 0.000000e+00 -1.000000e+00
    outer loop
      vertex   2.900000e+01 1.000000e+00 0.000000e+00
      vertex   2.405282e+01 1.301822e+01 0.000000e+00
      vertex   2.433392e+01 1.349324e+01 0.000000e+00
    endloop
  endfacet
  facet normal 0.000000e+00 0.000000e+00 -1.000000e+00
    outer loop
      vertex   2.900000e+01 1.000000e+00 0.000000e+00
      vertex   2.433392e+01 1.349324e+01 0.000000e+00
      vertex   2.484923e+01 1.447808e+01 0.000000e+00
    endloop
  endfacet
  facet normal 0.000000e+00 0.000000e+00 -1.000000e+00
    outer loop
      vertex   2.484923e+01 1.447808e+01 0.000000e+00
      vertex   2.525465e+01 1.563341e+01 0.000000e+00
      vertex   2.900000e+01 1.000000e+00 0.000000e+00
    endloop
  endfacet
  facet normal 0.000000e+00 0.000000e+00 -1.000000e+00
    outer loop
      vertex   2.900000e+01 1.000000e+00 0.000000e+00
      vertex   2.525465e+01 1.563341e+01 0.000000e+00
      vertex   2.542685e+01 1.621714e+01 0.000000e+00
    endloop
  endfacet
  facet normal 0.000000e+00 0.000000e+00 -1.000000e+00
    outer loop
      vertex   2.900000e+01 1.000000e+00 0.000000e+00
      vertex   2.542685e+01 1.621714e+01 0.000000e+00
      vertex   2.556246e+01 1.680816e+01 0.000000e+00
    endloop
  endfacet
  facet normal 0.000000e+00 0.000000e+00 -1.000000e+00
    outer loop
      vertex   2.556246e+01 1.680816e+01 0.000000e+00
      vertex   2.565528e+01 1.740768e+01 0.000000e+00
      vertex   2.900000e+01 1.000000e+00 0.000000e+00
    endloop
  endfacet
  facet normal 0.000000e+00 0.000000e+00 -1.000000e+00
    outer loop
      vertex   2.900000e+01 1.000000e+00 0.000000e+00
      vertex   2.565528e+01 1.740768e+01 0.000000e+00
      vertex   2.571425e+01 1.801394e+01 0.000000e+00
    endloop
  endfacet
  facet normal 0.000000e+00 0.000000e+00 -1.000000e+00
    outer loop
      vertex   2.900000e+01 1.000000e+00 0.000000e+00
      vertex   2.571425e+01 1.801394e+01 0.000000e+00
      vertex   2.577577e+01 1.923769e+01 0.000000e+00
    endloop
  endfacet
  facet normal -1.567486e-14 -2.771148e-15 -1.000000e+00
    outer loop
      vertex   2.577577e+01 1.923769e+01 0.000000e+00
      vertex   2.572954e+01 2.030044e+01 -2.220446e-15
      vertex   2.900000e+01 1.000000e+00 0.000000e+00
    endloop
  endfacet
  facet normal 6.789409e-16 0.000000e+00 -1.000000e+00
    outer loop
      vertex   2.900000e+01 1.000000e+00 0.000000e+00
      vertex   2.572954e+01 2.030044e+01 -2.220446e-15
      vertex   2.900000e+01 4.900000e+01 0.000000e+00
    endloop
  endfacet
  facet normal 3.853127e-16 3.346037e-17 -1.000000e+00
    outer loop
      vertex   2.900000e+01 4.900000e+01 0.000000e+00
      vertex   2.572954e+01 2.030044e+01 -2.220446e-15
      vertex   2.568376e+01 2.082768e+01 -2.220446e-15
    endloop
  endfacet
  facet normal 3.061197e-16 4.278240e-17 -1.000000e+00
    outer loop
      vertex   2.900000e+01 4.900000e+01 0.000000e+00
      vertex   2.568376e+01 2.082768e+01 -2.220446e-15
      vertex   2.561077e+01 2.134995e+01 -2.220446e-15
    endloop
  endfacet
  facet normal 2.424387e-16 5.058816e-17 -1.000000e+00
    outer loop
      vertex   2.561077e+01 2.134995e+01 -2.220446e-15
      vertex   2.550311e+01 2.186589e+01 -2.220446e-15
      vertex   2.900000e+01 4.900000e+01 0.000000e+00
    endloop
  endfacet
  facet normal 2.052198e-16 5.538472e-17 -1.000000e+00
    outer loop
      vertex   2.900000e+01 4.900000e+01 0.000000e+00
      vertex   2.550311e+01 2.186589e+01 -2.220446e-15
      vertex   2.536535e+01 2.237634e+01 -2.220446e-15
    endloop
  endfacet
  facet normal -4.605027e-15 7.120775e-16 -1.000000e+00
    outer loop
      vertex   2.900000e+01 4.900000e+01 0.000000e+00
      vertex   2.536535e+01 2.237634e+01 -2.220446e-15
      vertex   2.503962e+01 2.338808e+01 0.000000e+00
    endloop
  endfacet
  facet normal -4.186803e-16 -2.063676e-16 -1.000000e+00
    outer loop
      vertex   2.462681e+01 2.422557e+01 0.000000e+00
      vertex   2.366298e+01 3.694068e+01 -2.220446e-15
      vertex   2.503962e+01 2.338808e+01 0.000000e+00
    endloop
  endfacet
  facet normal 6.099190e-16 -1.018852e-16 -1.000000e+00
    outer loop
      vertex   2.503962e+01 2.338808e+01 0.000000e+00
      vertex   2.366298e+01 3.694068e+01 -2.220446e-15
      vertex   2.375464e+01 3.748939e+01 -2.220446e-15
    endloop
  endfacet
  facet normal 6.407346e-16 -9.907711e-17 -1.000000e+00
    outer loop
      vertex   2.503962e+01 2.338808e+01 0.000000e+00
      vertex   2.375464e+01 3.748939e+01 -2.220446e-15
      vertex   2.900000e+01 4.900000e+01 0.000000e+00
    endloop
  endfacet
  facet normal 4.920729e-16 -3.133229e-17 -1.000000e+00
    outer loop
      vertex   2.900000e+01 4.900000e+01 0.000000e+00
      vertex   2.375464e+01 3.748939e+01 -2.220446e-15
      vertex   2.379006e+01 3.804575e+01 -2.220446e-15
    endloop
  endfacet
  facet normal -8.077554e-15 4.044455e-15 -1.000000e+00
    outer loop
      vertex   2.900000e+01 4.900000e+01 0.000000e+00
      vertex   2.379006e+01 3.804575e+01 -2.220446e-15
      vertex   2.379577e+01 3.860615e+01 0.000000e+00
    endloop
  endfacet
  facet normal -1.215285e-14 -1.095845e-15 -1.000000e+00
    outer loop
      vertex   2.366298e+01 3.694068e+01 -2.220446e-15
      vertex   2.462681e+01 2.422557e+01 0.000000e+00
      vertex   2.352923e+01 3.639769e+01 0.000000e+00
    endloop
  endfacet
  facet normal 0.000000e+00 0.000000e+00 -1.000000e+00
    outer loop
      vertex   2.352923e+01 3.639769e+01 0.000000e+00
      vertex   2.462681e+01 2.422557e+01 0.000000e+00
      vertex   2.439954e+01 2.462933e+01 0.000000e+00
    endloop
  endfacet
  facet normal 0.000000e+00 0.000000e+00 -1.000000e+00
    outer loop
      vertex   2.352923e+01 3.639769e+01 0.000000e+00
      vertex   2.439954e+01 2.462933e+01 0.000000e+00
      vertex   2.414721e+01 2.501510e+01 0.000000e+00
    endloop
  endfacet
  facet normal 0.000000e+00 -0.000000e+00 -1.000000e+00
    outer loop
      vertex   2.352923e+01 3.639769e+01 0.000000e+00
      vertex   2.414721e+01 2.501510e+01 0.000000e+00
      vertex   2.340748e+01 3.613847e+01 0.000000e+00
    endloop
  endfacet
  facet normal 0.000000e+00 0.000000e+00 -1.000000e+00
    outer loop
      vertex   2.340748e+01 3.613847e+01 0.000000e+00
      vertex   2.414721e+01 2.501510e+01 0.000000e+00
      vertex   2.386394e+01 2.537865e+01 0.000000e+00
    endloop
  endfacet
  facet normal 0.000000e+00 -0.000000e+00 -1.000000e+00
    outer loop
      vertex   2.340748e+01 3.613847e+01 0.000000e+00
      vertex   2.386394e+01 2.537865e+01 0.000000e+00
      vertex   2.333529e+01 3.602271e+01 0.000000e+00
    endloop
  endfacet
  facet normal 0.000000e+00 0.000000e+00 -1.000000e+00
    outer loop
      vertex   2.333529e+01 3.602271e+01 0.000000e+00
      vertex   2.386394e+01 2.537865e+01 0.000000e+00
      vertex   2.355506e+01 2.572381e+01 0.000000e+00
    endloop
  endfacet
  facet normal 0.000000e+00 -0.000000e+00 -1.000000e+00
    outer loop
      vertex   2.333529e+01 3.602271e+01 0.000000e+00
      vertex   2.355506e+01 2.572381e+01 0.000000e+00
      vertex   2.324952e+01 3.592356e+01 0.000000e+00
    endloop
  endfacet
  facet normal 0.000000e+00 -0.000000e+00 -1.000000e+00
    outer loop
      vertex   2.324952e+01 3.592356e+01 0.000000e+00
      vertex   2.355506e+01 2.572381e+01 0.000000e+00
      vertex   2.289461e+01 2.638346e+01 0.000000e+00
    endloop
  endfacet
  facet normal 0.000000e+00 0.000000e+00 -1.000000e+00
    outer loop
      vertex   2.324952e+01 3.592356e+01 0.000000e+00
      vertex   2.289461e+01 2.638346e+01 0.000000e+00
      vertex   2.314589e+01 3.584627e+01 0.000000e+00
    endloop
  endfacet
  facet normal 0.000000e+00 0.000000e+00 -1.000000e+00
    outer loop
      vertex   2.314589e+01 3.584627e+01 0.000000e+00
      vertex   2.289461e+01 2.638346e+01 0.000000e+00
      vertex   2.302518e+01 3.578988e+01 0.000000e+00
    endloop
  endfacet
  facet normal 5.480399e-15 -7.607283e-17 -1.000000e+00
    outer loop
      vertex   2.302518e+01 3.578988e+01 0.000000e+00
      vertex   2.289461e+01 2.638346e+01 0.000000e+00
      vertex   2.209239e+01 2.696698e+01 -4.440892e-15
    endloop
  endfacet
  facet normal -1.490360e-16 5.190937e-16 -1.000000e+00
    outer loop
      vertex   2.302518e+01 3.578988e+01 0.000000e+00
      vertex   2.209239e+01 2.696698e+01 -4.440892e-15
      vertex   2.275500e+01 3.571231e+01 0.000000e+00
    endloop
  endfacet
  facet normal 3.158511e-16 4.838706e-16 -1.000000e+00
    outer loop
      vertex   2.275500e+01 3.571231e+01 0.000000e+00
      vertex   2.209239e+01 2.696698e+01 -4.440892e-15
      vertex   2.167948e+01 2.723651e+01 -4.440892e-15
    endloop
  endfacet
  facet normal 2.779138e-16 4.886845e-16 -1.000000e+00
    outer loop
      vertex   2.275500e+01 3.571231e+01 0.000000e+00
      vertex   2.167948e+01 2.723651e+01 -4.440892e-15
      vertex   2.125242e+01 2.747938e+01 -4.440892e-15
    endloop
  endfacet
  facet normal 2.367995e-16 4.961882e-16 -1.000000e+00
    outer loop
      vertex   2.125242e+01 2.747938e+01 -4.440892e-15
      vertex   2.080881e+01 2.769108e+01 -4.440892e-15
      vertex   2.275500e+01 3.571231e+01 0.000000e+00
    endloop
  endfacet
  facet normal 2.062639e-16 5.035971e-16 -1.000000e+00
    outer loop
      vertex   2.275500e+01 3.571231e+01 0.000000e+00
      vertex   2.080881e+01 2.769108e+01 -4.440892e-15
      vertex   2.035212e+01 2.787814e+01 -4.440892e-15
    endloop
  endfacet
  facet normal -4.099064e-15 1.824118e-15 -1.000000e+00
    outer loop
      vertex   2.275500e+01 3.571231e+01 0.000000e+00
      vertex   2.035212e+01 2.787814e+01 -4.440892e-15
      vertex   1.941692e+01 2.821115e+01 0.000000e+00
    endloop
  endfacet
  facet normal 0.000000e+00 0.000000e+00 -1.000000e+00
    outer loop
      vertex   1.941692e+01 2.821115e+01 0.000000e+00
      vertex   1.824964e+01 2.848692e+01 0.000000e+00
      vertex   2.275500e+01 3.571231e+01 0.000000e+00
    endloop
  endfacet
  facet normal 0.000000e+00 0.000000e+00 -1.000000e+00
    outer loop
      vertex   2.275500e+01 3.571231e+01 0.000000e+00
      vertex   1.824964e+01 2.848692e+01 0.000000e+00
      vertex   1.766311e+01 2.860345e+01 0.000000e+00
    endloop
  endfacet
  facet normal 0.000000e+00 0.000000e+00 -1.000000e+00
    outer loop
      vertex   2.275500e+01 3.571231e+01 0.000000e+00
      vertex   1.766311e+01 2.860345e+01 0.000000e+00
      vertex   1.707312e+01 2.869439e+01 0.000000e+00
    endloop
  endfacet
  facet normal 0.000000e+00 0.000000e+00 -1.000000e+00
    outer loop
      vertex   1.707312e+01 2.869439e+01 0.000000e+00
      vertex   1.647915e+01 2.875593e+01 0.000000e+00
      vertex   2.275500e+01 3.571231e+01 0.000000e+00
    endloop
  endfacet
  facet normal -0.000000e+00 0.000000e+00 -1.000000e+00
    outer loop
      vertex   2.275500e+01 3.571231e+01 0.000000e+00
      vertex   1.647915e+01 2.875593e+01 0.000000e+00
      vertex   1.107808e+01 3.571231e+01 0.000000e+00
    endloop
  endfacet
  facet normal 0.000000e+00 0.000000e+00 -1.000000e+00
    outer loop
      vertex   1.107808e+01 3.571231e+01 0.000000e+00
      vertex   1.647915e+01 2.875593e+01 0.000000e+00
      vertex   1.588206e+01 2.879444e+01 0.000000e+00
    endloop
  endfacet
  facet normal 0.000000e+00 0.000000e+00 -1.000000e+00
    outer loop
      vertex   1.107808e+01 3.571231e+01 0.000000e+00
      vertex   1.588206e+01 2.879444e+01 0.000000e+00
      vertex   1.468269e+01 2.883308e+01 0.000000e+00
    endloop
  endfacet
  facet normal -0.000000e+00 0.000000e+00 -1.000000e+00
    outer loop
      vertex   1.468269e+01 2.883308e+01 0.000000e+00
      vertex   1.422253e+01 2.883128e+01 0.000000e+00
      vertex   1.107808e+01 3.571231e+01 0.000000e+00
    endloop
  endfacet
  facet normal 0.000000e+00 0.000000e+00 -1.000000e+00
    outer loop
      vertex   1.107808e+01 3.571231e+01 0.000000e+00
      vertex   1.422253e+01 2.883128e+01 0.000000e+00
      vertex   1.376241e+01 2.882704e+01 0.000000e+00
    endloop
  endfacet
  facet normal 0.000000e+00 0.000000e+00 -1.000000e+00
    outer loop
      vertex   1.107808e+01 3.571231e+01 0.000000e+00
      vertex   1.376241e+01 2.882704e+01 0.000000e+00
      vertex   1.330234e+01 2.881864e+01 0.000000e+00
    endloop
  endfacet
  facet normal -0.000000e+00 0.000000e+00 -1.000000e+00
    outer loop
      vertex   1.330234e+01 2.881864e+01 0.000000e+00
      vertex   1.284231e+01 2.880769e+01 0.000000e+00
      vertex   1.107808e+01 3.571231e+01 0.000000e+00
    endloop
  endfacet
  facet normal 0.000000e+00 0.000000e+00 -1.000000e+00
    outer loop
      vertex   1.107808e+01 3.571231e+01 0.000000e+00
      vertex   1.284231e+01 2.880769e+01 0.000000e+00
      vertex   1.240033e+01 2.878885e+01 0.000000e+00
    endloop
  endfacet
  facet normal 0.000000e+00 0.000000e+00 -1.000000e+00
    outer loop
      vertex   1.107808e+01 3.571231e+01 0.000000e+00
      vertex   1.240033e+01 2.878885e+01 0.000000e+00
      vertex   1.195885e+01 2.876295e+01 0.000000e+00
    endloop
  endfacet
  facet normal -0.000000e+00 0.000000e+00 -1.000000e+00
    outer loop
      vertex   1.195885e+01 2.876295e+01 0.000000e+00
      vertex   1.151821e+01 2.872535e+01 0.000000e+00
      vertex   1.107808e+01 3.571231e+01 0.000000e+00
    endloop
  endfacet
  facet normal 0.000000e+00 0.000000e+00 -1.000000e+00
    outer loop
      vertex   1.107808e+01 3.571231e+01 0.000000e+00
      vertex   1.151821e+01 2.872535e+01 0.000000e+00
      vertex   1.107808e+01 2.868077e+01 0.000000e+00
    endloop
  endfacet
  facet normal 1.326787e-14 -6.643259e-15 -1.000000e+00
    outer loop
      vertex   2.379577e+01 3.860615e+01 0.000000e+00
      vertex   2.379238e+01 3.893361e+01 -2.220446e-15
      vertex   2.900000e+01 4.900000e+01 0.000000e+00
    endloop
  endfacet
  facet normal 4.029713e-16 1.211192e-17 -1.000000e+00
    outer loop
      vertex   2.900000e+01 4.900000e+01 0.000000e+00
      vertex   2.379238e+01 3.893361e+01 -2.220446e-15
      vertex   2.378254e+01 3.926075e+01 -2.220446e-15
    endloop
  endfacet
  facet normal 3.793183e-16 2.478318e-17 -1.000000e+00
    outer loop
      vertex   2.900000e+01 4.900000e+01 0.000000e+00
      vertex   2.378254e+01 3.926075e+01 -2.220446e-15
      vertex   2.376121e+01 3.958730e+01 -2.220446e-15
    endloop
  endfacet
  facet normal -1.018621e-14 5.905198e-15 -1.000000e+00
    outer loop
      vertex   2.376121e+01 3.958730e+01 -2.220446e-15
      vertex   2.373231e+01 3.991346e+01 0.000000e+00
      vertex   2.900000e+01 4.900000e+01 0.000000e+00
    endloop
  endfacet
  facet normal 1.384855e-14 -8.028348e-15 -1.000000e+00
    outer loop
      vertex   2.900000e+01 4.900000e+01 0.000000e+00
      vertex   2.373231e+01 3.991346e+01 0.000000e+00
      vertex   2.370170e+01 4.013724e+01 -2.220446e-15
    endloop
  endfacet
  facet normal 3.202134e-16 5.910781e-17 -1.000000e+00
    outer loop
      vertex   2.900000e+01 4.900000e+01 0.000000e+00
      vertex   2.370170e+01 4.013724e+01 -2.220446e-15
      vertex   2.366084e+01 4.035855e+01 -2.220446e-15
    endloop
  endfacet
  facet normal 2.880197e-16 7.899884e-17 -1.000000e+00
    outer loop
      vertex   2.366084e+01 4.035855e+01 -2.220446e-15
      vertex   2.360137e+01 4.057541e+01 -2.220446e-15
      vertex   2.900000e+01 4.900000e+01 0.000000e+00
    endloop
  endfacet
  facet normal -1.034680e-14 6.893989e-15 -1.000000e+00
    outer loop
      vertex   2.900000e+01 4.900000e+01 0.000000e+00
      vertex   2.360137e+01 4.057541e+01 -2.220446e-15
      vertex   2.352923e+01 4.078923e+01 0.000000e+00
    endloop
  endfacet
  facet normal 0.000000e+00 0.000000e+00 -1.000000e+00
    outer loop
      vertex   2.900000e+01 4.900000e+01 0.000000e+00
      vertex   2.352923e+01 4.078923e+01 0.000000e+00
      vertex   2.346467e+01 4.092519e+01 0.000000e+00
    endloop
  endfacet
  facet normal 0.000000e+00 0.000000e+00 -1.000000e+00
    outer loop
      vertex   2.346467e+01 4.092519e+01 0.000000e+00
      vertex   2.338927e+01 4.105325e+01 0.000000e+00
      vertex   2.900000e+01 4.900000e+01 0.000000e+00
    endloop
  endfacet
  facet normal 0.000000e+00 0.000000e+00 -1.000000e+00
    outer loop
      vertex   2.900000e+01 4.900000e+01 0.000000e+00
      vertex   2.338927e+01 4.105325e+01 0.000000e+00
      vertex   2.329439e+01 4.116711e+01 0.000000e+00
    endloop
  endfacet
  facet normal 0.000000e+00 0.000000e+00 -1.000000e+00
    outer loop
      vertex   2.900000e+01 4.900000e+01 0.000000e+00
      vertex   2.329439e+01 4.116711e+01 0.000000e+00
      vertex   2.318654e+01 4.127154e+01 0.000000e+00
    endloop
  endfacet
  facet normal 0.000000e+00 0.000000e+00 -1.000000e+00
    outer loop
      vertex   2.318654e+01 4.127154e+01 0.000000e+00
      vertex   2.308718e+01 4.133413e+01 0.000000e+00
      vertex   2.900000e+01 4.900000e+01 0.000000e+00
    endloop
  endfacet
  facet normal 0.000000e+00 0.000000e+00 -1.000000e+00
    outer loop
      vertex   2.900000e+01 4.900000e+01 0.000000e+00
      vertex   2.308718e+01 4.133413e+01 0.000000e+00
      vertex   2.298326e+01 4.138362e+01 0.000000e+00
    endloop
  endfacet
  facet normal 0.000000e+00 0.000000e+00 -1.000000e+00
    outer loop
      vertex   2.900000e+01 4.900000e+01 0.000000e+00
      vertex   2.298326e+01 4.138362e+01 0.000000e+00
      vertex   2.287154e+01 4.141067e+01 0.000000e+00
    endloop
  endfacet
  facet normal 0.000000e+00 0.000000e+00 -1.000000e+00
    outer loop
      vertex   2.287154e+01 4.141067e+01 0.000000e+00
      vertex   2.275500e+01 4.142385e+01 0.000000e+00
      vertex   2.900000e+01 4.900000e+01 0.000000e+00
    endloop
  endfacet
  facet normal -0.000000e+00 0.000000e+00 -1.000000e+00
    outer loop
      vertex   2.900000e+01 4.900000e+01 0.000000e+00
      vertex   2.275500e+01 4.142385e+01 0.000000e+00
      vertex   1.000000e+00 4.900000e+01 0.000000e+00
    endloop
  endfacet
  facet normal 0.000000e+00 0.000000e+00 -1.000000e+00
    outer loop
      vertex   1.000000e+00 4.900000e+01 0.000000e+00
      vertex   2.275500e+01 4.142385e+01 0.000000e+00
      vertex   7.194231e+00 4.142385e+01 0.000000e+00
    endloop
  endfacet
  facet normal 0.000000e+00 0.000000e+00 -1.000000e+00
    outer loop
      vertex   1.000000e+00 4.900000e+01 0.000000e+00
      vertex   7.194231e+00 4.142385e+01 0.000000e+00
      vertex   6.845644e+00 4.140353e+01 0.000000e+00
    endloop
  endfacet
  facet normal -0.000000e+00 0.000000e+00 -1.000000e+00
    outer loop
      vertex   6.845644e+00 4.140353e+01 0.000000e+00
      vertex   6.514575e+00 4.133707e+01 0.000000e+00
      vertex   1.000000e+00 4.900000e+01 0.000000e+00
    endloop
  endfacet
  facet normal 0.000000e+00 0.000000e+00 -1.000000e+00
    outer loop
      vertex   1.000000e+00 4.900000e+01 0.000000e+00
      vertex   6.514575e+00 4.133707e+01 0.000000e+00
      vertex   6.360927e+00 4.127253e+01 0.000000e+00
    endloop
  endfacet
  facet normal 0.000000e+00 0.000000e+00 -1.000000e+00
    outer loop
      vertex   1.000000e+00 4.900000e+01 0.000000e+00
      vertex   6.360927e+00 4.127253e+01 0.000000e+00
      vertex   6.215338e+00 4.118678e+01 0.000000e+00
    endloop
  endfacet
  facet normal -0.000000e+00 0.000000e+00 -1.000000e+00
    outer loop
      vertex   6.215338e+00 4.118678e+01 0.000000e+00
      vertex   5.937693e+00 4.097961e+01 0.000000e+00
      vertex   1.000000e+00 4.900000e+01 0.000000e+00
    endloop
  endfacet
  facet normal 5.573723e-15 3.431422e-15 -1.000000e+00
    outer loop
      vertex   1.000000e+00 4.900000e+01 0.000000e+00
      vertex   5.937693e+00 4.097961e+01 0.000000e+00
      vertex   5.747078e+00 4.064214e+01 -2.220446e-15
    endloop
  endfacet
  facet normal -2.620265e-16 1.168464e-16 -1.000000e+00
    outer loop
      vertex   1.000000e+00 4.900000e+01 0.000000e+00
      vertex   5.747078e+00 4.064214e+01 -2.220446e-15
      vertex   5.669484e+00 4.046814e+01 -2.220446e-15
    endloop
  endfacet
  facet normal -3.018763e-16 9.503664e-17 -1.000000e+00
    outer loop
      vertex   5.669484e+00 4.046814e+01 -2.220446e-15
      vertex   5.612751e+00 4.028793e+01 -2.220446e-15
      vertex   1.000000e+00 4.900000e+01 0.000000e+00
    endloop
  endfacet
  facet normal -3.768417e-16 5.534495e-17 -1.000000e+00
    outer loop
      vertex   1.000000e+00 4.900000e+01 0.000000e+00
      vertex   5.612751e+00 4.028793e+01 -2.220446e-15
      vertex   5.557286e+00 3.991027e+01 -2.220446e-15
    endloop
  endfacet
  facet normal -1.109497e-14 -5.318365e-15 -1.000000e+00
    outer loop
      vertex   1.000000e+00 4.900000e+01 0.000000e+00
      vertex   5.557286e+00 3.991027e+01 -2.220446e-15
      vertex   5.544232e+00 3.952000e+01 0.000000e+00
    endloop
  endfacet
  facet normal -0.000000e+00 -0.000000e+00 -1.000000e+00
    outer loop
      vertex   5.544232e+00 3.952000e+01 0.000000e+00
      vertex   5.544232e+00 2.525385e+01 0.000000e+00
      vertex   1.000000e+00 4.900000e+01 0.000000e+00
    endloop
  endfacet
  facet normal -0.000000e+00 -0.000000e+00 -1.000000e+00
    outer loop
      vertex   1.782081e+01 2.178369e+01 0.000000e+00
      vertex   1.848011e+01 2.037077e+01 0.000000e+00
      vertex   1.748973e+01 2.216242e+01 0.000000e+00
    endloop
  endfacet
  facet normal 0.000000e+00 0.000000e+00 -1.000000e+00
    outer loop
      vertex   1.748973e+01 2.216242e+01 0.000000e+00
      vertex   1.848011e+01 2.037077e+01 0.000000e+00
      vertex   1.860680e+01 1.983384e+01 0.000000e+00
    endloop
  endfacet
  facet normal 0.000000e+00 0.000000e+00 -1.000000e+00
    outer loop
      vertex   1.748973e+01 2.216242e+01 0.000000e+00
      vertex   1.860680e+01 1.983384e+01 0.000000e+00
      vertex   1.866877e+01 1.928527e+01 0.000000e+00
    endloop
  endfacet
  facet normal 0.000000e+00 0.000000e+00 -1.000000e+00
    outer loop
      vertex   1.782081e+01 2.178369e+01 0.000000e+00
      vertex   1.808648e+01 2.135662e+01 0.000000e+00
      vertex   1.848011e+01 2.037077e+01 0.000000e+00
    endloop
  endfacet
  facet normal 0.000000e+00 0.000000e+00 -1.000000e+00
    outer loop
      vertex   1.848011e+01 2.037077e+01 0.000000e+00
      vertex   1.808648e+01 2.135662e+01 0.000000e+00
      vertex   1.831269e+01 2.090038e+01 0.000000e+00
    endloop
  endfacet
  facet normal 0.000000e+00 -1.000000e+00 0.000000e+00
    outer loop
      vertex   1.000000e+00 0.000000e+00 1.000000e+00
      vertex   2.900000e+01 0.000000e+00 1.000000e+00
      vertex   1.000000e+00 0.000000e+00 1.400000e+01
    endloop
  endfacet
  facet normal 0.000000e+00 -1.000000e+00 0.000000e+00
    outer loop
      vertex   1.000000e+00 0.000000e+00 1.400000e+01
      vertex   2.900000e+01 0.000000e+00 1.000000e+00
      vertex   2.900000e+01 0.000000e+00 1.400000e+01
    endloop
  endfacet
  facet normal 1.000000e+00 0.000000e+00 0.000000e+00
    outer loop
      vertex   3.000000e+01 1.000000e+00 1.000000e+00
      vertex   3.000000e+01 4.900000e+01 1.000000e+00
      vertex   3.000000e+01 1.000000e+00 1.400000e+01
    endloop
  endfacet
  facet normal 1.000000e+00 -0.000000e+00 0.000000e+00
    outer loop
      vertex   3.000000e+01 1.000000e+00 1.400000e+01
      vertex   3.000000e+01 4.900000e+01 1.000000e+00
      vertex   3.000000e+01 4.900000e+01 1.400000e+01
    endloop
  endfacet
  facet normal 0.000000e+00 -0.000000e+00 1.000000e+00
    outer loop
      vertex   1.798230e+01 1.581770e+01 1.500000e+01
      vertex   1.823654e+01 1.629308e+01 1.500000e+01
      vertex   1.748973e+01 2.216242e+01 1.500000e+01
    endloop
  endfacet
  facet normal 0.000000e+00 0.000000e+00 1.000000e+00
    outer loop
      vertex   1.748973e+01 2.216242e+01 1.500000e+01
      vertex   1.823654e+01 1.629308e+01 1.500000e+01
      vertex   1.844101e+01 1.688477e+01 1.500000e+01
    endloop
  endfacet
  facet normal 0.000000e+00 0.000000e+00 1.000000e+00
    outer loop
      vertex   1.748973e+01 2.216242e+01 1.500000e+01
      vertex   1.844101e+01 1.688477e+01 1.500000e+01
      vertex   1.866643e+01 1.810382e+01 1.500000e+01
    endloop
  endfacet
  facet normal 0.000000e+00 0.000000e+00 1.000000e+00
    outer loop
      vertex   1.866643e+01 1.810382e+01 1.500000e+01
      vertex   1.844101e+01 1.688477e+01 1.500000e+01
      vertex   1.852710e+01 1.718375e+01 1.500000e+01
    endloop
  endfacet
  facet normal 0.000000e+00 0.000000e+00 1.000000e+00
    outer loop
      vertex   1.866643e+01 1.810382e+01 1.500000e+01
      vertex   1.852710e+01 1.718375e+01 1.500000e+01
      vertex   1.859385e+01 1.748649e+01 1.500000e+01
    endloop
  endfacet
  facet normal 0.000000e+00 -0.000000e+00 1.000000e+00
    outer loop
      vertex   1.866643e+01 1.810382e+01 1.500000e+01
      vertex   1.869346e+01 1.873000e+01 1.500000e+01
      vertex   1.748973e+01 2.216242e+01 1.500000e+01
    endloop
  endfacet
  facet normal 0.000000e+00 0.000000e+00 1.000000e+00
    outer loop
      vertex   1.748973e+01 2.216242e+01 1.500000e+01
      vertex   1.869346e+01 1.873000e+01 1.500000e+01
      vertex   1.866877e+01 1.928527e+01 1.500000e+01
    endloop
  endfacet
  facet normal 0.000000e+00 0.000000e+00 1.000000e+00
    outer loop
      vertex   1.748973e+01 2.216242e+01 1.500000e+01
      vertex   1.866877e+01 1.928527e+01 1.500000e+01
      vertex   1.860680e+01 1.983384e+01 1.500000e+01
    endloop
  endfacet
  facet normal 0.000000e+00 0.000000e+00 1.000000e+00
    outer loop
      vertex   1.860680e+01 1.983384e+01 1.500000e+01
      vertex   1.848011e+01 2.037077e+01 1.500000e+01
      vertex   1.748973e+01 2.216242e+01 1.500000e+01
    endloop
  endfacet
  facet normal 0.000000e+00 0.000000e+00 1.000000e+00
    outer loop
      vertex   1.748973e+01 2.216242e+01 1.500000e+01
      vertex   1.848011e+01 2.037077e+01 1.500000e+01
      vertex   1.782081e+01 2.178369e+01 1.500000e+01
    endloop
  endfacet
  facet normal 0.000000e+00 0.000000e+00 1.000000e+00
    outer loop
      vertex   1.782081e+01 2.178369e+01 1.500000e+01
      vertex   1.848011e+01 2.037077e+01 1.500000e+01
      vertex   1.808648e+01 2.135662e+01 1.500000e+01
    endloop
  endfacet
  facet normal 0.000000e+00 0.000000e+00 1.000000e+00
    outer loop
      vertex   1.808648e+01 2.135662e+01 1.500000e+01
      vertex   1.848011e+01 2.037077e+01 1.500000e+01
      vertex   1.831269e+01 2.090038e+01 1.500000e+01
    endloop
  endfacet
  facet normal 0.000000e+00 0.000000e+00 1.000000e+00
    outer loop
      vertex   1.711962e+01 2.251231e+01 1.500000e+01
      vertex   1.733535e+01 1.497339e+01 1.500000e+01
      vertex   1.748973e+01 2.216242e+01 1.500000e+01
    endloop
  endfacet
  facet normal 0.000000e+00 0.000000e+00 1.000000e+00
    outer loop
      vertex   1.748973e+01 2.216242e+01 1.500000e+01
      vertex   1.733535e+01 1.497339e+01 1.500000e+01
      vertex   1.769046e+01 1.537123e+01 1.500000e+01
    endloop
  endfacet
  facet normal 0.000000e+00 0.000000e+00 1.000000e+00
    outer loop
      vertex   1.748973e+01 2.216242e+01 1.500000e+01
      vertex   1.769046e+01 1.537123e+01 1.500000e+01
      vertex   1.798230e+01 1.581770e+01 1.500000e+01
    endloop
  endfacet
  facet normal 0.000000e+00 0.000000e+00 1.000000e+00
    outer loop
      vertex   1.711962e+01 2.251231e+01 1.500000e+01
      vertex   1.663102e+01 2.283955e+01 1.500000e+01
      vertex   1.733535e+01 1.497339e+01 1.500000e+01
    endloop
  endfacet
  facet normal 0.000000e+00 0.000000e+00 1.000000e+00
    outer loop
      vertex   1.733535e+01 1.497339e+01 1.500000e+01
      vertex   1.663102e+01 2.283955e+01 1.500000e+01
      vertex   1.694192e+01 1.460500e+01 1.500000e+01
    endloop
  endfacet
  facet normal 0.000000e+00 0.000000e+00 1.000000e+00
    outer loop
      vertex   1.694192e+01 1.460500e+01 1.500000e+01
      vertex   1.663102e+01 2.283955e+01 1.500000e+01
      vertex   1.646820e+01 1.428383e+01 1.500000e+01
    endloop
  endfacet
  facet normal 0.000000e+00 -0.000000e+00 1.000000e+00
    outer loop
      vertex   1.646820e+01 1.428383e+01 1.500000e+01
      vertex   1.663102e+01 2.283955e+01 1.500000e+01
      vertex   1.612061e+01 2.312117e+01 1.500000e+01
    endloop
  endfacet
  facet normal 0.000000e+00 0.000000e+00 1.000000e+00
    outer loop
      vertex   1.646820e+01 1.428383e+01 1.500000e+01
      vertex   1.612061e+01 2.312117e+01 1.500000e+01
      vertex   1.597363e+01 1.400578e+01 1.500000e+01
    endloop
  endfacet
  facet normal 0.000000e+00 -0.000000e+00 1.000000e+00
    outer loop
      vertex   1.597363e+01 1.400578e+01 1.500000e+01
      vertex   1.612061e+01 2.312117e+01 1.500000e+01
      vertex   1.557627e+01 2.333186e+01 1.500000e+01
    endloop
  endfacet
  facet normal 0.000000e+00 0.000000e+00 1.000000e+00
    outer loop
      vertex   1.597363e+01 1.400578e+01 1.500000e+01
      vertex   1.557627e+01 2.333186e+01 1.500000e+01
      vertex   1.544571e+01 1.379674e+01 1.500000e+01
    endloop
  endfacet
  facet normal 0.000000e+00 -0.000000e+00 1.000000e+00
    outer loop
      vertex   1.544571e+01 1.379674e+01 1.500000e+01
      vertex   1.557627e+01 2.333186e+01 1.500000e+01
      vertex   1.501269e+01 2.350231e+01 1.500000e+01
    endloop
  endfacet
  facet normal 0.000000e+00 0.000000e+00 1.000000e+00
    outer loop
      vertex   1.544571e+01 1.379674e+01 1.500000e+01
      vertex   1.501269e+01 2.350231e+01 1.500000e+01
      vertex   1.489846e+01 1.362769e+01 1.500000e+01
    endloop
  endfacet
  facet normal 0.000000e+00 -0.000000e+00 1.000000e+00
    outer loop
      vertex   1.489846e+01 1.362769e+01 1.500000e+01
      vertex   1.501269e+01 2.350231e+01 1.500000e+01
      vertex   1.423324e+01 2.365272e+01 1.500000e+01
    endloop
  endfacet
  facet normal 0.000000e+00 0.000000e+00 1.000000e+00
    outer loop
      vertex   1.489846e+01 1.362769e+01 1.500000e+01
      vertex   1.423324e+01 2.365272e+01 1.500000e+01
      vertex   1.423564e+01 1.349397e+01 1.500000e+01
    endloop
  endfacet
  facet normal 0.000000e+00 0.000000e+00 1.000000e+00
    outer loop
      vertex   1.423564e+01 1.349397e+01 1.500000e+01
      vertex   1.423324e+01 2.365272e+01 1.500000e+01
      vertex   1.356905e+01 1.339267e+01 1.500000e+01
    endloop
  endfacet
  facet normal 0.000000e+00 -0.000000e+00 1.000000e+00
    outer loop
      vertex   1.356905e+01 1.339267e+01 1.500000e+01
      vertex   1.423324e+01 2.365272e+01 1.500000e+01
      vertex   1.344944e+01 2.376369e+01 1.500000e+01
    endloop
  endfacet
  facet normal 0.000000e+00 0.000000e+00 1.000000e+00
    outer loop
      vertex   1.356905e+01 1.339267e+01 1.500000e+01
      vertex   1.344944e+01 2.376369e+01 1.500000e+01
      vertex   1.289645e+01 1.334298e+01 1.500000e+01
    endloop
  endfacet
  facet normal 0.000000e+00 -0.000000e+00 1.000000e+00
    outer loop
      vertex   1.289645e+01 1.334298e+01 1.500000e+01
      vertex   1.344944e+01 2.376369e+01 1.500000e+01
      vertex   1.265906e+01 2.381475e+01 1.500000e+01
    endloop
  endfacet
  facet normal 0.000000e+00 0.000000e+00 1.000000e+00
    outer loop
      vertex   1.289645e+01 1.334298e+01 1.500000e+01
      vertex   1.265906e+01 2.381475e+01 1.500000e+01
      vertex   1.222039e+01 1.332308e+01 1.500000e+01
    endloop
  endfacet
  facet normal 0.000000e+00 -0.000000e+00 1.000000e+00
    outer loop
      vertex   1.222039e+01 1.332308e+01 1.500000e+01
      vertex   1.265906e+01 2.381475e+01 1.500000e+01
      vertex   1.186500e+01 2.383231e+01 1.500000e+01
    endloop
  endfacet
  facet normal 0.000000e+00 0.000000e+00 1.000000e+00
    outer loop
      vertex   1.222039e+01 1.332308e+01 1.500000e+01
      vertex   1.186500e+01 2.383231e+01 1.500000e+01
      vertex   1.148463e+01 1.333911e+01 1.500000e+01
    endloop
  endfacet
  facet normal 0.000000e+00 -0.000000e+00 1.000000e+00
    outer loop
      vertex   1.148463e+01 1.333911e+01 1.500000e+01
      vertex   1.186500e+01 2.383231e+01 1.500000e+01
      vertex   1.119383e+01 2.382260e+01 1.500000e+01
    endloop
  endfacet
  facet normal 0.000000e+00 0.000000e+00 1.000000e+00
    outer loop
      vertex   1.148463e+01 1.333911e+01 1.500000e+01
      vertex   1.119383e+01 2.382260e+01 1.500000e+01
      vertex   1.075195e+01 1.338462e+01 1.500000e+01
    endloop
  endfacet
  facet normal 0.000000e+00 -0.000000e+00 1.000000e+00
    outer loop
      vertex   1.075195e+01 1.338462e+01 1.500000e+01
      vertex   1.119383e+01 2.382260e+01 1.500000e+01
      vertex   1.052352e+01 2.379793e+01 1.500000e+01
    endloop
  endfacet
  facet normal 0.000000e+00 0.000000e+00 1.000000e+00
    outer loop
      vertex   1.075195e+01 1.338462e+01 1.500000e+01
      vertex   1.052352e+01 2.379793e+01 1.500000e+01
      vertex   1.002476e+01 1.348264e+01 1.500000e+01
    endloop
  endfacet
  facet normal 0.000000e+00 -0.000000e+00 1.000000e+00
    outer loop
      vertex   1.002476e+01 1.348264e+01 1.500000e+01
      vertex   1.052352e+01 2.379793e+01 1.500000e+01
      vertex   9.854743e+00 2.374720e+01 1.500000e+01
    endloop
  endfacet
  facet normal 0.000000e+00 0.000000e+00 1.000000e+00
    outer loop
      vertex   1.002476e+01 1.348264e+01 1.500000e+01
      vertex   9.854743e+00 2.374720e+01 1.500000e+01
      vertex   9.301155e+00 1.361500e+01 1.500000e+01
    endloop
  endfacet
  facet normal 0.000000e+00 -0.000000e+00 1.000000e+00
    outer loop
      vertex   9.301155e+00 1.361500e+01 1.500000e+01
      vertex   9.854743e+00 2.374720e+01 1.500000e+01
      vertex   9.186924e+00 2.368000e+01 1.500000e+01
    endloop
  endfacet
  facet normal 0.000000e+00 0.000000e+00 1.000000e+00
    outer loop
      vertex   9.301155e+00 1.361500e+01 1.500000e+01
      vertex   9.186924e+00 2.368000e+01 1.500000e+01
      vertex   8.775247e+00 1.374933e+01 1.500000e+01
    endloop
  endfacet
  facet normal 0.000000e+00 -0.000000e+00 1.000000e+00
    outer loop
      vertex   8.775247e+00 1.374933e+01 1.500000e+01
      vertex   9.186924e+00 2.368000e+01 1.500000e+01
      vertex   8.620545e+00 2.361766e+01 1.500000e+01
    endloop
  endfacet
  facet normal 0.000000e+00 0.000000e+00 1.000000e+00
    outer loop
      vertex   8.775247e+00 1.374933e+01 1.500000e+01
      vertex   8.620545e+00 2.361766e+01 1.500000e+01
      vertex   8.253842e+00 1.389789e+01 1.500000e+01
    endloop
  endfacet
  facet normal 0.000000e+00 -0.000000e+00 1.000000e+00
    outer loop
      vertex   8.253842e+00 1.389789e+01 1.500000e+01
      vertex   8.620545e+00 2.361766e+01 1.500000e+01
      vertex   7.740454e+00 1.407181e+01 1.500000e+01
    endloop
  endfacet
  facet normal 0.000000e+00 0.000000e+00 1.000000e+00
    outer loop
      vertex   7.740454e+00 1.407181e+01 1.500000e+01
      vertex   8.620545e+00 2.361766e+01 1.500000e+01
      vertex   8.053312e+00 2.356825e+01 1.500000e+01
    endloop
  endfacet
  facet normal 0.000000e+00 -0.000000e+00 1.000000e+00
    outer loop
      vertex   7.740454e+00 1.407181e+01 1.500000e+01
      vertex   8.053312e+00 2.356825e+01 1.500000e+01
      vertex   7.232308e+00 1.426231e+01 1.500000e+01
    endloop
  endfacet
  facet normal 0.000000e+00 0.000000e+00 1.000000e+00
    outer loop
      vertex   7.232308e+00 1.426231e+01 1.500000e+01
      vertex   8.053312e+00 2.356825e+01 1.500000e+01
      vertex   7.484612e+00 2.354107e+01 1.500000e+01
    endloop
  endfacet
  facet normal 0.000000e+00 -0.000000e+00 1.000000e+00
    outer loop
      vertex   7.232308e+00 1.426231e+01 1.500000e+01
      vertex   7.484612e+00 2.354107e+01 1.500000e+01
      vertex   6.883563e+00 1.441142e+01 1.500000e+01
    endloop
  endfacet
  facet normal 0.000000e+00 -0.000000e+00 1.000000e+00
    outer loop
      vertex   6.883563e+00 1.441142e+01 1.500000e+01
      vertex   7.484612e+00 2.354107e+01 1.500000e+01
      vertex   6.537893e+00 1.456699e+01 1.500000e+01
    endloop
  endfacet
  facet normal 0.000000e+00 0.000000e+00 1.000000e+00
    outer loop
      vertex   6.537893e+00 1.456699e+01 1.500000e+01
      vertex   7.484612e+00 2.354107e+01 1.500000e+01
      vertex   6.915001e+00 2.352769e+01 1.500000e+01
    endloop
  endfacet
  facet normal 0.000000e+00 -0.000000e+00 1.000000e+00
    outer loop
      vertex   6.537893e+00 1.456699e+01 1.500000e+01
      vertex   6.915001e+00 2.352769e+01 1.500000e+01
      vertex   6.197815e+00 1.473431e+01 1.500000e+01
    endloop
  endfacet
  facet normal 0.000000e+00 -0.000000e+00 1.000000e+00
    outer loop
      vertex   6.197815e+00 1.473431e+01 1.500000e+01
      vertex   6.915001e+00 2.352769e+01 1.500000e+01
      vertex   5.861539e+00 1.490962e+01 1.500000e+01
    endloop
  endfacet
  facet normal 0.000000e+00 0.000000e+00 1.000000e+00
    outer loop
      vertex   5.861539e+00 1.490962e+01 1.500000e+01
      vertex   6.915001e+00 2.352769e+01 1.500000e+01
      vertex   6.622646e+00 2.354316e+01 1.500000e+01
    endloop
  endfacet
  facet normal 0.000000e+00 -0.000000e+00 1.000000e+00
    outer loop
      vertex   5.861539e+00 1.490962e+01 1.500000e+01
      vertex   6.622646e+00 2.354316e+01 1.500000e+01
      vertex   5.677981e+00 1.501116e+01 1.500000e+01
    endloop
  endfacet
  facet normal 0.000000e+00 -0.000000e+00 1.000000e+00
    outer loop
      vertex   5.677981e+00 1.501116e+01 1.500000e+01
      vertex   6.622646e+00 2.354316e+01 1.500000e+01
      vertex   5.489626e+00 1.509900e+01 1.500000e+01
    endloop
  endfacet
  facet normal 0.000000e+00 0.000000e+00 1.000000e+00
    outer loop
      vertex   5.489626e+00 1.509900e+01 1.500000e+01
      vertex   6.622646e+00 2.354316e+01 1.500000e+01
      vertex   6.344930e+00 2.359728e+01 1.500000e+01
    endloop
  endfacet
  facet normal 0.000000e+00 -0.000000e+00 1.000000e+00
    outer loop
      vertex   5.489626e+00 1.509900e+01 1.500000e+01
      vertex   6.344930e+00 2.359728e+01 1.500000e+01
      vertex   5.292069e+00 1.516056e+01 1.500000e+01
    endloop
  endfacet
  facet normal 0.000000e+00 0.000000e+00 1.000000e+00
    outer loop
      vertex   5.292069e+00 1.516056e+01 1.500000e+01
      vertex   6.344930e+00 2.359728e+01 1.500000e+01
      vertex   6.216032e+00 2.365065e+01 1.500000e+01
    endloop
  endfacet
  facet normal 0.000000e+00 -0.000000e+00 1.000000e+00
    outer loop
      vertex   5.292069e+00 1.516056e+01 1.500000e+01
      vertex   6.216032e+00 2.365065e+01 1.500000e+01
      vertex   5.087308e+00 1.520154e+01 1.500000e+01
    endloop
  endfacet
  facet normal 0.000000e+00 0.000000e+00 1.000000e+00
    outer loop
      vertex   5.087308e+00 1.520154e+01 1.500000e+01
      vertex   6.216032e+00 2.365065e+01 1.500000e+01
      vertex   6.094009e+00 2.372216e+01 1.500000e+01
    endloop
  endfacet
  facet normal 0.000000e+00 0.000000e+00 1.000000e+00
    outer loop
      vertex   5.087308e+00 1.520154e+01 1.500000e+01
      vertex   6.094009e+00 2.372216e+01 1.500000e+01
      vertex   5.861539e+00 2.389577e+01 1.500000e+01
    endloop
  endfacet
  facet normal 0.000000e+00 0.000000e+00 1.000000e+00
    outer loop
      vertex   5.701040e+00 2.421363e+01 1.500000e+01
      vertex   4.731924e+00 1.507462e+01 1.500000e+01
      vertex   5.861539e+00 2.389577e+01 1.500000e+01
    endloop
  endfacet
  facet normal 0.000000e+00 0.000000e+00 1.000000e+00
    outer loop
      vertex   5.861539e+00 2.389577e+01 1.500000e+01
      vertex   4.731924e+00 1.507462e+01 1.500000e+01
      vertex   4.812832e+00 1.512849e+01 1.500000e+01
    endloop
  endfacet
  facet normal 0.000000e+00 0.000000e+00 1.000000e+00
    outer loop
      vertex   5.861539e+00 2.389577e+01 1.500000e+01
      vertex   4.812832e+00 1.512849e+01 1.500000e+01
      vertex   4.898090e+00 1.517023e+01 1.500000e+01
    endloop
  endfacet
  facet normal 0.000000e+00 -0.000000e+00 1.000000e+00
    outer loop
      vertex   4.731924e+00 1.507462e+01 1.500000e+01
      vertex   5.701040e+00 2.421363e+01 1.500000e+01
      vertex   4.646168e+00 1.497897e+01 1.500000e+01
    endloop
  endfacet
  facet normal 0.000000e+00 0.000000e+00 1.000000e+00
    outer loop
      vertex   4.646168e+00 1.497897e+01 1.500000e+01
      vertex   5.701040e+00 2.421363e+01 1.500000e+01
      vertex   5.637030e+00 2.437690e+01 1.500000e+01
    endloop
  endfacet
  facet normal 2.802635e-14 -2.954932e-15 1.000000e+00
    outer loop
      vertex   4.646168e+00 1.497897e+01 1.500000e+01
      vertex   5.637030e+00 2.437690e+01 1.500000e+01
      vertex   4.571925e+00 1.487595e+01 1.500000e+01
    endloop
  endfacet
  facet normal 4.904920e-16 1.319797e-16 1.000000e+00
    outer loop
      vertex   4.571925e+00 1.487595e+01 1.500000e+01
      vertex   5.637030e+00 2.437690e+01 1.500000e+01
      vertex   5.591755e+00 2.454516e+01 1.500000e+01
    endloop
  endfacet
  facet normal -3.926687e-14 4.325263e-15 1.000000e+00
    outer loop
      vertex   4.571925e+00 1.487595e+01 1.500000e+01
      vertex   5.591755e+00 2.454516e+01 1.500000e+01
      vertex   4.514177e+00 1.476238e+01 1.500000e+01
    endloop
  endfacet
  facet normal 0.000000e+00 -0.000000e+00 1.000000e+00
    outer loop
      vertex   4.514177e+00 1.476238e+01 1.500000e+01
      vertex   5.591755e+00 2.454516e+01 1.500000e+01
      vertex   4.465385e+00 1.464308e+01 1.500000e+01
    endloop
  endfacet
  facet normal 0.000000e+00 0.000000e+00 1.000000e+00
    outer loop
      vertex   4.465385e+00 1.464308e+01 1.500000e+01
      vertex   5.591755e+00 2.454516e+01 1.500000e+01
      vertex   5.550167e+00 2.489475e+01 1.500000e+01
    endloop
  endfacet
  facet normal 0.000000e+00 -0.000000e+00 1.000000e+00
    outer loop
      vertex   4.465385e+00 1.464308e+01 1.500000e+01
      vertex   5.550167e+00 2.489475e+01 1.500000e+01
      vertex   4.406553e+00 1.444692e+01 1.500000e+01
    endloop
  endfacet
  facet normal 0.000000e+00 0.000000e+00 1.000000e+00
    outer loop
      vertex   4.406553e+00 1.444692e+01 1.500000e+01
      vertex   5.550167e+00 2.489475e+01 1.500000e+01
      vertex   5.544232e+00 2.525385e+01 1.500000e+01
    endloop
  endfacet
  facet normal 0.000000e+00 -0.000000e+00 1.000000e+00
    outer loop
      vertex   4.406553e+00 1.444692e+01 1.500000e+01
      vertex   5.544232e+00 2.525385e+01 1.500000e+01
      vertex   4.358128e+00 1.424855e+01 1.500000e+01
    endloop
  endfacet
  facet normal 0.000000e+00 -0.000000e+00 1.000000e+00
    outer loop
      vertex   4.358128e+00 1.424855e+01 1.500000e+01
      vertex   5.544232e+00 2.525385e+01 1.500000e+01
      vertex   1.000000e+00 4.900000e+01 1.500000e+01
    endloop
  endfacet
  facet normal 0.000000e+00 0.000000e+00 1.000000e+00
    outer loop
      vertex   4.358128e+00 1.424855e+01 1.500000e+01
      vertex   1.000000e+00 4.900000e+01 1.500000e+01
      vertex   4.325038e+00 1.404690e+01 1.500000e+01
    endloop
  endfacet
  facet normal 0.000000e+00 0.000000e+00 1.000000e+00
    outer loop
      vertex   4.325038e+00 1.404690e+01 1.500000e+01
      vertex   1.000000e+00 4.900000e+01 1.500000e+01
      vertex   1.000000e+00 1.000000e+00 1.500000e+01
    endloop
  endfacet
  facet normal 0.000000e+00 0.000000e+00 1.000000e+00
    outer loop
      vertex   4.325038e+00 1.404690e+01 1.500000e+01
      vertex   1.000000e+00 1.000000e+00 1.500000e+01
      vertex   4.300385e+00 1.384346e+01 1.500000e+01
    endloop
  endfacet
  facet normal 0.000000e+00 0.000000e+00 1.000000e+00
    outer loop
      vertex   4.300385e+00 1.384346e+01 1.500000e+01
      vertex   1.000000e+00 1.000000e+00 1.500000e+01
      vertex   4.277102e+00 1.354249e+01 1.500000e+01
    endloop
  endfacet
  facet normal 0.000000e+00 0.000000e+00 1.000000e+00
    outer loop
      vertex   4.277102e+00 1.354249e+01 1.500000e+01
      vertex   1.000000e+00 1.000000e+00 1.500000e+01
      vertex   4.260001e+00 1.324124e+01 1.500000e+01
    endloop
  endfacet
  facet normal 0.000000e+00 0.000000e+00 1.000000e+00
    outer loop
      vertex   4.260001e+00 1.324124e+01 1.500000e+01
      vertex   1.000000e+00 1.000000e+00 1.500000e+01
      vertex   4.252215e+00 1.293958e+01 1.500000e+01
    endloop
  endfacet
  facet normal 0.000000e+00 0.000000e+00 1.000000e+00
    outer loop
      vertex   4.252215e+00 1.293958e+01 1.500000e+01
      vertex   1.000000e+00 1.000000e+00 1.500000e+01
      vertex   4.249616e+00 1.263769e+01 1.500000e+01
    endloop
  endfacet
  facet normal 0.000000e+00 0.000000e+00 1.000000e+00
    outer loop
      vertex   4.249616e+00 1.263769e+01 1.500000e+01
      vertex   1.000000e+00 1.000000e+00 1.500000e+01
      vertex   4.251002e+00 1.235200e+01 1.500000e+01
    endloop
  endfacet
  facet normal 0.000000e+00 0.000000e+00 1.000000e+00
    outer loop
      vertex   4.251002e+00 1.235200e+01 1.500000e+01
      vertex   1.000000e+00 1.000000e+00 1.500000e+01
      vertex   4.254955e+00 1.206637e+01 1.500000e+01
    endloop
  endfacet
  facet normal 0.000000e+00 0.000000e+00 1.000000e+00
    outer loop
      vertex   4.254955e+00 1.206637e+01 1.500000e+01
      vertex   1.000000e+00 1.000000e+00 1.500000e+01
      vertex   4.263481e+00 1.178084e+01 1.500000e+01
    endloop
  endfacet
  facet normal 0.000000e+00 0.000000e+00 1.000000e+00
    outer loop
      vertex   4.263481e+00 1.178084e+01 1.500000e+01
      vertex   1.000000e+00 1.000000e+00 1.500000e+01
      vertex   4.275001e+00 1.149539e+01 1.500000e+01
    endloop
  endfacet
  facet normal 0.000000e+00 0.000000e+00 1.000000e+00
    outer loop
      vertex   4.275001e+00 1.149539e+01 1.500000e+01
      vertex   1.000000e+00 1.000000e+00 1.500000e+01
      vertex   4.287813e+00 1.129440e+01 1.500000e+01
    endloop
  endfacet
  facet normal 0.000000e+00 0.000000e+00 1.000000e+00
    outer loop
      vertex   4.287813e+00 1.129440e+01 1.500000e+01
      vertex   1.000000e+00 1.000000e+00 1.500000e+01
      vertex   4.305423e+00 1.109397e+01 1.500000e+01
    endloop
  endfacet
  facet normal 0.000000e+00 0.000000e+00 1.000000e+00
    outer loop
      vertex   4.305423e+00 1.109397e+01 1.500000e+01
      vertex   1.000000e+00 1.000000e+00 1.500000e+01
      vertex   4.331715e+00 1.089454e+01 1.500000e+01
    endloop
  endfacet
  facet normal 0.000000e+00 0.000000e+00 1.000000e+00
    outer loop
      vertex   4.331715e+00 1.089454e+01 1.500000e+01
      vertex   1.000000e+00 1.000000e+00 1.500000e+01
      vertex   4.363847e+00 1.069577e+01 1.500000e+01
    endloop
  endfacet
  facet normal 0.000000e+00 0.000000e+00 1.000000e+00
    outer loop
      vertex   4.363847e+00 1.069577e+01 1.500000e+01
      vertex   1.000000e+00 1.000000e+00 1.500000e+01
      vertex   4.395023e+00 1.055624e+01 1.500000e+01
    endloop
  endfacet
  facet normal 0.000000e+00 0.000000e+00 1.000000e+00
    outer loop
      vertex   4.395023e+00 1.055624e+01 1.500000e+01
      vertex   1.000000e+00 1.000000e+00 1.500000e+01
      vertex   4.431454e+00 1.041833e+01 1.500000e+01
    endloop
  endfacet
  facet normal 0.000000e+00 0.000000e+00 1.000000e+00
    outer loop
      vertex   4.431454e+00 1.041833e+01 1.500000e+01
      vertex   1.000000e+00 1.000000e+00 1.500000e+01
      vertex   4.477161e+00 1.028325e+01 1.500000e+01
    endloop
  endfacet
  facet normal 0.000000e+00 0.000000e+00 1.000000e+00
    outer loop
      vertex   4.477161e+00 1.028325e+01 1.500000e+01
      vertex   1.000000e+00 1.000000e+00 1.500000e+01
      vertex   4.528847e+00 1.015000e+01 1.500000e+01
    endloop
  endfacet
  facet normal 0.000000e+00 0.000000e+00 1.000000e+00
    outer loop
      vertex   4.528847e+00 1.015000e+01 1.500000e+01
      vertex   1.000000e+00 1.000000e+00 1.500000e+01
      vertex   4.592329e+00 1.003338e+01 1.500000e+01
    endloop
  endfacet
  facet normal 0.000000e+00 0.000000e+00 1.000000e+00
    outer loop
      vertex   4.592329e+00 1.003338e+01 1.500000e+01
      vertex   1.000000e+00 1.000000e+00 1.500000e+01
      vertex   4.664692e+00 9.923438e+00 1.500000e+01
    endloop
  endfacet
  facet normal 0.000000e+00 0.000000e+00 1.000000e+00
    outer loop
      vertex   4.664692e+00 9.923438e+00 1.500000e+01
      vertex   1.000000e+00 1.000000e+00 1.500000e+01
      vertex   4.751294e+00 9.824194e+00 1.500000e+01
    endloop
  endfacet
  facet normal 0.000000e+00 0.000000e+00 1.000000e+00
    outer loop
      vertex   4.751294e+00 9.824194e+00 1.500000e+01
      vertex   1.000000e+00 1.000000e+00 1.500000e+01
      vertex   4.846154e+00 9.731154e+00 1.500000e+01
    endloop
  endfacet
  facet normal 0.000000e+00 0.000000e+00 1.000000e+00
    outer loop
      vertex   4.846154e+00 9.731154e+00 1.500000e+01
      vertex   1.000000e+00 1.000000e+00 1.500000e+01
      vertex   5.062159e+00 9.587850e+00 1.500000e+01
    endloop
  endfacet
  facet normal 0.000000e+00 0.000000e+00 1.000000e+00
    outer loop
      vertex   5.062159e+00 9.587850e+00 1.500000e+01
      vertex   1.000000e+00 1.000000e+00 1.500000e+01
      vertex   5.286285e+00 9.459364e+00 1.500000e+01
    endloop
  endfacet
  facet normal 0.000000e+00 0.000000e+00 1.000000e+00
    outer loop
      vertex   5.286285e+00 9.459364e+00 1.500000e+01
      vertex   1.000000e+00 1.000000e+00 1.500000e+01
      vertex   5.520523e+00 9.349328e+00 1.500000e+01
    endloop
  endfacet
  facet normal 0.000000e+00 0.000000e+00 1.000000e+00
    outer loop
      vertex   5.520523e+00 9.349328e+00 1.500000e+01
      vertex   1.000000e+00 1.000000e+00 1.500000e+01
      vertex   5.760000e+00 9.248848e+00 1.500000e+01
    endloop
  endfacet
  facet normal 0.000000e+00 0.000000e+00 1.000000e+00
    outer loop
      vertex   5.760000e+00 9.248848e+00 1.500000e+01
      vertex   1.000000e+00 1.000000e+00 1.500000e+01
      vertex   6.200596e+00 9.082244e+00 1.500000e+01
    endloop
  endfacet
  facet normal 0.000000e+00 0.000000e+00 1.000000e+00
    outer loop
      vertex   6.200596e+00 9.082244e+00 1.500000e+01
      vertex   1.000000e+00 1.000000e+00 1.500000e+01
      vertex   6.645200e+00 8.927793e+00 1.500000e+01
    endloop
  endfacet
  facet normal 0.000000e+00 0.000000e+00 1.000000e+00
    outer loop
      vertex   6.645200e+00 8.927793e+00 1.500000e+01
      vertex   1.000000e+00 1.000000e+00 1.500000e+01
      vertex   7.095762e+00 8.791405e+00 1.500000e+01
    endloop
  endfacet
  facet normal 0.000000e+00 0.000000e+00 1.000000e+00
    outer loop
      vertex   7.095762e+00 8.791405e+00 1.500000e+01
      vertex   1.000000e+00 1.000000e+00 1.500000e+01
      vertex   7.549616e+00 8.664999e+00 1.500000e+01
    endloop
  endfacet
  facet normal 0.000000e+00 0.000000e+00 1.000000e+00
    outer loop
      vertex   7.549616e+00 8.664999e+00 1.500000e+01
      vertex   1.000000e+00 1.000000e+00 1.500000e+01
      vertex   8.160005e+00 8.518152e+00 1.500000e+01
    endloop
  endfacet
  facet normal 0.000000e+00 0.000000e+00 1.000000e+00
    outer loop
      vertex   8.160005e+00 8.518152e+00 1.500000e+01
      vertex   1.000000e+00 1.000000e+00 1.500000e+01
      vertex   8.773333e+00 8.386192e+00 1.500000e+01
    endloop
  endfacet
  facet normal 0.000000e+00 0.000000e+00 1.000000e+00
    outer loop
      vertex   8.773333e+00 8.386192e+00 1.500000e+01
      vertex   1.000000e+00 1.000000e+00 1.500000e+01
      vertex   9.391300e+00 8.277714e+00 1.500000e+01
    endloop
  endfacet
  facet normal 0.000000e+00 0.000000e+00 1.000000e+00
    outer loop
      vertex   9.391300e+00 8.277714e+00 1.500000e+01
      vertex   1.000000e+00 1.000000e+00 1.500000e+01
      vertex   1.001192e+01 8.182693e+00 1.500000e+01
    endloop
  endfacet
  facet normal 0.000000e+00 0.000000e+00 1.000000e+00
    outer loop
      vertex   1.001192e+01 8.182693e+00 1.500000e+01
      vertex   1.000000e+00 1.000000e+00 1.500000e+01
      vertex   1.073308e+01 8.100559e+00 1.500000e+01
    endloop
  endfacet
  facet normal 0.000000e+00 0.000000e+00 1.000000e+00
    outer loop
      vertex   1.073308e+01 8.100559e+00 1.500000e+01
      vertex   1.000000e+00 1.000000e+00 1.500000e+01
      vertex   1.145552e+01 8.037603e+00 1.500000e+01
    endloop
  endfacet
  facet normal 0.000000e+00 0.000000e+00 1.000000e+00
    outer loop
      vertex   1.145552e+01 8.037603e+00 1.500000e+01
      vertex   1.000000e+00 1.000000e+00 1.500000e+01
      vertex   1.218004e+01 8.005817e+00 1.500000e+01
    endloop
  endfacet
  facet normal 0.000000e+00 0.000000e+00 1.000000e+00
    outer loop
      vertex   1.218004e+01 8.005817e+00 1.500000e+01
      vertex   1.000000e+00 1.000000e+00 1.500000e+01
      vertex   1.290577e+01 7.992311e+00 1.500000e+01
    endloop
  endfacet
  facet normal -0.000000e+00 0.000000e+00 1.000000e+00
    outer loop
      vertex   1.290577e+01 7.992311e+00 1.500000e+01
      vertex   1.000000e+00 1.000000e+00 1.500000e+01
      vertex   1.424319e+01 8.043154e+00 1.500000e+01
    endloop
  endfacet
  facet normal 0.000000e+00 0.000000e+00 1.000000e+00
    outer loop
      vertex   1.424319e+01 8.043154e+00 1.500000e+01
      vertex   1.000000e+00 1.000000e+00 1.500000e+01
      vertex   2.900000e+01 1.000000e+00 1.500000e+01
    endloop
  endfacet
  facet normal -0.000000e+00 0.000000e+00 1.000000e+00
    outer loop
      vertex   1.424319e+01 8.043154e+00 1.500000e+01
      vertex   2.900000e+01 1.000000e+00 1.500000e+01
      vertex   1.490849e+01 8.091735e+00 1.500000e+01
    endloop
  endfacet
  facet normal -0.000000e+00 0.000000e+00 1.000000e+00
    outer loop
      vertex   1.490849e+01 8.091735e+00 1.500000e+01
      vertex   2.900000e+01 1.000000e+00 1.500000e+01
      vertex   1.556968e+01 8.168106e+00 1.500000e+01
    endloop
  endfacet
  facet normal -0.000000e+00 0.000000e+00 1.000000e+00
    outer loop
      vertex   1.556968e+01 8.168106e+00 1.500000e+01
      vertex   2.900000e+01 1.000000e+00 1.500000e+01
      vertex   1.622569e+01 8.279572e+00 1.500000e+01
    endloop
  endfacet
  facet normal -0.000000e+00 0.000000e+00 1.000000e+00
    outer loop
      vertex   1.622569e+01 8.279572e+00 1.500000e+01
      vertex   2.900000e+01 1.000000e+00 1.500000e+01
      vertex   1.687728e+01 8.421008e+00 1.500000e+01
    endloop
  endfacet
  facet normal -0.000000e+00 0.000000e+00 1.000000e+00
    outer loop
      vertex   1.687728e+01 8.421008e+00 1.500000e+01
      vertex   2.900000e+01 1.000000e+00 1.500000e+01
      vertex   1.817308e+01 8.753848e+00 1.500000e+01
    endloop
  endfacet
  facet normal -0.000000e+00 0.000000e+00 1.000000e+00
    outer loop
      vertex   1.817308e+01 8.753848e+00 1.500000e+01
      vertex   2.900000e+01 1.000000e+00 1.500000e+01
      vertex   1.926333e+01 9.165295e+00 1.500000e+01
    endloop
  endfacet
  facet normal -0.000000e+00 0.000000e+00 1.000000e+00
    outer loop
      vertex   1.926333e+01 9.165295e+00 1.500000e+01
      vertex   2.900000e+01 1.000000e+00 1.500000e+01
      vertex   1.979597e+01 9.393957e+00 1.500000e+01
    endloop
  endfacet
  facet normal -0.000000e+00 0.000000e+00 1.000000e+00
    outer loop
      vertex   1.979597e+01 9.393957e+00 1.500000e+01
      vertex   2.900000e+01 1.000000e+00 1.500000e+01
      vertex   2.031362e+01 9.650144e+00 1.500000e+01
    endloop
  endfacet
  facet normal -0.000000e+00 0.000000e+00 1.000000e+00
    outer loop
      vertex   2.031362e+01 9.650144e+00 1.500000e+01
      vertex   2.900000e+01 1.000000e+00 1.500000e+01
      vertex   2.081245e+01 9.940893e+00 1.500000e+01
    endloop
  endfacet
  facet normal -0.000000e+00 0.000000e+00 1.000000e+00
    outer loop
      vertex   2.081245e+01 9.940893e+00 1.500000e+01
      vertex   2.900000e+01 1.000000e+00 1.500000e+01
      vertex   2.129535e+01 1.026088e+01 1.500000e+01
    endloop
  endfacet
  facet normal -0.000000e+00 0.000000e+00 1.000000e+00
    outer loop
      vertex   2.129535e+01 1.026088e+01 1.500000e+01
      vertex   2.900000e+01 1.000000e+00 1.500000e+01
      vertex   2.223462e+01 1.094962e+01 1.500000e+01
    endloop
  endfacet
  facet normal -0.000000e+00 0.000000e+00 1.000000e+00
    outer loop
      vertex   2.223462e+01 1.094962e+01 1.500000e+01
      vertex   2.900000e+01 1.000000e+00 1.500000e+01
      vertex   2.302726e+01 1.172853e+01 1.500000e+01
    endloop
  endfacet
  facet normal -0.000000e+00 0.000000e+00 1.000000e+00
    outer loop
      vertex   2.302726e+01 1.172853e+01 1.500000e+01
      vertex   2.900000e+01 1.000000e+00 1.500000e+01
      vertex   2.339974e+01 1.213568e+01 1.500000e+01
    endloop
  endfacet
  facet normal -0.000000e+00 0.000000e+00 1.000000e+00
    outer loop
      vertex   2.339974e+01 1.213568e+01 1.500000e+01
      vertex   2.900000e+01 1.000000e+00 1.500000e+01
      vertex   2.374361e+01 1.256409e+01 1.500000e+01
    endloop
  endfacet
  facet normal 3.444970e-15 1.565891e-15 1.000000e+00
    outer loop
      vertex   2.374361e+01 1.256409e+01 1.500000e+01
      vertex   2.900000e+01 1.000000e+00 1.500000e+01
      vertex   2.405282e+01 1.301822e+01 1.500000e+01
    endloop
  endfacet
  facet normal -3.874230e-15 -1.446981e-15 1.000000e+00
    outer loop
      vertex   2.405282e+01 1.301822e+01 1.500000e+01
      vertex   2.900000e+01 1.000000e+00 1.500000e+01
      vertex   2.433392e+01 1.349324e+01 1.500000e+01
    endloop
  endfacet
  facet normal -0.000000e+00 0.000000e+00 1.000000e+00
    outer loop
      vertex   2.433392e+01 1.349324e+01 1.500000e+01
      vertex   2.900000e+01 1.000000e+00 1.500000e+01
      vertex   2.484923e+01 1.447808e+01 1.500000e+01
    endloop
  endfacet
  facet normal -0.000000e+00 0.000000e+00 1.000000e+00
    outer loop
      vertex   2.484923e+01 1.447808e+01 1.500000e+01
      vertex   2.900000e+01 1.000000e+00 1.500000e+01
      vertex   2.525465e+01 1.563341e+01 1.500000e+01
    endloop
  endfacet
  facet normal -0.000000e+00 0.000000e+00 1.000000e+00
    outer loop
      vertex   2.525465e+01 1.563341e+01 1.500000e+01
      vertex   2.900000e+01 1.000000e+00 1.500000e+01
      vertex   2.542685e+01 1.621714e+01 1.500000e+01
    endloop
  endfacet
  facet normal -0.000000e+00 0.000000e+00 1.000000e+00
    outer loop
      vertex   2.542685e+01 1.621714e+01 1.500000e+01
      vertex   2.900000e+01 1.000000e+00 1.500000e+01
      vertex   2.556246e+01 1.680816e+01 1.500000e+01
    endloop
  endfacet
  facet normal -0.000000e+00 0.000000e+00 1.000000e+00
    outer loop
      vertex   2.556246e+01 1.680816e+01 1.500000e+01
      vertex   2.900000e+01 1.000000e+00 1.500000e+01
      vertex   2.565528e+01 1.740768e+01 1.500000e+01
    endloop
  endfacet
  facet normal -0.000000e+00 0.000000e+00 1.000000e+00
    outer loop
      vertex   2.565528e+01 1.740768e+01 1.500000e+01
      vertex   2.900000e+01 1.000000e+00 1.500000e+01
      vertex   2.571425e+01 1.801394e+01 1.500000e+01
    endloop
  endfacet
  facet normal -0.000000e+00 0.000000e+00 1.000000e+00
    outer loop
      vertex   2.571425e+01 1.801394e+01 1.500000e+01
      vertex   2.900000e+01 1.000000e+00 1.500000e+01
      vertex   2.577577e+01 1.923769e+01 1.500000e+01
    endloop
  endfacet
  facet normal -0.000000e+00 -0.000000e+00 1.000000e+00
    outer loop
      vertex   2.577577e+01 1.923769e+01 1.500000e+01
      vertex   2.900000e+01 1.000000e+00 1.500000e+01
      vertex   2.572954e+01 2.030044e+01 1.500000e+01
    endloop
  endfacet
  facet normal -0.000000e+00 0.000000e+00 1.000000e+00
    outer loop
      vertex   2.572954e+01 2.030044e+01 1.500000e+01
      vertex   2.900000e+01 1.000000e+00 1.500000e+01
      vertex   2.900000e+01 4.900000e+01 1.500000e+01
    endloop
  endfacet
  facet normal 0.000000e+00 -0.000000e+00 1.000000e+00
    outer loop
      vertex   2.572954e+01 2.030044e+01 1.500000e+01
      vertex   2.900000e+01 4.900000e+01 1.500000e+01
      vertex   2.568376e+01 2.082768e+01 1.500000e+01
    endloop
  endfacet
  facet normal 0.000000e+00 -0.000000e+00 1.000000e+00
    outer loop
      vertex   2.568376e+01 2.082768e+01 1.500000e+01
      vertex   2.900000e+01 4.900000e+01 1.500000e+01
      vertex   2.561077e+01 2.134995e+01 1.500000e+01
    endloop
  endfacet
  facet normal 0.000000e+00 -0.000000e+00 1.000000e+00
    outer loop
      vertex   2.561077e+01 2.134995e+01 1.500000e+01
      vertex   2.900000e+01 4.900000e+01 1.500000e+01
      vertex   2.550311e+01 2.186589e+01 1.500000e+01
    endloop
  endfacet
  facet normal 0.000000e+00 -0.000000e+00 1.000000e+00
    outer loop
      vertex   2.550311e+01 2.186589e+01 1.500000e+01
      vertex   2.900000e+01 4.900000e+01 1.500000e+01
      vertex   2.536535e+01 2.237634e+01 1.500000e+01
    endloop
  endfacet
  facet normal 0.000000e+00 -0.000000e+00 1.000000e+00
    outer loop
      vertex   2.536535e+01 2.237634e+01 1.500000e+01
      vertex   2.900000e+01 4.900000e+01 1.500000e+01
      vertex   2.503962e+01 2.338808e+01 1.500000e+01
    endloop
  endfacet
  facet normal 0.000000e+00 -0.000000e+00 1.000000e+00
    outer loop
      vertex   2.503962e+01 2.338808e+01 1.500000e+01
      vertex   2.900000e+01 4.900000e+01 1.500000e+01
      vertex   2.375464e+01 3.748939e+01 1.500000e+01
    endloop
  endfacet
  facet normal 0.000000e+00 0.000000e+00 1.000000e+00
    outer loop
      vertex   2.503962e+01 2.338808e+01 1.500000e+01
      vertex   2.375464e+01 3.748939e+01 1.500000e+01
      vertex   2.366298e+01 3.694068e+01 1.500000e+01
    endloop
  endfacet
  facet normal 0.000000e+00 -0.000000e+00 1.000000e+00
    outer loop
      vertex   5.544232e+00 2.525385e+01 1.500000e+01
      vertex   5.544232e+00 3.952000e+01 1.500000e+01
      vertex   1.000000e+00 4.900000e+01 1.500000e+01
    endloop
  endfacet
  facet normal 0.000000e+00 0.000000e+00 1.000000e+00
    outer loop
      vertex   1.000000e+00 4.900000e+01 1.500000e+01
      vertex   5.544232e+00 3.952000e+01 1.500000e+01
      vertex   5.557286e+00 3.991027e+01 1.500000e+01
    endloop
  endfacet
  facet normal 0.000000e+00 0.000000e+00 1.000000e+00
    outer loop
      vertex   1.000000e+00 4.900000e+01 1.500000e+01
      vertex   5.557286e+00 3.991027e+01 1.500000e+01
      vertex   5.612751e+00 4.028793e+01 1.500000e+01
    endloop
  endfacet
  facet normal 0.000000e+00 -0.000000e+00 1.000000e+00
    outer loop
      vertex   5.612751e+00 4.028793e+01 1.500000e+01
      vertex   5.669484e+00 4.046814e+01 1.500000e+01
      vertex   1.000000e+00 4.900000e+01 1.500000e+01
    endloop
  endfacet
  facet normal 0.000000e+00 0.000000e+00 1.000000e+00
    outer loop
      vertex   1.000000e+00 4.900000e+01 1.500000e+01
      vertex   5.669484e+00 4.046814e+01 1.500000e+01
      vertex   5.747078e+00 4.064214e+01 1.500000e+01
    endloop
  endfacet
  facet normal 0.000000e+00 0.000000e+00 1.000000e+00
    outer loop
      vertex   1.000000e+00 4.900000e+01 1.500000e+01
      vertex   5.747078e+00 4.064214e+01 1.500000e+01
      vertex   5.937693e+00 4.097961e+01 1.500000e+01
    endloop
  endfacet
  facet normal 0.000000e+00 -0.000000e+00 1.000000e+00
    outer loop
      vertex   5.937693e+00 4.097961e+01 1.500000e+01
      vertex   6.215338e+00 4.118678e+01 1.500000e+01
      vertex   1.000000e+00 4.900000e+01 1.500000e+01
    endloop
  endfacet
  facet normal 0.000000e+00 0.000000e+00 1.000000e+00
    outer loop
      vertex   1.000000e+00 4.900000e+01 1.500000e+01
      vertex   6.215338e+00 4.118678e+01 1.500000e+01
      vertex   6.360927e+00 4.127253e+01 1.500000e+01
    endloop
  endfacet
  facet normal 0.000000e+00 0.000000e+00 1.000000e+00
    outer loop
      vertex   1.000000e+00 4.900000e+01 1.500000e+01
      vertex   6.360927e+00 4.127253e+01 1.500000e+01
      vertex   6.514575e+00 4.133707e+01 1.500000e+01
    endloop
  endfacet
  facet normal 0.000000e+00 -0.000000e+00 1.000000e+00
    outer loop
      vertex   6.514575e+00 4.133707e+01 1.500000e+01
      vertex   6.845644e+00 4.140353e+01 1.500000e+01
      vertex   1.000000e+00 4.900000e+01 1.500000e+01
    endloop
  endfacet
  facet normal 0.000000e+00 0.000000e+00 1.000000e+00
    outer loop
      vertex   1.000000e+00 4.900000e+01 1.500000e+01
      vertex   6.845644e+00 4.140353e+01 1.500000e+01
      vertex   7.194231e+00 4.142385e+01 1.500000e+01
    endloop
  endfacet
  facet normal 0.000000e+00 0.000000e+00 1.000000e+00
    outer loop
      vertex   1.000000e+00 4.900000e+01 1.500000e+01
      vertex   7.194231e+00 4.142385e+01 1.500000e+01
      vertex   2.275500e+01 4.142385e+01 1.500000e+01
    endloop
  endfacet
  facet normal -0.000000e+00 0.000000e+00 1.000000e+00
    outer loop
      vertex   1.000000e+00 4.900000e+01 1.500000e+01
      vertex   2.275500e+01 4.142385e+01 1.500000e+01
      vertex   2.900000e+01 4.900000e+01 1.500000e+01
    endloop
  endfacet
  facet normal 0.000000e+00 0.000000e+00 1.000000e+00
    outer loop
      vertex   2.900000e+01 4.900000e+01 1.500000e+01
      vertex   2.275500e+01 4.142385e+01 1.500000e+01
      vertex   2.287154e+01 4.141067e+01 1.500000e+01
    endloop
  endfacet
  facet normal 0.000000e+00 0.000000e+00 1.000000e+00
    outer loop
      vertex   2.900000e+01 4.900000e+01 1.500000e+01
      vertex   2.287154e+01 4.141067e+01 1.500000e+01
      vertex   2.298326e+01 4.138362e+01 1.500000e+01
    endloop
  endfacet
  facet normal -0.000000e+00 0.000000e+00 1.000000e+00
    outer loop
      vertex   2.298326e+01 4.138362e+01 1.500000e+01
      vertex   2.308718e+01 4.133413e+01 1.500000e+01
      vertex   2.900000e+01 4.900000e+01 1.500000e+01
    endloop
  endfacet
  facet normal 0.000000e+00 0.000000e+00 1.000000e+00
    outer loop
      vertex   2.900000e+01 4.900000e+01 1.500000e+01
      vertex   2.308718e+01 4.133413e+01 1.500000e+01
      vertex   2.318654e+01 4.127154e+01 1.500000e+01
    endloop
  endfacet
  facet normal 0.000000e+00 0.000000e+00 1.000000e+00
    outer loop
      vertex   2.900000e+01 4.900000e+01 1.500000e+01
      vertex   2.318654e+01 4.127154e+01 1.500000e+01
      vertex   2.329439e+01 4.116711e+01 1.500000e+01
    endloop
  endfacet
  facet normal -0.000000e+00 0.000000e+00 1.000000e+00
    outer loop
      vertex   2.329439e+01 4.116711e+01 1.500000e+01
      vertex   2.338927e+01 4.105325e+01 1.500000e+01
      vertex   2.900000e+01 4.900000e+01 1.500000e+01
    endloop
  endfacet
  facet normal 0.000000e+00 0.000000e+00 1.000000e+00
    outer loop
      vertex   2.900000e+01 4.900000e+01 1.500000e+01
      vertex   2.338927e+01 4.105325e+01 1.500000e+01
      vertex   2.346467e+01 4.092519e+01 1.500000e+01
    endloop
  endfacet
  facet normal 0.000000e+00 0.000000e+00 1.000000e+00
    outer loop
      vertex   2.900000e+01 4.900000e+01 1.500000e+01
      vertex   2.346467e+01 4.092519e+01 1.500000e+01
      vertex   2.352923e+01 4.078923e+01 1.500000e+01
    endloop
  endfacet
  facet normal -0.000000e+00 0.000000e+00 1.000000e+00
    outer loop
      vertex   2.352923e+01 4.078923e+01 1.500000e+01
      vertex   2.360137e+01 4.057541e+01 1.500000e+01
      vertex   2.900000e+01 4.900000e+01 1.500000e+01
    endloop
  endfacet
  facet normal 0.000000e+00 0.000000e+00 1.000000e+00
    outer loop
      vertex   2.900000e+01 4.900000e+01 1.500000e+01
      vertex   2.360137e+01 4.057541e+01 1.500000e+01
      vertex   2.366084e+01 4.035855e+01 1.500000e+01
    endloop
  endfacet
  facet normal 0.000000e+00 0.000000e+00 1.000000e+00
    outer loop
      vertex   2.900000e+01 4.900000e+01 1.500000e+01
      vertex   2.366084e+01 4.035855e+01 1.500000e+01
      vertex   2.370170e+01 4.013724e+01 1.500000e+01
    endloop
  endfacet
  facet normal -0.000000e+00 0.000000e+00 1.000000e+00
    outer loop
      vertex   2.370170e+01 4.013724e+01 1.500000e+01
      vertex   2.373231e+01 3.991346e+01 1.500000e+01
      vertex   2.900000e+01 4.900000e+01 1.500000e+01
    endloop
  endfacet
  facet normal 0.000000e+00 0.000000e+00 1.000000e+00
    outer loop
      vertex   2.900000e+01 4.900000e+01 1.500000e+01
      vertex   2.373231e+01 3.991346e+01 1.500000e+01
      vertex   2.376121e+01 3.958730e+01 1.500000e+01
    endloop
  endfacet
  facet normal -8.747012e-15 4.868291e-15 1.000000e+00
    outer loop
      vertex   2.900000e+01 4.900000e+01 1.500000e+01
      vertex   2.376121e+01 3.958730e+01 1.500000e+01
      vertex   2.378254e+01 3.926075e+01 1.500000e+01
    endloop
  endfacet
  facet normal 9.920008e-15 -5.131898e-15 1.000000e+00
    outer loop
      vertex   2.378254e+01 3.926075e+01 1.500000e+01
      vertex   2.379238e+01 3.893361e+01 1.500000e+01
      vertex   2.900000e+01 4.900000e+01 1.500000e+01
    endloop
  endfacet
  facet normal 0.000000e+00 0.000000e+00 1.000000e+00
    outer loop
      vertex   2.900000e+01 4.900000e+01 1.500000e+01
      vertex   2.379238e+01 3.893361e+01 1.500000e+01
      vertex   2.379577e+01 3.860615e+01 1.500000e+01
    endloop
  endfacet
  facet normal 0.000000e+00 0.000000e+00 1.000000e+00
    outer loop
      vertex   2.900000e+01 4.900000e+01 1.500000e+01
      vertex   2.379577e+01 3.860615e+01 1.500000e+01
      vertex   2.379006e+01 3.804575e+01 1.500000e+01
    endloop
  endfacet
  facet normal -0.000000e+00 0.000000e+00 1.000000e+00
    outer loop
      vertex   2.379006e+01 3.804575e+01 1.500000e+01
      vertex   2.375464e+01 3.748939e+01 1.500000e+01
      vertex   2.900000e+01 4.900000e+01 1.500000e+01
    endloop
  endfacet
  facet normal 0.000000e+00 0.000000e+00 1.000000e+00
    outer loop
      vertex   2.503962e+01 2.338808e+01 1.500000e+01
      vertex   2.366298e+01 3.694068e+01 1.500000e+01
      vertex   2.462681e+01 2.422557e+01 1.500000e+01
    endloop
  endfacet
  facet normal 0.000000e+00 0.000000e+00 1.000000e+00
    outer loop
      vertex   2.462681e+01 2.422557e+01 1.500000e+01
      vertex   2.366298e+01 3.694068e+01 1.500000e+01
      vertex   2.352923e+01 3.639769e+01 1.500000e+01
    endloop
  endfacet
  facet normal 0.000000e+00 0.000000e+00 1.000000e+00
    outer loop
      vertex   2.462681e+01 2.422557e+01 1.500000e+01
      vertex   2.352923e+01 3.639769e+01 1.500000e+01
      vertex   2.439954e+01 2.462933e+01 1.500000e+01
    endloop
  endfacet
  facet normal 0.000000e+00 0.000000e+00 1.000000e+00
    outer loop
      vertex   2.439954e+01 2.462933e+01 1.500000e+01
      vertex   2.352923e+01 3.639769e+01 1.500000e+01
      vertex   2.414721e+01 2.501510e+01 1.500000e+01
    endloop
  endfacet
  facet normal 0.000000e+00 0.000000e+00 1.000000e+00
    outer loop
      vertex   2.414721e+01 2.501510e+01 1.500000e+01
      vertex   2.352923e+01 3.639769e+01 1.500000e+01
      vertex   2.340748e+01 3.613847e+01 1.500000e+01
    endloop
  endfacet
  facet normal 0.000000e+00 0.000000e+00 1.000000e+00
    outer loop
      vertex   2.414721e+01 2.501510e+01 1.500000e+01
      vertex   2.340748e+01 3.613847e+01 1.500000e+01
      vertex   2.386394e+01 2.537865e+01 1.500000e+01
    endloop
  endfacet
  facet normal 0.000000e+00 0.000000e+00 1.000000e+00
    outer loop
      vertex   2.386394e+01 2.537865e+01 1.500000e+01
      vertex   2.340748e+01 3.613847e+01 1.500000e+01
      vertex   2.333529e+01 3.602271e+01 1.500000e+01
    endloop
  endfacet
  facet normal 0.000000e+00 0.000000e+00 1.000000e+00
    outer loop
      vertex   2.386394e+01 2.537865e+01 1.500000e+01
      vertex   2.333529e+01 3.602271e+01 1.500000e+01
      vertex   2.355506e+01 2.572381e+01 1.500000e+01
    endloop
  endfacet
  facet normal 0.000000e+00 0.000000e+00 1.000000e+00
    outer loop
      vertex   2.355506e+01 2.572381e+01 1.500000e+01
      vertex   2.333529e+01 3.602271e+01 1.500000e+01
      vertex   2.324952e+01 3.592356e+01 1.500000e+01
    endloop
  endfacet
  facet normal 0.000000e+00 0.000000e+00 1.000000e+00
    outer loop
      vertex   2.355506e+01 2.572381e+01 1.500000e+01
      vertex   2.324952e+01 3.592356e+01 1.500000e+01
      vertex   2.289461e+01 2.638346e+01 1.500000e+01
    endloop
  endfacet
  facet normal 0.000000e+00 0.000000e+00 1.000000e+00
    outer loop
      vertex   2.289461e+01 2.638346e+01 1.500000e+01
      vertex   2.324952e+01 3.592356e+01 1.500000e+01
      vertex   2.314589e+01 3.584627e+01 1.500000e+01
    endloop
  endfacet
  facet normal 0.000000e+00 0.000000e+00 1.000000e+00
    outer loop
      vertex   2.289461e+01 2.638346e+01 1.500000e+01
      vertex   2.314589e+01 3.584627e+01 1.500000e+01
      vertex   2.302518e+01 3.578988e+01 1.500000e+01
    endloop
  endfacet
  facet normal 0.000000e+00 -0.000000e+00 1.000000e+00
    outer loop
      vertex   2.289461e+01 2.638346e+01 1.500000e+01
      vertex   2.302518e+01 3.578988e+01 1.500000e+01
      vertex   2.209239e+01 2.696698e+01 1.500000e+01
    endloop
  endfacet
  facet normal 0.000000e+00 0.000000e+00 1.000000e+00
    outer loop
      vertex   2.209239e+01 2.696698e+01 1.500000e+01
      vertex   2.302518e+01 3.578988e+01 1.500000e+01
      vertex   2.275500e+01 3.571231e+01 1.500000e+01
    endloop
  endfacet
  facet normal 0.000000e+00 -0.000000e+00 1.000000e+00
    outer loop
      vertex   2.209239e+01 2.696698e+01 1.500000e+01
      vertex   2.275500e+01 3.571231e+01 1.500000e+01
      vertex   2.167948e+01 2.723651e+01 1.500000e+01
    endloop
  endfacet
  facet normal 3.879512e-15 -4.922823e-16 1.000000e+00
    outer loop
      vertex   2.167948e+01 2.723651e+01 1.500000e+01
      vertex   2.275500e+01 3.571231e+01 1.500000e+01
      vertex   2.125242e+01 2.747938e+01 1.500000e+01
    endloop
  endfacet
  facet normal -3.588801e-15 8.707499e-16 1.000000e+00
    outer loop
      vertex   2.125242e+01 2.747938e+01 1.500000e+01
      vertex   2.275500e+01 3.571231e+01 1.500000e+01
      vertex   2.080881e+01 2.769108e+01 1.500000e+01
    endloop
  endfacet
  facet normal 0.000000e+00 -0.000000e+00 1.000000e+00
    outer loop
      vertex   2.080881e+01 2.769108e+01 1.500000e+01
      vertex   2.275500e+01 3.571231e+01 1.500000e+01
      vertex   2.035212e+01 2.787814e+01 1.500000e+01
    endloop
  endfacet
  facet normal 0.000000e+00 -0.000000e+00 1.000000e+00
    outer loop
      vertex   2.035212e+01 2.787814e+01 1.500000e+01
      vertex   2.275500e+01 3.571231e+01 1.500000e+01
      vertex   1.941692e+01 2.821115e+01 1.500000e+01
    endloop
  endfacet
  facet normal 0.000000e+00 -0.000000e+00 1.000000e+00
    outer loop
      vertex   1.941692e+01 2.821115e+01 1.500000e+01
      vertex   2.275500e+01 3.571231e+01 1.500000e+01
      vertex   1.824964e+01 2.848692e+01 1.500000e+01
    endloop
  endfacet
  facet normal 0.000000e+00 -0.000000e+00 1.000000e+00
    outer loop
      vertex   1.824964e+01 2.848692e+01 1.500000e+01
      vertex   2.275500e+01 3.571231e+01 1.500000e+01
      vertex   1.766311e+01 2.860345e+01 1.500000e+01
    endloop
  endfacet
  facet normal 0.000000e+00 -0.000000e+00 1.000000e+00
    outer loop
      vertex   1.766311e+01 2.860345e+01 1.500000e+01
      vertex   2.275500e+01 3.571231e+01 1.500000e+01
      vertex   1.707312e+01 2.869439e+01 1.500000e+01
    endloop
  endfacet
  facet normal 0.000000e+00 -0.000000e+00 1.000000e+00
    outer loop
      vertex   1.707312e+01 2.869439e+01 1.500000e+01
      vertex   2.275500e+01 3.571231e+01 1.500000e+01
      vertex   1.647915e+01 2.875593e+01 1.500000e+01
    endloop
  endfacet
  facet normal 0.000000e+00 -0.000000e+00 1.000000e+00
    outer loop
      vertex   1.647915e+01 2.875593e+01 1.500000e+01
      vertex   2.275500e+01 3.571231e+01 1.500000e+01
      vertex   1.107808e+01 3.571231e+01 1.500000e+01
    endloop
  endfacet
  facet normal 0.000000e+00 0.000000e+00 1.000000e+00
    outer loop
      vertex   1.647915e+01 2.875593e+01 1.500000e+01
      vertex   1.107808e+01 3.571231e+01 1.500000e+01
      vertex   1.588206e+01 2.879444e+01 1.500000e+01
    endloop
  endfacet
  facet normal 0.000000e+00 0.000000e+00 1.000000e+00
    outer loop
      vertex   1.588206e+01 2.879444e+01 1.500000e+01
      vertex   1.107808e+01 3.571231e+01 1.500000e+01
      vertex   1.468269e+01 2.883308e+01 1.500000e+01
    endloop
  endfacet
  facet normal 0.000000e+00 0.000000e+00 1.000000e+00
    outer loop
      vertex   1.468269e+01 2.883308e+01 1.500000e+01
      vertex   1.107808e+01 3.571231e+01 1.500000e+01
      vertex   1.422253e+01 2.883128e+01 1.500000e+01
    endloop
  endfacet
  facet normal 0.000000e+00 0.000000e+00 1.000000e+00
    outer loop
      vertex   1.422253e+01 2.883128e+01 1.500000e+01
      vertex   1.107808e+01 3.571231e+01 1.500000e+01
      vertex   1.376241e+01 2.882704e+01 1.500000e+01
    endloop
  endfacet
  facet normal 0.000000e+00 0.000000e+00 1.000000e+00
    outer loop
      vertex   1.376241e+01 2.882704e+01 1.500000e+01
      vertex   1.107808e+01 3.571231e+01 1.500000e+01
      vertex   1.330234e+01 2.881864e+01 1.500000e+01
    endloop
  endfacet
  facet normal 0.000000e+00 0.000000e+00 1.000000e+00
    outer loop
      vertex   1.330234e+01 2.881864e+01 1.500000e+01
      vertex   1.107808e+01 3.571231e+01 1.500000e+01
      vertex   1.284231e+01 2.880769e+01 1.500000e+01
    endloop
  endfacet
  facet normal 0.000000e+00 0.000000e+00 1.000000e+00
    outer loop
      vertex   1.284231e+01 2.880769e+01 1.500000e+01
      vertex   1.107808e+01 3.571231e+01 1.500000e+01
      vertex   1.240033e+01 2.878885e+01 1.500000e+01
    endloop
  endfacet
  facet normal 3.979089e-15 7.599293e-16 1.000000e+00
    outer loop
      vertex   1.240033e+01 2.878885e+01 1.500000e+01
      vertex   1.107808e+01 3.571231e+01 1.500000e+01
      vertex   1.195885e+01 2.876295e+01 1.500000e+01
    endloop
  endfacet
  facet normal -4.009792e-15 -2.525919e-16 1.000000e+00
    outer loop
      vertex   1.195885e+01 2.876295e+01 1.500000e+01
      vertex   1.107808e+01 3.571231e+01 1.500000e+01
      vertex   1.151821e+01 2.872535e+01 1.500000e+01
    endloop
  endfacet
  facet normal 0.000000e+00 0.000000e+00 1.000000e+00
    outer loop
      vertex   1.151821e+01 2.872535e+01 1.500000e+01
      vertex   1.107808e+01 3.571231e+01 1.500000e+01
      vertex   1.107808e+01 2.868077e+01 1.500000e+01
    endloop
  endfacet
  facet normal 0.000000e+00 0.000000e+00 1.000000e+00
    outer loop
      vertex   4.898090e+00 1.517023e+01 1.500000e+01
      vertex   4.990552e+00 1.519187e+01 1.500000e+01
      vertex   5.861539e+00 2.389577e+01 1.500000e+01
    endloop
  endfacet
  facet normal 0.000000e+00 0.000000e+00 1.000000e+00
    outer loop
      vertex   5.861539e+00 2.389577e+01 1.500000e+01
      vertex   4.990552e+00 1.519187e+01 1.500000e+01
      vertex   5.087308e+00 1.520154e+01 1.500000e+01
    endloop
  endfacet
  facet normal -0.000000e+00 1.000000e+00 0.000000e+00
    outer loop
      vertex   1.000000e+00 5.000000e+01 1.400000e+01
      vertex   2.900000e+01 5.000000e+01 1.400000e+01
      vertex   1.000000e+00 5.000000e+01 1.000000e+00
    endloop
  endfacet
  facet normal 0.000000e+00 1.000000e+00 0.000000e+00
    outer loop
      vertex   1.000000e+00 5.000000e+01 1.000000e+00
      vertex   2.900000e+01 5.000000e+01 1.400000e+01
      vertex   2.900000e+01 5.000000e+01 1.000000e+00
    endloop
  endfacet
  facet normal 9.451576e-01 -3.266146e-01 0.000000e+00
    outer loop
      vertex   1.823654e+01 1.629308e+01 1.500000e+01
      vertex   1.823654e+01 1.629308e+01 0.000000e+00
      vertex   1.844101e+01 1.688477e+01 7.500000e+00
    endloop
  endfacet
  facet normal 9.451576e-01 -3.266146e-01 0.000000e+00
    outer loop
      vertex   1.844101e+01 1.688477e+01 7.500000e+00
      vertex   1.823654e+01 1.629308e+01 0.000000e+00
      vertex   1.844101e+01 1.688477e+01 0.000000e+00
    endloop
  endfacet
  facet normal 9.609544e-01 -2.767067e-01 0.000000e+00
    outer loop
      vertex   1.844101e+01 1.688477e+01 7.500000e+00
      vertex   1.844101e+01 1.688477e+01 0.000000e+00
      vertex   1.852710e+01 1.718375e+01 0.000000e+00
    endloop
  endfacet
  facet normal 9.609544e-01 -2.767067e-01 -4.549648e-16
    outer loop
      vertex   1.844101e+01 1.688477e+01 7.500000e+00
      vertex   1.852710e+01 1.718375e+01 0.000000e+00
      vertex   1.852710e+01 1.718375e+01 7.500000e+00
    endloop
  endfacet
  facet normal 9.765424e-01 -2.153251e-01 -4.625834e-16
    outer loop
      vertex   1.852710e+01 1.718375e+01 7.500000e+00
      vertex   1.852710e+01 1.718375e+01 0.000000e+00
      vertex   1.859385e+01 1.748649e+01 0.000000e+00
    endloop
  endfacet
  facet normal 9.765424e-01 -2.153251e-01 -3.611047e-16
    outer loop
      vertex   1.852710e+01 1.718375e+01 7.500000e+00
      vertex   1.859385e+01 1.748649e+01 0.000000e+00
      vertex   1.859385e+01 1.748649e+01 7.500000e+00
    endloop
  endfacet
  facet normal 9.931595e-01 -1.167653e-01 -4.151437e-16
    outer loop
      vertex   1.859385e+01 1.748649e+01 7.500000e+00
      vertex   1.859385e+01 1.748649e+01 0.000000e+00
      vertex   1.866643e+01 1.810382e+01 0.000000e+00
    endloop
  endfacet
  facet normal 9.931595e-01 -1.167653e-01 -4.152752e-16
    outer loop
      vertex   1.859385e+01 1.748649e+01 7.500000e+00
      vertex   1.866643e+01 1.810382e+01 0.000000e+00
      vertex   1.866643e+01 1.810382e+01 7.500000e+00
    endloop
  endfacet
  facet normal 9.990696e-01 -4.312771e-02 -4.528250e-16
    outer loop
      vertex   1.866643e+01 1.810382e+01 7.500000e+00
      vertex   1.866643e+01 1.810382e+01 0.000000e+00
      vertex   1.869346e+01 1.873000e+01 0.000000e+00
    endloop
  endfacet
  facet normal 9.990696e-01 -4.312771e-02 0.000000e+00
    outer loop
      vertex   1.866643e+01 1.810382e+01 7.500000e+00
      vertex   1.869346e+01 1.873000e+01 0.000000e+00
      vertex   1.869346e+01 1.873000e+01 1.500000e+01
    endloop
  endfacet
  facet normal 9.990696e-01 -4.312771e-02 4.524325e-16
    outer loop
      vertex   1.869346e+01 1.873000e+01 1.500000e+01
      vertex   1.866643e+01 1.810382e+01 1.500000e+01
      vertex   1.866643e+01 1.810382e+01 7.500000e+00
    endloop
  endfacet
  facet normal 9.931595e-01 -1.167653e-01 4.151437e-16
    outer loop
      vertex   1.866643e+01 1.810382e+01 7.500000e+00
      vertex   1.866643e+01 1.810382e+01 1.500000e+01
      vertex   1.859385e+01 1.748649e+01 1.500000e+01
    endloop
  endfacet
  facet normal 9.931595e-01 -1.167653e-01 4.152752e-16
    outer loop
      vertex   1.866643e+01 1.810382e+01 7.500000e+00
      vertex   1.859385e+01 1.748649e+01 1.500000e+01
      vertex   1.859385e+01 1.748649e+01 7.500000e+00
    endloop
  endfacet
  facet normal 9.765424e-01 -2.153251e-01 3.605849e-16
    outer loop
      vertex   1.859385e+01 1.748649e+01 7.500000e+00
      vertex   1.859385e+01 1.748649e+01 1.500000e+01
      vertex   1.852710e+01 1.718375e+01 1.500000e+01
    endloop
  endfacet
  facet normal 9.765424e-01 -2.153251e-01 4.625722e-16
    outer loop
      vertex   1.859385e+01 1.748649e+01 7.500000e+00
      vertex   1.852710e+01 1.718375e+01 1.500000e+01
      vertex   1.852710e+01 1.718375e+01 7.500000e+00
    endloop
  endfacet
  facet normal 9.609544e-01 -2.767067e-01 4.551995e-16
    outer loop
      vertex   1.852710e+01 1.718375e+01 7.500000e+00
      vertex   1.852710e+01 1.718375e+01 1.500000e+01
      vertex   1.844101e+01 1.688477e+01 1.500000e+01
    endloop
  endfacet
  facet normal 9.609544e-01 -2.767067e-01 0.000000e+00
    outer loop
      vertex   1.852710e+01 1.718375e+01 7.500000e+00
      vertex   1.844101e+01 1.688477e+01 1.500000e+01
      vertex   1.844101e+01 1.688477e+01 7.500000e+00
    endloop
  endfacet
  facet normal 9.451576e-01 -3.266146e-01 0.000000e+00
    outer loop
      vertex   1.844101e+01 1.688477e+01 7.500000e+00
      vertex   1.844101e+01 1.688477e+01 1.500000e+01
      vertex   1.823654e+01 1.629308e+01 1.500000e+01
    endloop
  endfacet
  facet normal 6.834920e-01 -7.299580e-01 0.000000e+00
    outer loop
      vertex   1.694192e+01 1.460500e+01 0.000000e+00
      vertex   1.733535e+01 1.497339e+01 0.000000e+00
      vertex   1.694192e+01 1.460500e+01 1.500000e+01
    endloop
  endfacet
  facet normal 6.834920e-01 -7.299580e-01 0.000000e+00
    outer loop
      vertex   1.694192e+01 1.460500e+01 1.500000e+01
      vertex   1.733535e+01 1.497339e+01 0.000000e+00
      vertex   1.733535e+01 1.497339e+01 1.500000e+01
    endloop
  endfacet
  facet normal 7.460361e-01 -6.659056e-01 0.000000e+00
    outer loop
      vertex   1.733535e+01 1.497339e+01 1.500000e+01
      vertex   1.733535e+01 1.497339e+01 0.000000e+00
      vertex   1.769046e+01 1.537123e+01 0.000000e+00
    endloop
  endfacet
  facet normal 7.460361e-01 -6.659056e-01 0.000000e+00
    outer loop
      vertex   1.733535e+01 1.497339e+01 1.500000e+01
      vertex   1.769046e+01 1.537123e+01 0.000000e+00
      vertex   1.769046e+01 1.537123e+01 1.500000e+01
    endloop
  endfacet
  facet normal 8.370358e-01 -5.471482e-01 0.000000e+00
    outer loop
      vertex   1.769046e+01 1.537123e+01 1.500000e+01
      vertex   1.769046e+01 1.537123e+01 0.000000e+00
      vertex   1.798230e+01 1.581770e+01 0.000000e+00
    endloop
  endfacet
  facet normal 8.370358e-01 -5.471482e-01 0.000000e+00
    outer loop
      vertex   1.769046e+01 1.537123e+01 1.500000e+01
      vertex   1.798230e+01 1.581770e+01 0.000000e+00
      vertex   1.798230e+01 1.581770e+01 1.500000e+01
    endloop
  endfacet
  facet normal 8.818158e-01 -4.715940e-01 0.000000e+00
    outer loop
      vertex   1.798230e+01 1.581770e+01 1.500000e+01
      vertex   1.798230e+01 1.581770e+01 0.000000e+00
      vertex   1.823654e+01 1.629308e+01 0.000000e+00
    endloop
  endfacet
  facet normal 8.818158e-01 -4.715940e-01 0.000000e+00
    outer loop
      vertex   1.798230e+01 1.581770e+01 1.500000e+01
      vertex   1.823654e+01 1.629308e+01 0.000000e+00
      vertex   1.823654e+01 1.629308e+01 1.500000e+01
    endloop
  endfacet
  facet normal 2.951520e-01 -9.554503e-01 0.000000e+00
    outer loop
      vertex   1.489846e+01 1.362769e+01 0.000000e+00
      vertex   1.544571e+01 1.379674e+01 0.000000e+00
      vertex   1.489846e+01 1.362769e+01 1.500000e+01
    endloop
  endfacet
  facet normal 2.951520e-01 -9.554503e-01 0.000000e+00
    outer loop
      vertex   1.489846e+01 1.362769e+01 1.500000e+01
      vertex   1.544571e+01 1.379674e+01 0.000000e+00
      vertex   1.544571e+01 1.379674e+01 1.500000e+01
    endloop
  endfacet
  facet normal 3.681452e-01 -9.297683e-01 0.000000e+00
    outer loop
      vertex   1.544571e+01 1.379674e+01 1.500000e+01
      vertex   1.544571e+01 1.379674e+01 0.000000e+00
      vertex   1.597363e+01 1.400578e+01 0.000000e+00
    endloop
  endfacet
  facet normal 3.681452e-01 -9.297683e-01 0.000000e+00
    outer loop
      vertex   1.544571e+01 1.379674e+01 1.500000e+01
      vertex   1.597363e+01 1.400578e+01 0.000000e+00
      vertex   1.597363e+01 1.400578e+01 1.500000e+01
    endloop
  endfacet
  facet normal 4.900763e-01 -8.716795e-01 0.000000e+00
    outer loop
      vertex   1.597363e+01 1.400578e+01 1.500000e+01
      vertex   1.597363e+01 1.400578e+01 0.000000e+00
      vertex   1.646820e+01 1.428383e+01 0.000000e+00
    endloop
  endfacet
  facet normal 4.900763e-01 -8.716795e-01 0.000000e+00
    outer loop
      vertex   1.597363e+01 1.400578e+01 1.500000e+01
      vertex   1.646820e+01 1.428383e+01 0.000000e+00
      vertex   1.646820e+01 1.428383e+01 1.500000e+01
    endloop
  endfacet
  facet normal 5.611590e-01 -8.277080e-01 0.000000e+00
    outer loop
      vertex   1.646820e+01 1.428383e+01 1.500000e+01
      vertex   1.646820e+01 1.428383e+01 0.000000e+00
      vertex   1.694192e+01 1.460500e+01 0.000000e+00
    endloop
  endfacet
  facet normal 5.611590e-01 -8.277080e-01 0.000000e+00
    outer loop
      vertex   1.646820e+01 1.428383e+01 1.500000e+01
      vertex   1.694192e+01 1.460500e+01 0.000000e+00
      vertex   1.694192e+01 1.460500e+01 1.500000e+01
    endloop
  endfacet
  facet normal 2.942896e-02 -9.995669e-01 0.000000e+00
    outer loop
      vertex   1.222039e+01 1.332308e+01 0.000000e+00
      vertex   1.289645e+01 1.334298e+01 0.000000e+00
      vertex   1.222039e+01 1.332308e+01 1.500000e+01
    endloop
  endfacet
  facet normal 2.942896e-02 -9.995669e-01 0.000000e+00
    outer loop
      vertex   1.222039e+01 1.332308e+01 1.500000e+01
      vertex   1.289645e+01 1.334298e+01 0.000000e+00
      vertex   1.289645e+01 1.334298e+01 1.500000e+01
    endloop
  endfacet
  facet normal 7.366660e-02 -9.972829e-01 0.000000e+00
    outer loop
      vertex   1.289645e+01 1.334298e+01 1.500000e+01
      vertex   1.289645e+01 1.334298e+01 0.000000e+00
      vertex   1.356905e+01 1.339267e+01 0.000000e+00
    endloop
  endfacet
  facet normal 7.366660e-02 -9.972829e-01 0.000000e+00
    outer loop
      vertex   1.289645e+01 1.334298e+01 1.500000e+01
      vertex   1.356905e+01 1.339267e+01 0.000000e+00
      vertex   1.356905e+01 1.339267e+01 1.500000e+01
    endloop
  endfacet
  facet normal 1.502455e-01 -9.886487e-01 0.000000e+00
    outer loop
      vertex   1.356905e+01 1.339267e+01 1.500000e+01
      vertex   1.356905e+01 1.339267e+01 0.000000e+00
      vertex   1.423564e+01 1.349397e+01 0.000000e+00
    endloop
  endfacet
  facet normal 1.502455e-01 -9.886487e-01 0.000000e+00
    outer loop
      vertex   1.356905e+01 1.339267e+01 1.500000e+01
      vertex   1.423564e+01 1.349397e+01 0.000000e+00
      vertex   1.423564e+01 1.349397e+01 1.500000e+01
    endloop
  endfacet
  facet normal 1.977649e-01 -9.802495e-01 0.000000e+00
    outer loop
      vertex   1.423564e+01 1.349397e+01 1.500000e+01
      vertex   1.423564e+01 1.349397e+01 0.000000e+00
      vertex   1.489846e+01 1.362769e+01 0.000000e+00
    endloop
  endfacet
  facet normal 1.977649e-01 -9.802495e-01 0.000000e+00
    outer loop
      vertex   1.423564e+01 1.349397e+01 1.500000e+01
      vertex   1.489846e+01 1.362769e+01 0.000000e+00
      vertex   1.489846e+01 1.362769e+01 1.500000e+01
    endloop
  endfacet
  facet normal -1.799348e-01 -9.836785e-01 0.000000e+00
    outer loop
      vertex   9.301155e+00 1.361500e+01 0.000000e+00
      vertex   1.002476e+01 1.348264e+01 0.000000e+00
      vertex   9.301155e+00 1.361500e+01 1.500000e+01
    endloop
  endfacet
  facet normal -1.799348e-01 -9.836785e-01 0.000000e+00
    outer loop
      vertex   9.301155e+00 1.361500e+01 1.500000e+01
      vertex   1.002476e+01 1.348264e+01 0.000000e+00
      vertex   1.002476e+01 1.348264e+01 1.500000e+01
    endloop
  endfacet
  facet normal -1.335878e-01 -9.910370e-01 -0.000000e+00
    outer loop
      vertex   1.002476e+01 1.348264e+01 1.500000e+01
      vertex   1.002476e+01 1.348264e+01 0.000000e+00
      vertex   1.075195e+01 1.338462e+01 0.000000e+00
    endloop
  endfacet
  facet normal -1.335878e-01 -9.910370e-01 0.000000e+00
    outer loop
      vertex   1.002476e+01 1.348264e+01 1.500000e+01
      vertex   1.075195e+01 1.338462e+01 0.000000e+00
      vertex   1.075195e+01 1.338462e+01 1.500000e+01
    endloop
  endfacet
  facet normal -6.199978e-02 -9.980762e-01 -0.000000e+00
    outer loop
      vertex   1.075195e+01 1.338462e+01 1.500000e+01
      vertex   1.075195e+01 1.338462e+01 0.000000e+00
      vertex   1.148463e+01 1.333911e+01 0.000000e+00
    endloop
  endfacet
  facet normal -6.199978e-02 -9.980762e-01 0.000000e+00
    outer loop
      vertex   1.075195e+01 1.338462e+01 1.500000e+01
      vertex   1.148463e+01 1.333911e+01 0.000000e+00
      vertex   1.148463e+01 1.333911e+01 1.500000e+01
    endloop
  endfacet
  facet normal -2.177771e-02 -9.997628e-01 -0.000000e+00
    outer loop
      vertex   1.148463e+01 1.333911e+01 1.500000e+01
      vertex   1.148463e+01 1.333911e+01 0.000000e+00
      vertex   1.222039e+01 1.332308e+01 0.000000e+00
    endloop
  endfacet
  facet normal -2.177771e-02 -9.997628e-01 0.000000e+00
    outer loop
      vertex   1.148463e+01 1.333911e+01 1.500000e+01
      vertex   1.222039e+01 1.332308e+01 0.000000e+00
      vertex   1.222039e+01 1.332308e+01 1.500000e+01
    endloop
  endfacet
  facet normal -3.510328e-01 -9.363632e-01 0.000000e+00
    outer loop
      vertex   7.232308e+00 1.426231e+01 0.000000e+00
      vertex   7.740454e+00 1.407181e+01 0.000000e+00
      vertex   7.232308e+00 1.426231e+01 1.500000e+01
    endloop
  endfacet
  facet normal -3.510328e-01 -9.363632e-01 0.000000e+00
    outer loop
      vertex   7.232308e+00 1.426231e+01 1.500000e+01
      vertex   7.740454e+00 1.407181e+01 0.000000e+00
      vertex   7.740454e+00 1.407181e+01 1.500000e+01
    endloop
  endfacet
  facet normal -3.208549e-01 -9.471284e-01 -0.000000e+00
    outer loop
      vertex   7.740454e+00 1.407181e+01 1.500000e+01
      vertex   7.740454e+00 1.407181e+01 0.000000e+00
      vertex   8.253842e+00 1.389789e+01 0.000000e+00
    endloop
  endfacet
  facet normal -3.208549e-01 -9.471284e-01 0.000000e+00
    outer loop
      vertex   7.740454e+00 1.407181e+01 1.500000e+01
      vertex   8.253842e+00 1.389789e+01 0.000000e+00
      vertex   8.253842e+00 1.389789e+01 1.500000e+01
    endloop
  endfacet
  facet normal -2.740236e-01 -9.617230e-01 -0.000000e+00
    outer loop
      vertex   8.253842e+00 1.389789e+01 1.500000e+01
      vertex   8.253842e+00 1.389789e+01 0.000000e+00
      vertex   8.775247e+00 1.374933e+01 0.000000e+00
    endloop
  endfacet
  facet normal -2.740236e-01 -9.617230e-01 0.000000e+00
    outer loop
      vertex   8.253842e+00 1.389789e+01 1.500000e+01
      vertex   8.775247e+00 1.374933e+01 0.000000e+00
      vertex   8.775247e+00 1.374933e+01 1.500000e+01
    endloop
  endfacet
  facet normal -2.474721e-01 -9.688950e-01 -0.000000e+00
    outer loop
      vertex   8.775247e+00 1.374933e+01 1.500000e+01
      vertex   8.775247e+00 1.374933e+01 0.000000e+00
      vertex   9.301155e+00 1.361500e+01 0.000000e+00
    endloop
  endfacet
  facet normal -2.474721e-01 -9.688950e-01 0.000000e+00
    outer loop
      vertex   8.775247e+00 1.374933e+01 1.500000e+01
      vertex   9.301155e+00 1.361500e+01 0.000000e+00
      vertex   9.301155e+00 1.361500e+01 1.500000e+01
    endloop
  endfacet
  facet normal -4.622786e-01 -8.867347e-01 0.000000e+00
    outer loop
      vertex   5.861539e+00 1.490962e+01 0.000000e+00
      vertex   6.197815e+00 1.473431e+01 0.000000e+00
      vertex   5.861539e+00 1.490962e+01 1.500000e+01
    endloop
  endfacet
  facet normal -4.622786e-01 -8.867347e-01 0.000000e+00
    outer loop
      vertex   5.861539e+00 1.490962e+01 1.500000e+01
      vertex   6.197815e+00 1.473431e+01 0.000000e+00
      vertex   6.197815e+00 1.473431e+01 1.500000e+01
    endloop
  endfacet
  facet normal -4.414661e-01 -8.972779e-01 -0.000000e+00
    outer loop
      vertex   6.197815e+00 1.473431e+01 1.500000e+01
      vertex   6.197815e+00 1.473431e+01 0.000000e+00
      vertex   6.537893e+00 1.456699e+01 0.000000e+00
    endloop
  endfacet
  facet normal -4.414661e-01 -8.972779e-01 0.000000e+00
    outer loop
      vertex   6.197815e+00 1.473431e+01 1.500000e+01
      vertex   6.537893e+00 1.456699e+01 0.000000e+00
      vertex   6.537893e+00 1.456699e+01 1.500000e+01
    endloop
  endfacet
  facet normal -4.104012e-01 -9.119051e-01 -0.000000e+00
    outer loop
      vertex   6.537893e+00 1.456699e+01 1.500000e+01
      vertex   6.537893e+00 1.456699e+01 0.000000e+00
      vertex   6.883563e+00 1.441142e+01 0.000000e+00
    endloop
  endfacet
  facet normal -4.104012e-01 -9.119051e-01 0.000000e+00
    outer loop
      vertex   6.537893e+00 1.456699e+01 1.500000e+01
      vertex   6.883563e+00 1.441142e+01 0.000000e+00
      vertex   6.883563e+00 1.441142e+01 1.500000e+01
    endloop
  endfacet
  facet normal -3.931303e-01 -9.194828e-01 -0.000000e+00
    outer loop
      vertex   6.883563e+00 1.441142e+01 1.500000e+01
      vertex   6.883563e+00 1.441142e+01 0.000000e+00
      vertex   7.232308e+00 1.426231e+01 0.000000e+00
    endloop
  endfacet
  facet normal -3.931303e-01 -9.194828e-01 0.000000e+00
    outer loop
      vertex   6.883563e+00 1.441142e+01 1.500000e+01
      vertex   7.232308e+00 1.426231e+01 0.000000e+00
      vertex   7.232308e+00 1.426231e+01 1.500000e+01
    endloop
  endfacet
  facet normal -1.962442e-01 -9.805551e-01 3.832231e-16
    outer loop
      vertex   5.292069e+00 1.516056e+01 0.000000e+00
      vertex   5.292069e+00 1.516056e+01 5.000000e+00
      vertex   5.087308e+00 1.520154e+01 0.000000e+00
    endloop
  endfacet
  facet normal -1.962442e-01 -9.805551e-01 0.000000e+00
    outer loop
      vertex   5.087308e+00 1.520154e+01 0.000000e+00
      vertex   5.292069e+00 1.516056e+01 5.000000e+00
      vertex   5.292069e+00 1.516056e+01 1.000000e+01
    endloop
  endfacet
  facet normal -1.962442e-01 -9.805551e-01 0.000000e+00
    outer loop
      vertex   5.087308e+00 1.520154e+01 0.000000e+00
      vertex   5.292069e+00 1.516056e+01 1.000000e+01
      vertex   5.087308e+00 1.520154e+01 1.500000e+01
    endloop
  endfacet
  facet normal -1.962442e-01 -9.805551e-01 -3.837943e-16
    outer loop
      vertex   5.087308e+00 1.520154e+01 1.500000e+01
      vertex   5.292069e+00 1.516056e+01 1.000000e+01
      vertex   5.292069e+00 1.516056e+01 1.500000e+01
    endloop
  endfacet
  facet normal -2.974806e-01 -9.547279e-01 -3.920306e-16
    outer loop
      vertex   5.292069e+00 1.516056e+01 1.500000e+01
      vertex   5.292069e+00 1.516056e+01 1.000000e+01
      vertex   5.489626e+00 1.509900e+01 1.000000e+01
    endloop
  endfacet
  facet normal -2.974806e-01 -9.547279e-01 0.000000e+00
    outer loop
      vertex   5.292069e+00 1.516056e+01 1.500000e+01
      vertex   5.489626e+00 1.509900e+01 1.000000e+01
      vertex   5.489626e+00 1.509900e+01 1.500000e+01
    endloop
  endfacet
  facet normal -4.226582e-01 -9.062892e-01 -0.000000e+00
    outer loop
      vertex   5.489626e+00 1.509900e+01 1.500000e+01
      vertex   5.489626e+00 1.509900e+01 1.000000e+01
      vertex   5.677981e+00 1.501116e+01 1.500000e+01
    endloop
  endfacet
  facet normal -4.226582e-01 -9.062892e-01 0.000000e+00
    outer loop
      vertex   5.677981e+00 1.501116e+01 1.500000e+01
      vertex   5.489626e+00 1.509900e+01 1.000000e+01
      vertex   5.489626e+00 1.509900e+01 5.000000e+00
    endloop
  endfacet
  facet normal -4.476183e-01 -8.942245e-01 5.761164e-04
    outer loop
      vertex   5.677981e+00 1.501116e+01 1.500000e+01
      vertex   5.489626e+00 1.509900e+01 5.000000e+00
      vertex   5.861539e+00 1.490962e+01 0.000000e+00
    endloop
  endfacet
  facet normal -4.840745e-01 -8.750221e-01 -2.862929e-03
    outer loop
      vertex   5.861539e+00 1.490962e+01 0.000000e+00
      vertex   5.489626e+00 1.509900e+01 5.000000e+00
      vertex   5.677981e+00 1.501116e+01 0.000000e+00
    endloop
  endfacet
  facet normal -4.226582e-01 -9.062892e-01 0.000000e+00
    outer loop
      vertex   5.677981e+00 1.501116e+01 0.000000e+00
      vertex   5.489626e+00 1.509900e+01 5.000000e+00
      vertex   5.489626e+00 1.509900e+01 0.000000e+00
    endloop
  endfacet
  facet normal -2.974806e-01 -9.547279e-01 0.000000e+00
    outer loop
      vertex   5.489626e+00 1.509900e+01 0.000000e+00
      vertex   5.489626e+00 1.509900e+01 5.000000e+00
      vertex   5.292069e+00 1.516056e+01 5.000000e+00
    endloop
  endfacet
  facet normal -2.974806e-01 -9.547279e-01 3.923403e-16
    outer loop
      vertex   5.489626e+00 1.509900e+01 0.000000e+00
      vertex   5.292069e+00 1.516056e+01 5.000000e+00
      vertex   5.292069e+00 1.516056e+01 0.000000e+00
    endloop
  endfacet
  facet normal -4.840765e-01 -8.750257e-01 0.000000e+00
    outer loop
      vertex   5.861539e+00 1.490962e+01 0.000000e+00
      vertex   5.861539e+00 1.490962e+01 1.500000e+01
      vertex   5.677981e+00 1.501116e+01 1.500000e+01
    endloop
  endfacet
  facet normal -2.974806e-01 -9.547279e-01 -0.000000e+00
    outer loop
      vertex   5.292069e+00 1.516056e+01 1.000000e+01
      vertex   5.292069e+00 1.516056e+01 5.000000e+00
      vertex   5.489626e+00 1.509900e+01 5.000000e+00
    endloop
  endfacet
  facet normal -2.974806e-01 -9.547279e-01 -0.000000e+00
    outer loop
      vertex   5.489626e+00 1.509900e+01 1.000000e+01
      vertex   5.292069e+00 1.516056e+01 1.000000e+01
      vertex   5.489626e+00 1.509900e+01 5.000000e+00
    endloop
  endfacet
  facet normal 5.542462e-01 -8.323528e-01 0.000000e+00
    outer loop
      vertex   4.812832e+00 1.512849e+01 0.000000e+00
      vertex   4.812832e+00 1.512849e+01 2.500000e+00
      vertex   4.731924e+00 1.507462e+01 0.000000e+00
    endloop
  endfacet
  facet normal 5.542462e-01 -8.323528e-01 0.000000e+00
    outer loop
      vertex   4.731924e+00 1.507462e+01 0.000000e+00
      vertex   4.812832e+00 1.512849e+01 2.500000e+00
      vertex   4.812832e+00 1.512849e+01 5.000000e+00
    endloop
  endfacet
  facet normal 5.542462e-01 -8.323528e-01 0.000000e+00
    outer loop
      vertex   4.731924e+00 1.507462e+01 0.000000e+00
      vertex   4.812832e+00 1.512849e+01 5.000000e+00
      vertex   4.812832e+00 1.512849e+01 7.500000e+00
    endloop
  endfacet
  facet normal 4.396887e-01 -8.981503e-01 0.000000e+00
    outer loop
      vertex   4.812832e+00 1.512849e+01 7.500000e+00
      vertex   4.812832e+00 1.512849e+01 5.000000e+00
      vertex   4.898090e+00 1.517023e+01 5.000000e+00
    endloop
  endfacet
  facet normal 4.396887e-01 -8.981503e-01 0.000000e+00
    outer loop
      vertex   4.812832e+00 1.512849e+01 7.500000e+00
      vertex   4.898090e+00 1.517023e+01 5.000000e+00
      vertex   4.898090e+00 1.517023e+01 7.500000e+00
    endloop
  endfacet
  facet normal 2.279316e-01 -9.736771e-01 0.000000e+00
    outer loop
      vertex   4.898090e+00 1.517023e+01 7.500000e+00
      vertex   4.898090e+00 1.517023e+01 5.000000e+00
      vertex   4.990552e+00 1.519187e+01 5.000000e+00
    endloop
  endfacet
  facet normal 2.279316e-01 -9.736771e-01 0.000000e+00
    outer loop
      vertex   4.898090e+00 1.517023e+01 7.500000e+00
      vertex   4.990552e+00 1.519187e+01 5.000000e+00
      vertex   4.990552e+00 1.519187e+01 7.500000e+00
    endloop
  endfacet
  facet normal 9.941161e-02 -9.950464e-01 0.000000e+00
    outer loop
      vertex   4.990552e+00 1.519187e+01 7.500000e+00
      vertex   4.990552e+00 1.519187e+01 5.000000e+00
      vertex   5.087308e+00 1.520154e+01 0.000000e+00
    endloop
  endfacet
  facet normal 9.941161e-02 -9.950464e-01 0.000000e+00
    outer loop
      vertex   4.990552e+00 1.519187e+01 7.500000e+00
      vertex   5.087308e+00 1.520154e+01 0.000000e+00
      vertex   5.087308e+00 1.520154e+01 1.500000e+01
    endloop
  endfacet
  facet normal 4.396887e-01 -8.981503e-01 0.000000e+00
    outer loop
      vertex   4.812832e+00 1.512849e+01 0.000000e+00
      vertex   4.898090e+00 1.517023e+01 0.000000e+00
      vertex   4.812832e+00 1.512849e+01 2.500000e+00
    endloop
  endfacet
  facet normal 4.396887e-01 -8.981503e-01 -4.824413e-16
    outer loop
      vertex   4.812832e+00 1.512849e+01 2.500000e+00
      vertex   4.898090e+00 1.517023e+01 0.000000e+00
      vertex   4.898090e+00 1.517023e+01 2.500000e+00
    endloop
  endfacet
  facet normal 4.396887e-01 -8.981503e-01 0.000000e+00
    outer loop
      vertex   4.812832e+00 1.512849e+01 2.500000e+00
      vertex   4.898090e+00 1.517023e+01 2.500000e+00
      vertex   4.812832e+00 1.512849e+01 5.000000e+00
    endloop
  endfacet
  facet normal 4.396887e-01 -8.981503e-01 0.000000e+00
    outer loop
      vertex   4.812832e+00 1.512849e+01 5.000000e+00
      vertex   4.898090e+00 1.517023e+01 2.500000e+00
      vertex   4.898090e+00 1.517023e+01 5.000000e+00
    endloop
  endfacet
  facet normal 2.279316e-01 -9.736771e-01 -6.108617e-16
    outer loop
      vertex   4.898090e+00 1.517023e+01 0.000000e+00
      vertex   4.990552e+00 1.519187e+01 0.000000e+00
      vertex   4.898090e+00 1.517023e+01 2.500000e+00
    endloop
  endfacet
  facet normal 2.279316e-01 -9.736771e-01 1.302481e-15
    outer loop
      vertex   4.898090e+00 1.517023e+01 2.500000e+00
      vertex   4.990552e+00 1.519187e+01 0.000000e+00
      vertex   4.990552e+00 1.519187e+01 2.500000e+00
    endloop
  endfacet
  facet normal 2.279316e-01 -9.736771e-01 0.000000e+00
    outer loop
      vertex   4.898090e+00 1.517023e+01 2.500000e+00
      vertex   4.990552e+00 1.519187e+01 2.500000e+00
      vertex   4.898090e+00 1.517023e+01 5.000000e+00
    endloop
  endfacet
  facet normal 2.279316e-01 -9.736771e-01 0.000000e+00
    outer loop
      vertex   4.898090e+00 1.517023e+01 5.000000e+00
      vertex   4.990552e+00 1.519187e+01 2.500000e+00
      vertex   4.990552e+00 1.519187e+01 5.000000e+00
    endloop
  endfacet
  facet normal 9.941161e-02 -9.950464e-01 1.378728e-15
    outer loop
      vertex   4.990552e+00 1.519187e+01 0.000000e+00
      vertex   5.087308e+00 1.520154e+01 0.000000e+00
      vertex   4.990552e+00 1.519187e+01 2.500000e+00
    endloop
  endfacet
  facet normal 9.941161e-02 -9.950464e-01 0.000000e+00
    outer loop
      vertex   4.990552e+00 1.519187e+01 2.500000e+00
      vertex   5.087308e+00 1.520154e+01 0.000000e+00
      vertex   4.990552e+00 1.519187e+01 5.000000e+00
    endloop
  endfacet
  facet normal 9.941161e-02 -9.950464e-01 -1.378728e-15
    outer loop
      vertex   4.990552e+00 1.519187e+01 1.500000e+01
      vertex   4.990552e+00 1.519187e+01 1.250000e+01
      vertex   5.087308e+00 1.520154e+01 1.500000e+01
    endloop
  endfacet
  facet normal 9.941161e-02 -9.950464e-01 0.000000e+00
    outer loop
      vertex   5.087308e+00 1.520154e+01 1.500000e+01
      vertex   4.990552e+00 1.519187e+01 1.250000e+01
      vertex   4.990552e+00 1.519187e+01 1.000000e+01
    endloop
  endfacet
  facet normal 9.941161e-02 -9.950464e-01 0.000000e+00
    outer loop
      vertex   5.087308e+00 1.520154e+01 1.500000e+01
      vertex   4.990552e+00 1.519187e+01 1.000000e+01
      vertex   4.990552e+00 1.519187e+01 7.500000e+00
    endloop
  endfacet
  facet normal 2.279316e-01 -9.736771e-01 0.000000e+00
    outer loop
      vertex   4.990552e+00 1.519187e+01 7.500000e+00
      vertex   4.990552e+00 1.519187e+01 1.000000e+01
      vertex   4.898090e+00 1.517023e+01 1.000000e+01
    endloop
  endfacet
  facet normal 2.279316e-01 -9.736771e-01 0.000000e+00
    outer loop
      vertex   4.990552e+00 1.519187e+01 7.500000e+00
      vertex   4.898090e+00 1.517023e+01 1.000000e+01
      vertex   4.898090e+00 1.517023e+01 7.500000e+00
    endloop
  endfacet
  facet normal 4.396887e-01 -8.981503e-01 0.000000e+00
    outer loop
      vertex   4.898090e+00 1.517023e+01 7.500000e+00
      vertex   4.898090e+00 1.517023e+01 1.000000e+01
      vertex   4.812832e+00 1.512849e+01 1.000000e+01
    endloop
  endfacet
  facet normal 4.396887e-01 -8.981503e-01 0.000000e+00
    outer loop
      vertex   4.898090e+00 1.517023e+01 7.500000e+00
      vertex   4.812832e+00 1.512849e+01 1.000000e+01
      vertex   4.812832e+00 1.512849e+01 7.500000e+00
    endloop
  endfacet
  facet normal 5.542462e-01 -8.323528e-01 0.000000e+00
    outer loop
      vertex   4.812832e+00 1.512849e+01 7.500000e+00
      vertex   4.812832e+00 1.512849e+01 1.000000e+01
      vertex   4.731924e+00 1.507462e+01 1.500000e+01
    endloop
  endfacet
  facet normal 5.542462e-01 -8.323528e-01 0.000000e+00
    outer loop
      vertex   4.812832e+00 1.512849e+01 7.500000e+00
      vertex   4.731924e+00 1.507462e+01 1.500000e+01
      vertex   4.731924e+00 1.507462e+01 0.000000e+00
    endloop
  endfacet
  facet normal 2.279316e-01 -9.736771e-01 -1.302701e-15
    outer loop
      vertex   4.990552e+00 1.519187e+01 1.500000e+01
      vertex   4.898090e+00 1.517023e+01 1.500000e+01
      vertex   4.990552e+00 1.519187e+01 1.250000e+01
    endloop
  endfacet
  facet normal 2.279316e-01 -9.736771e-01 6.119652e-16
    outer loop
      vertex   4.990552e+00 1.519187e+01 1.250000e+01
      vertex   4.898090e+00 1.517023e+01 1.500000e+01
      vertex   4.898090e+00 1.517023e+01 1.250000e+01
    endloop
  endfacet
  facet normal 2.279316e-01 -9.736771e-01 0.000000e+00
    outer loop
      vertex   4.990552e+00 1.519187e+01 1.250000e+01
      vertex   4.898090e+00 1.517023e+01 1.250000e+01
      vertex   4.990552e+00 1.519187e+01 1.000000e+01
    endloop
  endfacet
  facet normal 2.279316e-01 -9.736771e-01 0.000000e+00
    outer loop
      vertex   4.990552e+00 1.519187e+01 1.000000e+01
      vertex   4.898090e+00 1.517023e+01 1.250000e+01
      vertex   4.898090e+00 1.517023e+01 1.000000e+01
    endloop
  endfacet
  facet normal 4.396887e-01 -8.981503e-01 4.819653e-16
    outer loop
      vertex   4.898090e+00 1.517023e+01 1.500000e+01
      vertex   4.812832e+00 1.512849e+01 1.500000e+01
      vertex   4.898090e+00 1.517023e+01 1.250000e+01
    endloop
  endfacet
  facet normal 4.396887e-01 -8.981503e-01 0.000000e+00
    outer loop
      vertex   4.898090e+00 1.517023e+01 1.250000e+01
      vertex   4.812832e+00 1.512849e+01 1.500000e+01
      vertex   4.812832e+00 1.512849e+01 1.250000e+01
    endloop
  endfacet
  facet normal 4.396887e-01 -8.981503e-01 0.000000e+00
    outer loop
      vertex   4.898090e+00 1.517023e+01 1.250000e+01
      vertex   4.812832e+00 1.512849e+01 1.250000e+01
      vertex   4.898090e+00 1.517023e+01 1.000000e+01
    endloop
  endfacet
  facet normal 4.396887e-01 -8.981503e-01 0.000000e+00
    outer loop
      vertex   4.898090e+00 1.517023e+01 1.000000e+01
      vertex   4.812832e+00 1.512849e+01 1.250000e+01
      vertex   4.812832e+00 1.512849e+01 1.000000e+01
    endloop
  endfacet
  facet normal 5.542462e-01 -8.323528e-01 0.000000e+00
    outer loop
      vertex   4.812832e+00 1.512849e+01 1.500000e+01
      vertex   4.731924e+00 1.507462e+01 1.500000e+01
      vertex   4.812832e+00 1.512849e+01 1.250000e+01
    endloop
  endfacet
  facet normal 5.542462e-01 -8.323528e-01 0.000000e+00
    outer loop
      vertex   4.812832e+00 1.512849e+01 1.250000e+01
      vertex   4.731924e+00 1.507462e+01 1.500000e+01
      vertex   4.812832e+00 1.512849e+01 1.000000e+01
    endloop
  endfacet
  facet normal 9.255848e-01 -3.785403e-01 0.000000e+00
    outer loop
      vertex   4.465385e+00 1.464308e+01 0.000000e+00
      vertex   4.514177e+00 1.476238e+01 -4.440892e-15
      vertex   4.465385e+00 1.464308e+01 1.500000e+01
    endloop
  endfacet
  facet normal 9.035547e-01 -4.284724e-01 -4.688004e-04
    outer loop
      vertex   4.465385e+00 1.464308e+01 1.500000e+01
      vertex   4.514177e+00 1.476238e+01 -4.440892e-15
      vertex   4.571925e+00 1.487595e+01 7.500000e+00
    endloop
  endfacet
  facet normal 9.255839e-01 -3.785399e-01 1.394544e-03
    outer loop
      vertex   4.465385e+00 1.464308e+01 1.500000e+01
      vertex   4.571925e+00 1.487595e+01 7.500000e+00
      vertex   4.514177e+00 1.476238e+01 1.500000e+01
    endloop
  endfacet
  facet normal 8.913867e-01 -4.532436e-01 1.071063e-16
    outer loop
      vertex   4.514177e+00 1.476238e+01 1.500000e+01
      vertex   4.571925e+00 1.487595e+01 7.500000e+00
      vertex   4.571925e+00 1.487595e+01 1.500000e+01
    endloop
  endfacet
  facet normal 8.112643e-01 -5.846796e-01 1.384799e-16
    outer loop
      vertex   4.571925e+00 1.487595e+01 1.500000e+01
      vertex   4.571925e+00 1.487595e+01 7.500000e+00
      vertex   4.646168e+00 1.497897e+01 1.500000e+01
    endloop
  endfacet
  facet normal 7.898541e-01 -6.132945e-01 6.049765e-04
    outer loop
      vertex   4.646168e+00 1.497897e+01 1.500000e+01
      vertex   4.571925e+00 1.487595e+01 7.500000e+00
      vertex   4.731924e+00 1.507462e+01 0.000000e+00
    endloop
  endfacet
  facet normal 7.445570e-01 -6.675589e-01 0.000000e+00
    outer loop
      vertex   4.646168e+00 1.497897e+01 1.500000e+01
      vertex   4.731924e+00 1.507462e+01 0.000000e+00
      vertex   4.731924e+00 1.507462e+01 1.500000e+01
    endloop
  endfacet
  facet normal 8.913867e-01 -4.532436e-01 -1.071063e-16
    outer loop
      vertex   4.514177e+00 1.476238e+01 -4.440892e-15
      vertex   4.571925e+00 1.487595e+01 -4.440892e-15
      vertex   4.571925e+00 1.487595e+01 7.500000e+00
    endloop
  endfacet
  facet normal 8.112643e-01 -5.846796e-01 -1.384799e-16
    outer loop
      vertex   4.571925e+00 1.487595e+01 7.500000e+00
      vertex   4.571925e+00 1.487595e+01 -4.440892e-15
      vertex   4.646168e+00 1.497897e+01 -4.440892e-15
    endloop
  endfacet
  facet normal 7.445558e-01 -6.675578e-01 -1.798709e-03
    outer loop
      vertex   4.571925e+00 1.487595e+01 7.500000e+00
      vertex   4.646168e+00 1.497897e+01 -4.440892e-15
      vertex   4.731924e+00 1.507462e+01 0.000000e+00
    endloop
  endfacet
  facet normal 9.927381e-01 -1.202958e-01 0.000000e+00
    outer loop
      vertex   4.300385e+00 1.384346e+01 0.000000e+00
      vertex   4.325038e+00 1.404690e+01 0.000000e+00
      vertex   4.300385e+00 1.384346e+01 1.500000e+01
    endloop
  endfacet
  facet normal 9.927381e-01 -1.202958e-01 0.000000e+00
    outer loop
      vertex   4.300385e+00 1.384346e+01 1.500000e+01
      vertex   4.325038e+00 1.404690e+01 0.000000e+00
      vertex   4.325038e+00 1.404690e+01 1.500000e+01
    endloop
  endfacet
  facet normal 9.868014e-01 -1.619350e-01 0.000000e+00
    outer loop
      vertex   4.325038e+00 1.404690e+01 1.500000e+01
      vertex   4.325038e+00 1.404690e+01 0.000000e+00
      vertex   4.358128e+00 1.424855e+01 0.000000e+00
    endloop
  endfacet
  facet normal 9.868014e-01 -1.619350e-01 0.000000e+00
    outer loop
      vertex   4.325038e+00 1.404690e+01 1.500000e+01
      vertex   4.358128e+00 1.424855e+01 0.000000e+00
      vertex   4.358128e+00 1.424855e+01 1.500000e+01
    endloop
  endfacet
  facet normal 9.714739e-01 -2.371464e-01 0.000000e+00
    outer loop
      vertex   4.358128e+00 1.424855e+01 1.500000e+01
      vertex   4.358128e+00 1.424855e+01 0.000000e+00
      vertex   4.406553e+00 1.444692e+01 0.000000e+00
    endloop
  endfacet
  facet normal 9.714739e-01 -2.371464e-01 0.000000e+00
    outer loop
      vertex   4.358128e+00 1.424855e+01 1.500000e+01
      vertex   4.406553e+00 1.444692e+01 0.000000e+00
      vertex   4.406553e+00 1.444692e+01 1.500000e+01
    endloop
  endfacet
  facet normal 9.578456e-01 -2.872835e-01 0.000000e+00
    outer loop
      vertex   4.406553e+00 1.444692e+01 1.500000e+01
      vertex   4.406553e+00 1.444692e+01 0.000000e+00
      vertex   4.465385e+00 1.464308e+01 0.000000e+00
    endloop
  endfacet
  facet normal 9.578456e-01 -2.872835e-01 0.000000e+00
    outer loop
      vertex   4.406553e+00 1.444692e+01 1.500000e+01
      vertex   4.465385e+00 1.464308e+01 0.000000e+00
      vertex   4.465385e+00 1.464308e+01 1.500000e+01
    endloop
  endfacet
  facet normal 9.999629e-01 -8.609944e-03 0.000000e+00
    outer loop
      vertex   4.249616e+00 1.263769e+01 0.000000e+00
      vertex   4.252215e+00 1.293958e+01 -2.220446e-15
      vertex   4.249616e+00 1.263769e+01 1.500000e+01
    endloop
  endfacet
  facet normal 9.999629e-01 -8.609944e-03 0.000000e+00
    outer loop
      vertex   4.249616e+00 1.263769e+01 1.500000e+01
      vertex   4.252215e+00 1.293958e+01 -2.220446e-15
      vertex   4.252215e+00 1.293958e+01 1.500000e+01
    endloop
  endfacet
  facet normal 9.996671e-01 -2.580184e-02 0.000000e+00
    outer loop
      vertex   4.252215e+00 1.293958e+01 1.500000e+01
      vertex   4.252215e+00 1.293958e+01 -2.220446e-15
      vertex   4.260001e+00 1.324124e+01 -2.220446e-15
    endloop
  endfacet
  facet normal 9.996671e-01 -2.580184e-02 0.000000e+00
    outer loop
      vertex   4.252215e+00 1.293958e+01 1.500000e+01
      vertex   4.260001e+00 1.324124e+01 -2.220446e-15
      vertex   4.260001e+00 1.324124e+01 1.500000e+01
    endloop
  endfacet
  facet normal 9.983926e-01 -5.667647e-02 0.000000e+00
    outer loop
      vertex   4.260001e+00 1.324124e+01 1.500000e+01
      vertex   4.260001e+00 1.324124e+01 -2.220446e-15
      vertex   4.277102e+00 1.354249e+01 -2.220446e-15
    endloop
  endfacet
  facet normal 9.983926e-01 -5.667647e-02 0.000000e+00
    outer loop
      vertex   4.260001e+00 1.324124e+01 1.500000e+01
      vertex   4.277102e+00 1.354249e+01 -2.220446e-15
      vertex   4.277102e+00 1.354249e+01 1.500000e+01
    endloop
  endfacet
  facet normal 9.970212e-01 -7.712837e-02 0.000000e+00
    outer loop
      vertex   4.277102e+00 1.354249e+01 1.500000e+01
      vertex   4.277102e+00 1.354249e+01 -2.220446e-15
      vertex   4.300385e+00 1.384346e+01 0.000000e+00
    endloop
  endfacet
  facet normal 9.970212e-01 -7.712837e-02 0.000000e+00
    outer loop
      vertex   4.277102e+00 1.354249e+01 1.500000e+01
      vertex   4.300385e+00 1.384346e+01 0.000000e+00
      vertex   4.300385e+00 1.384346e+01 1.500000e+01
    endloop
  endfacet
  facet normal 9.991867e-01 4.032295e-02 -0.000000e+00
    outer loop
      vertex   4.275001e+00 1.149539e+01 0.000000e+00
      vertex   4.263481e+00 1.178084e+01 0.000000e+00
      vertex   4.275001e+00 1.149539e+01 1.500000e+01
    endloop
  endfacet
  facet normal 9.991867e-01 4.032295e-02 0.000000e+00
    outer loop
      vertex   4.275001e+00 1.149539e+01 1.500000e+01
      vertex   4.263481e+00 1.178084e+01 0.000000e+00
      vertex   4.263481e+00 1.178084e+01 1.500000e+01
    endloop
  endfacet
  facet normal 9.995545e-01 2.984671e-02 0.000000e+00
    outer loop
      vertex   4.263481e+00 1.178084e+01 1.500000e+01
      vertex   4.263481e+00 1.178084e+01 0.000000e+00
      vertex   4.254955e+00 1.206637e+01 0.000000e+00
    endloop
  endfacet
  facet normal 9.995545e-01 2.984671e-02 0.000000e+00
    outer loop
      vertex   4.263481e+00 1.178084e+01 1.500000e+01
      vertex   4.254955e+00 1.206637e+01 0.000000e+00
      vertex   4.254955e+00 1.206637e+01 1.500000e+01
    endloop
  endfacet
  facet normal 9.999043e-01 1.383694e-02 0.000000e+00
    outer loop
      vertex   4.254955e+00 1.206637e+01 1.500000e+01
      vertex   4.254955e+00 1.206637e+01 0.000000e+00
      vertex   4.251002e+00 1.235200e+01 0.000000e+00
    endloop
  endfacet
  facet normal 9.999043e-01 1.383694e-02 0.000000e+00
    outer loop
      vertex   4.254955e+00 1.206637e+01 1.500000e+01
      vertex   4.251002e+00 1.235200e+01 0.000000e+00
      vertex   4.251002e+00 1.235200e+01 1.500000e+01
    endloop
  endfacet
  facet normal 9.999882e-01 4.852365e-03 0.000000e+00
    outer loop
      vertex   4.251002e+00 1.235200e+01 1.500000e+01
      vertex   4.251002e+00 1.235200e+01 0.000000e+00
      vertex   4.249616e+00 1.263769e+01 0.000000e+00
    endloop
  endfacet
  facet normal 9.999882e-01 4.852365e-03 0.000000e+00
    outer loop
      vertex   4.251002e+00 1.235200e+01 1.500000e+01
      vertex   4.249616e+00 1.263769e+01 0.000000e+00
      vertex   4.249616e+00 1.263769e+01 1.500000e+01
    endloop
  endfacet
  facet normal 9.871840e-01 1.595861e-01 -0.000000e+00
    outer loop
      vertex   4.363847e+00 1.069577e+01 0.000000e+00
      vertex   4.331715e+00 1.089454e+01 0.000000e+00
      vertex   4.363847e+00 1.069577e+01 1.500000e+01
    endloop
  endfacet
  facet normal 9.871840e-01 1.595861e-01 0.000000e+00
    outer loop
      vertex   4.363847e+00 1.069577e+01 1.500000e+01
      vertex   4.331715e+00 1.089454e+01 0.000000e+00
      vertex   4.331715e+00 1.089454e+01 1.500000e+01
    endloop
  endfacet
  facet normal 9.914221e-01 1.306989e-01 0.000000e+00
    outer loop
      vertex   4.331715e+00 1.089454e+01 1.500000e+01
      vertex   4.331715e+00 1.089454e+01 0.000000e+00
      vertex   4.305423e+00 1.109397e+01 0.000000e+00
    endloop
  endfacet
  facet normal 9.914221e-01 1.306989e-01 0.000000e+00
    outer loop
      vertex   4.331715e+00 1.089454e+01 1.500000e+01
      vertex   4.305423e+00 1.109397e+01 0.000000e+00
      vertex   4.305423e+00 1.109397e+01 1.500000e+01
    endloop
  endfacet
  facet normal 9.961623e-01 8.752499e-02 0.000000e+00
    outer loop
      vertex   4.305423e+00 1.109397e+01 1.500000e+01
      vertex   4.305423e+00 1.109397e+01 0.000000e+00
      vertex   4.287813e+00 1.129440e+01 0.000000e+00
    endloop
  endfacet
  facet normal 9.961623e-01 8.752499e-02 0.000000e+00
    outer loop
      vertex   4.305423e+00 1.109397e+01 1.500000e+01
      vertex   4.287813e+00 1.129440e+01 0.000000e+00
      vertex   4.287813e+00 1.129440e+01 1.500000e+01
    endloop
  endfacet
  facet normal 9.979742e-01 6.362002e-02 0.000000e+00
    outer loop
      vertex   4.287813e+00 1.129440e+01 1.500000e+01
      vertex   4.287813e+00 1.129440e+01 0.000000e+00
      vertex   4.275001e+00 1.149539e+01 0.000000e+00
    endloop
  endfacet
  facet normal 9.979742e-01 6.362002e-02 0.000000e+00
    outer loop
      vertex   4.287813e+00 1.129440e+01 1.500000e+01
      vertex   4.275001e+00 1.149539e+01 0.000000e+00
      vertex   4.275001e+00 1.149539e+01 1.500000e+01
    endloop
  endfacet
  facet normal 9.323185e-01 3.616383e-01 -0.000000e+00
    outer loop
      vertex   4.528847e+00 1.015000e+01 0.000000e+00
      vertex   4.477161e+00 1.028325e+01 0.000000e+00
      vertex   4.528847e+00 1.015000e+01 1.500000e+01
    endloop
  endfacet
  facet normal 9.424605e-01 3.343175e-01 -2.776422e-04
    outer loop
      vertex   4.528847e+00 1.015000e+01 1.500000e+01
      vertex   4.477161e+00 1.028325e+01 0.000000e+00
      vertex   4.431454e+00 1.041833e+01 7.500000e+00
    endloop
  endfacet
  facet normal 9.323182e-01 3.616381e-01 8.315102e-04
    outer loop
      vertex   4.528847e+00 1.015000e+01 1.500000e+01
      vertex   4.431454e+00 1.041833e+01 7.500000e+00
      vertex   4.477161e+00 1.028325e+01 1.500000e+01
    endloop
  endfacet
  facet normal 9.472418e-01 3.205198e-01 0.000000e+00
    outer loop
      vertex   4.477161e+00 1.028325e+01 1.500000e+01
      vertex   4.431454e+00 1.041833e+01 7.500000e+00
      vertex   4.431454e+00 1.041833e+01 1.500000e+01
    endloop
  endfacet
  facet normal 9.668377e-01 2.553918e-01 0.000000e+00
    outer loop
      vertex   4.431454e+00 1.041833e+01 1.500000e+01
      vertex   4.431454e+00 1.041833e+01 7.500000e+00
      vertex   4.395023e+00 1.055624e+01 1.500000e+01
    endloop
  endfacet
  facet normal 9.700339e-01 2.429697e-01 2.439576e-04
    outer loop
      vertex   4.395023e+00 1.055624e+01 1.500000e+01
      vertex   4.431454e+00 1.041833e+01 7.500000e+00
      vertex   4.363847e+00 1.069577e+01 0.000000e+00
    endloop
  endfacet
  facet normal 9.759350e-01 2.180615e-01 0.000000e+00
    outer loop
      vertex   4.395023e+00 1.055624e+01 1.500000e+01
      vertex   4.363847e+00 1.069577e+01 0.000000e+00
      vertex   4.363847e+00 1.069577e+01 1.500000e+01
    endloop
  endfacet
  facet normal 9.472418e-01 3.205198e-01 0.000000e+00
    outer loop
      vertex   4.477161e+00 1.028325e+01 0.000000e+00
      vertex   4.431454e+00 1.041833e+01 0.000000e+00
      vertex   4.431454e+00 1.041833e+01 7.500000e+00
    endloop
  endfacet
  facet normal 9.668377e-01 2.553918e-01 0.000000e+00
    outer loop
      vertex   4.431454e+00 1.041833e+01 7.500000e+00
      vertex   4.431454e+00 1.041833e+01 0.000000e+00
      vertex   4.395023e+00 1.055624e+01 0.000000e+00
    endloop
  endfacet
  facet normal 9.759348e-01 2.180614e-01 -7.306634e-04
    outer loop
      vertex   4.431454e+00 1.041833e+01 7.500000e+00
      vertex   4.395023e+00 1.055624e+01 0.000000e+00
      vertex   4.363847e+00 1.069577e+01 0.000000e+00
    endloop
  endfacet
  facet normal 7.002186e-01 7.139285e-01 -0.000000e+00
    outer loop
      vertex   4.846154e+00 9.731154e+00 0.000000e+00
      vertex   4.751294e+00 9.824194e+00 0.000000e+00
      vertex   4.846154e+00 9.731154e+00 1.500000e+01
    endloop
  endfacet
  facet normal 7.361086e-01 6.768633e-01 -4.568720e-04
    outer loop
      vertex   4.846154e+00 9.731154e+00 1.500000e+01
      vertex   4.751294e+00 9.824194e+00 0.000000e+00
      vertex   4.664692e+00 9.923438e+00 7.500000e+00
    endloop
  endfacet
  facet normal 7.002179e-01 7.139279e-01 1.361762e-03
    outer loop
      vertex   4.846154e+00 9.731154e+00 1.500000e+01
      vertex   4.664692e+00 9.923438e+00 7.500000e+00
      vertex   4.751294e+00 9.824194e+00 1.500000e+01
    endloop
  endfacet
  facet normal 7.534678e-01 6.574848e-01 -1.562847e-16
    outer loop
      vertex   4.751294e+00 9.824194e+00 1.500000e+01
      vertex   4.664692e+00 9.923438e+00 7.500000e+00
      vertex   4.664692e+00 9.923438e+00 1.500000e+01
    endloop
  endfacet
  facet normal 8.353085e-01 5.497815e-01 -1.302144e-16
    outer loop
      vertex   4.664692e+00 9.923438e+00 1.500000e+01
      vertex   4.664692e+00 9.923438e+00 7.500000e+00
      vertex   4.592329e+00 1.003338e+01 1.500000e+01
    endloop
  endfacet
  facet normal 8.503835e-01 5.261632e-01 4.916731e-04
    outer loop
      vertex   4.592329e+00 1.003338e+01 1.500000e+01
      vertex   4.664692e+00 9.923438e+00 7.500000e+00
      vertex   4.528847e+00 1.015000e+01 0.000000e+00
    endloop
  endfacet
  facet normal 8.782967e-01 4.781160e-01 0.000000e+00
    outer loop
      vertex   4.592329e+00 1.003338e+01 1.500000e+01
      vertex   4.528847e+00 1.015000e+01 0.000000e+00
      vertex   4.528847e+00 1.015000e+01 1.500000e+01
    endloop
  endfacet
  facet normal 7.534678e-01 6.574848e-01 1.562847e-16
    outer loop
      vertex   4.751294e+00 9.824194e+00 0.000000e+00
      vertex   4.664692e+00 9.923438e+00 0.000000e+00
      vertex   4.664692e+00 9.923438e+00 7.500000e+00
    endloop
  endfacet
  facet normal 8.353085e-01 5.497815e-01 1.302144e-16
    outer loop
      vertex   4.664692e+00 9.923438e+00 7.500000e+00
      vertex   4.664692e+00 9.923438e+00 0.000000e+00
      vertex   4.592329e+00 1.003338e+01 0.000000e+00
    endloop
  endfacet
  facet normal 8.782958e-01 4.781155e-01 -1.465322e-03
    outer loop
      vertex   4.664692e+00 9.923438e+00 7.500000e+00
      vertex   4.592329e+00 1.003338e+01 0.000000e+00
      vertex   4.528847e+00 1.015000e+01 0.000000e+00
    endloop
  endfacet
  facet normal 3.869030e-01 9.221204e-01 -0.000000e+00
    outer loop
      vertex   5.760000e+00 9.248848e+00 0.000000e+00
      vertex   5.520523e+00 9.349328e+00 0.000000e+00
      vertex   5.760000e+00 9.248848e+00 1.500000e+01
    endloop
  endfacet
  facet normal 3.869030e-01 9.221204e-01 0.000000e+00
    outer loop
      vertex   5.760000e+00 9.248848e+00 1.500000e+01
      vertex   5.520523e+00 9.349328e+00 0.000000e+00
      vertex   5.520523e+00 9.349328e+00 1.500000e+01
    endloop
  endfacet
  facet normal 4.251832e-01 9.051073e-01 0.000000e+00
    outer loop
      vertex   5.520523e+00 9.349328e+00 1.500000e+01
      vertex   5.520523e+00 9.349328e+00 0.000000e+00
      vertex   5.286285e+00 9.459364e+00 0.000000e+00
    endloop
  endfacet
  facet normal 4.251832e-01 9.051073e-01 0.000000e+00
    outer loop
      vertex   5.520523e+00 9.349328e+00 1.500000e+01
      vertex   5.286285e+00 9.459364e+00 0.000000e+00
      vertex   5.286285e+00 9.459364e+00 1.500000e+01
    endloop
  endfacet
  facet normal 4.973481e-01 8.675511e-01 0.000000e+00
    outer loop
      vertex   5.286285e+00 9.459364e+00 1.500000e+01
      vertex   5.286285e+00 9.459364e+00 0.000000e+00
      vertex   5.062159e+00 9.587850e+00 0.000000e+00
    endloop
  endfacet
  facet normal 4.973481e-01 8.675511e-01 0.000000e+00
    outer loop
      vertex   5.286285e+00 9.459364e+00 1.500000e+01
      vertex   5.062159e+00 9.587850e+00 0.000000e+00
      vertex   5.062159e+00 9.587850e+00 1.500000e+01
    endloop
  endfacet
  facet normal 5.528333e-01 8.332919e-01 0.000000e+00
    outer loop
      vertex   5.062159e+00 9.587850e+00 1.500000e+01
      vertex   5.062159e+00 9.587850e+00 0.000000e+00
      vertex   4.846154e+00 9.731154e+00 0.000000e+00
    endloop
  endfacet
  facet normal 5.528333e-01 8.332919e-01 0.000000e+00
    outer loop
      vertex   5.062159e+00 9.587850e+00 1.500000e+01
      vertex   4.846154e+00 9.731154e+00 0.000000e+00
      vertex   4.846154e+00 9.731154e+00 1.500000e+01
    endloop
  endfacet
  facet normal 2.683044e-01 9.633342e-01 -0.000000e+00
    outer loop
      vertex   7.549616e+00 8.664999e+00 0.000000e+00
      vertex   7.095762e+00 8.791405e+00 0.000000e+00
      vertex   7.549616e+00 8.664999e+00 1.500000e+01
    endloop
  endfacet
  facet normal 2.683044e-01 9.633342e-01 0.000000e+00
    outer loop
      vertex   7.549616e+00 8.664999e+00 1.500000e+01
      vertex   7.095762e+00 8.791405e+00 0.000000e+00
      vertex   7.095762e+00 8.791405e+00 1.500000e+01
    endloop
  endfacet
  facet normal 2.897240e-01 9.571102e-01 0.000000e+00
    outer loop
      vertex   7.095762e+00 8.791405e+00 1.500000e+01
      vertex   7.095762e+00 8.791405e+00 0.000000e+00
      vertex   6.645200e+00 8.927793e+00 0.000000e+00
    endloop
  endfacet
  facet normal 2.897240e-01 9.571102e-01 0.000000e+00
    outer loop
      vertex   7.095762e+00 8.791405e+00 1.500000e+01
      vertex   6.645200e+00 8.927793e+00 0.000000e+00
      vertex   6.645200e+00 8.927793e+00 1.500000e+01
    endloop
  endfacet
  facet normal 3.281527e-01 9.446247e-01 0.000000e+00
    outer loop
      vertex   6.645200e+00 8.927793e+00 1.500000e+01
      vertex   6.645200e+00 8.927793e+00 0.000000e+00
      vertex   6.200596e+00 9.082244e+00 0.000000e+00
    endloop
  endfacet
  facet normal 3.281527e-01 9.446247e-01 0.000000e+00
    outer loop
      vertex   6.645200e+00 8.927793e+00 1.500000e+01
      vertex   6.200596e+00 9.082244e+00 0.000000e+00
      vertex   6.200596e+00 9.082244e+00 1.500000e+01
    endloop
  endfacet
  facet normal 3.536920e-01 9.353620e-01 0.000000e+00
    outer loop
      vertex   6.200596e+00 9.082244e+00 1.500000e+01
      vertex   6.200596e+00 9.082244e+00 0.000000e+00
      vertex   5.760000e+00 9.248848e+00 0.000000e+00
    endloop
  endfacet
  facet normal 3.536920e-01 9.353620e-01 0.000000e+00
    outer loop
      vertex   6.200596e+00 9.082244e+00 1.500000e+01
      vertex   5.760000e+00 9.248848e+00 0.000000e+00
      vertex   5.760000e+00 9.248848e+00 1.500000e+01
    endloop
  endfacet
  facet normal 1.513431e-01 9.884813e-01 -0.000000e+00
    outer loop
      vertex   1.001192e+01 8.182693e+00 0.000000e+00
      vertex   9.391300e+00 8.277714e+00 0.000000e+00
      vertex   1.001192e+01 8.182693e+00 1.500000e+01
    endloop
  endfacet
  facet normal 1.513431e-01 9.884813e-01 0.000000e+00
    outer loop
      vertex   1.001192e+01 8.182693e+00 1.500000e+01
      vertex   9.391300e+00 8.277714e+00 0.000000e+00
      vertex   9.391300e+00 8.277714e+00 1.500000e+01
    endloop
  endfacet
  facet normal 1.728958e-01 9.849401e-01 0.000000e+00
    outer loop
      vertex   9.391300e+00 8.277714e+00 1.500000e+01
      vertex   9.391300e+00 8.277714e+00 0.000000e+00
      vertex   8.773333e+00 8.386192e+00 0.000000e+00
    endloop
  endfacet
  facet normal 1.728958e-01 9.849401e-01 0.000000e+00
    outer loop
      vertex   9.391300e+00 8.277714e+00 1.500000e+01
      vertex   8.773333e+00 8.386192e+00 0.000000e+00
      vertex   8.773333e+00 8.386192e+00 1.500000e+01
    endloop
  endfacet
  facet normal 2.103406e-01 9.776282e-01 0.000000e+00
    outer loop
      vertex   8.773333e+00 8.386192e+00 1.500000e+01
      vertex   8.773333e+00 8.386192e+00 0.000000e+00
      vertex   8.160005e+00 8.518152e+00 0.000000e+00
    endloop
  endfacet
  facet normal 2.103406e-01 9.776282e-01 0.000000e+00
    outer loop
      vertex   8.773333e+00 8.386192e+00 1.500000e+01
      vertex   8.160005e+00 8.518152e+00 0.000000e+00
      vertex   8.160005e+00 8.518152e+00 1.500000e+01
    endloop
  endfacet
  facet normal 2.339062e-01 9.722592e-01 0.000000e+00
    outer loop
      vertex   8.160005e+00 8.518152e+00 1.500000e+01
      vertex   8.160005e+00 8.518152e+00 0.000000e+00
      vertex   7.549616e+00 8.664999e+00 0.000000e+00
    endloop
  endfacet
  facet normal 2.339062e-01 9.722592e-01 0.000000e+00
    outer loop
      vertex   8.160005e+00 8.518152e+00 1.500000e+01
      vertex   7.549616e+00 8.664999e+00 0.000000e+00
      vertex   7.549616e+00 8.664999e+00 1.500000e+01
    endloop
  endfacet
  facet normal 1.860807e-02 9.998269e-01 -0.000000e+00
    outer loop
      vertex   1.290577e+01 7.992311e+00 0.000000e+00
      vertex   1.218004e+01 8.005817e+00 0.000000e+00
      vertex   1.290577e+01 7.992311e+00 1.500000e+01
    endloop
  endfacet
  facet normal 1.860807e-02 9.998269e-01 0.000000e+00
    outer loop
      vertex   1.290577e+01 7.992311e+00 1.500000e+01
      vertex   1.218004e+01 8.005817e+00 0.000000e+00
      vertex   1.218004e+01 8.005817e+00 1.500000e+01
    endloop
  endfacet
  facet normal 4.382884e-02 9.990391e-01 0.000000e+00
    outer loop
      vertex   1.218004e+01 8.005817e+00 1.500000e+01
      vertex   1.218004e+01 8.005817e+00 0.000000e+00
      vertex   1.145552e+01 8.037603e+00 0.000000e+00
    endloop
  endfacet
  facet normal 4.382884e-02 9.990391e-01 0.000000e+00
    outer loop
      vertex   1.218004e+01 8.005817e+00 1.500000e+01
      vertex   1.145552e+01 8.037603e+00 0.000000e+00
      vertex   1.145552e+01 8.037603e+00 1.500000e+01
    endloop
  endfacet
  facet normal 8.681523e-02 9.962244e-01 0.000000e+00
    outer loop
      vertex   1.145552e+01 8.037603e+00 1.500000e+01
      vertex   1.145552e+01 8.037603e+00 0.000000e+00
      vertex   1.073308e+01 8.100559e+00 0.000000e+00
    endloop
  endfacet
  facet normal 8.681523e-02 9.962244e-01 0.000000e+00
    outer loop
      vertex   1.145552e+01 8.037603e+00 1.500000e+01
      vertex   1.073308e+01 8.100559e+00 0.000000e+00
      vertex   1.073308e+01 8.100559e+00 1.500000e+01
    endloop
  endfacet
  facet normal 1.131594e-01 9.935768e-01 0.000000e+00
    outer loop
      vertex   1.073308e+01 8.100559e+00 1.500000e+01
      vertex   1.073308e+01 8.100559e+00 0.000000e+00
      vertex   1.001192e+01 8.182693e+00 0.000000e+00
    endloop
  endfacet
  facet normal 1.131594e-01 9.935768e-01 0.000000e+00
    outer loop
      vertex   1.073308e+01 8.100559e+00 1.500000e+01
      vertex   1.001192e+01 8.182693e+00 0.000000e+00
      vertex   1.001192e+01 8.182693e+00 1.500000e+01
    endloop
  endfacet
  facet normal -2.487847e-01 9.685588e-01 0.000000e+00
    outer loop
      vertex   1.817308e+01 8.753848e+00 0.000000e+00
      vertex   1.687728e+01 8.421008e+00 0.000000e+00
      vertex   1.817308e+01 8.753848e+00 1.500000e+01
    endloop
  endfacet
  facet normal -2.487847e-01 9.685588e-01 0.000000e+00
    outer loop
      vertex   1.817308e+01 8.753848e+00 1.500000e+01
      vertex   1.687728e+01 8.421008e+00 0.000000e+00
      vertex   1.687728e+01 8.421008e+00 1.500000e+01
    endloop
  endfacet
  facet normal -2.121235e-01 9.772429e-01 0.000000e+00
    outer loop
      vertex   1.687728e+01 8.421008e+00 1.500000e+01
      vertex   1.687728e+01 8.421008e+00 0.000000e+00
      vertex   1.622569e+01 8.279572e+00 0.000000e+00
    endloop
  endfacet
  facet normal -2.121235e-01 9.772429e-01 0.000000e+00
    outer loop
      vertex   1.687728e+01 8.421008e+00 1.500000e+01
      vertex   1.622569e+01 8.279572e+00 0.000000e+00
      vertex   1.622569e+01 8.279572e+00 1.500000e+01
    endloop
  endfacet
  facet normal -1.675135e-01 9.858698e-01 0.000000e+00
    outer loop
      vertex   1.622569e+01 8.279572e+00 1.500000e+01
      vertex   1.622569e+01 8.279572e+00 0.000000e+00
      vertex   1.556968e+01 8.168106e+00 0.000000e+00
    endloop
  endfacet
  facet normal -1.675135e-01 9.858698e-01 0.000000e+00
    outer loop
      vertex   1.622569e+01 8.279572e+00 1.500000e+01
      vertex   1.556968e+01 8.168106e+00 0.000000e+00
      vertex   1.556968e+01 8.168106e+00 1.500000e+01
    endloop
  endfacet
  facet normal -1.147425e-01 9.933953e-01 0.000000e+00
    outer loop
      vertex   1.556968e+01 8.168106e+00 1.500000e+01
      vertex   1.556968e+01 8.168106e+00 0.000000e+00
      vertex   1.490849e+01 8.091735e+00 0.000000e+00
    endloop
  endfacet
  facet normal -1.147425e-01 9.933953e-01 0.000000e+00
    outer loop
      vertex   1.556968e+01 8.168106e+00 1.500000e+01
      vertex   1.490849e+01 8.091735e+00 0.000000e+00
      vertex   1.490849e+01 8.091735e+00 1.500000e+01
    endloop
  endfacet
  facet normal -7.282748e-02 9.973446e-01 0.000000e+00
    outer loop
      vertex   1.490849e+01 8.091735e+00 1.500000e+01
      vertex   1.490849e+01 8.091735e+00 0.000000e+00
      vertex   1.424319e+01 8.043154e+00 0.000000e+00
    endloop
  endfacet
  facet normal -7.282748e-02 9.973446e-01 0.000000e+00
    outer loop
      vertex   1.490849e+01 8.091735e+00 1.500000e+01
      vertex   1.424319e+01 8.043154e+00 0.000000e+00
      vertex   1.424319e+01 8.043154e+00 1.500000e+01
    endloop
  endfacet
  facet normal -3.798871e-02 9.992782e-01 0.000000e+00
    outer loop
      vertex   1.424319e+01 8.043154e+00 1.500000e+01
      vertex   1.424319e+01 8.043154e+00 0.000000e+00
      vertex   1.290577e+01 7.992311e+00 0.000000e+00
    endloop
  endfacet
  facet normal -3.798871e-02 9.992782e-01 0.000000e+00
    outer loop
      vertex   1.424319e+01 8.043154e+00 1.500000e+01
      vertex   1.290577e+01 7.992311e+00 0.000000e+00
      vertex   1.290577e+01 7.992311e+00 1.500000e+01
    endloop
  endfacet
  facet normal -5.913288e-01 8.064306e-01 0.000000e+00
    outer loop
      vertex   2.223462e+01 1.094962e+01 0.000000e+00
      vertex   2.129535e+01 1.026088e+01 0.000000e+00
      vertex   2.223462e+01 1.094962e+01 1.500000e+01
    endloop
  endfacet
  facet normal -5.913288e-01 8.064306e-01 0.000000e+00
    outer loop
      vertex   2.223462e+01 1.094962e+01 1.500000e+01
      vertex   2.129535e+01 1.026088e+01 0.000000e+00
      vertex   2.129535e+01 1.026088e+01 1.500000e+01
    endloop
  endfacet
  facet normal -5.523742e-01 8.335963e-01 0.000000e+00
    outer loop
      vertex   2.129535e+01 1.026088e+01 1.500000e+01
      vertex   2.129535e+01 1.026088e+01 0.000000e+00
      vertex   2.081245e+01 9.940893e+00 0.000000e+00
    endloop
  endfacet
  facet normal -5.523742e-01 8.335963e-01 0.000000e+00
    outer loop
      vertex   2.129535e+01 1.026088e+01 1.500000e+01
      vertex   2.081245e+01 9.940893e+00 0.000000e+00
      vertex   2.081245e+01 9.940893e+00 1.500000e+01
    endloop
  endfacet
  facet normal -5.035682e-01 8.639554e-01 0.000000e+00
    outer loop
      vertex   2.081245e+01 9.940893e+00 1.500000e+01
      vertex   2.081245e+01 9.940893e+00 0.000000e+00
      vertex   2.031362e+01 9.650144e+00 0.000000e+00
    endloop
  endfacet
  facet normal -5.035682e-01 8.639554e-01 0.000000e+00
    outer loop
      vertex   2.081245e+01 9.940893e+00 1.500000e+01
      vertex   2.031362e+01 9.650144e+00 0.000000e+00
      vertex   2.031362e+01 9.650144e+00 1.500000e+01
    endloop
  endfacet
  facet normal -4.435575e-01 8.962459e-01 0.000000e+00
    outer loop
      vertex   2.031362e+01 9.650144e+00 1.500000e+01
      vertex   2.031362e+01 9.650144e+00 0.000000e+00
      vertex   1.979597e+01 9.393957e+00 0.000000e+00
    endloop
  endfacet
  facet normal -4.435575e-01 8.962459e-01 0.000000e+00
    outer loop
      vertex   2.031362e+01 9.650144e+00 1.500000e+01
      vertex   1.979597e+01 9.393957e+00 0.000000e+00
      vertex   1.979597e+01 9.393957e+00 1.500000e+01
    endloop
  endfacet
  facet normal -3.944856e-01 9.189021e-01 0.000000e+00
    outer loop
      vertex   1.979597e+01 9.393957e+00 1.500000e+01
      vertex   1.979597e+01 9.393957e+00 0.000000e+00
      vertex   1.926333e+01 9.165295e+00 0.000000e+00
    endloop
  endfacet
  facet normal -3.944856e-01 9.189021e-01 0.000000e+00
    outer loop
      vertex   1.979597e+01 9.393957e+00 1.500000e+01
      vertex   1.926333e+01 9.165295e+00 0.000000e+00
      vertex   1.926333e+01 9.165295e+00 1.500000e+01
    endloop
  endfacet
  facet normal -3.530798e-01 9.355932e-01 0.000000e+00
    outer loop
      vertex   1.926333e+01 9.165295e+00 1.500000e+01
      vertex   1.926333e+01 9.165295e+00 0.000000e+00
      vertex   1.817308e+01 8.753848e+00 0.000000e+00
    endloop
  endfacet
  facet normal -3.530798e-01 9.355932e-01 0.000000e+00
    outer loop
      vertex   1.926333e+01 9.165295e+00 1.500000e+01
      vertex   1.817308e+01 8.753848e+00 0.000000e+00
      vertex   1.817308e+01 8.753848e+00 1.500000e+01
    endloop
  endfacet
  facet normal -8.860350e-01 4.636183e-01 0.000000e+00
    outer loop
      vertex   2.484923e+01 1.447808e+01 0.000000e+00
      vertex   2.433392e+01 1.349324e+01 0.000000e+00
      vertex   2.484923e+01 1.447808e+01 1.500000e+01
    endloop
  endfacet
  facet normal -8.860350e-01 4.636183e-01 0.000000e+00
    outer loop
      vertex   2.484923e+01 1.447808e+01 1.500000e+01
      vertex   2.433392e+01 1.349324e+01 0.000000e+00
      vertex   2.433392e+01 1.349324e+01 1.500000e+01
    endloop
  endfacet
  facet normal -8.606094e-01 5.092657e-01 0.000000e+00
    outer loop
      vertex   2.433392e+01 1.349324e+01 1.500000e+01
      vertex   2.433392e+01 1.349324e+01 0.000000e+00
      vertex   2.405282e+01 1.301822e+01 0.000000e+00
    endloop
  endfacet
  facet normal -8.606094e-01 5.092657e-01 0.000000e+00
    outer loop
      vertex   2.433392e+01 1.349324e+01 1.500000e+01
      vertex   2.405282e+01 1.301822e+01 0.000000e+00
      vertex   2.405282e+01 1.301822e+01 1.500000e+01
    endloop
  endfacet
  facet normal -8.265887e-01 5.628064e-01 0.000000e+00
    outer loop
      vertex   2.405282e+01 1.301822e+01 1.500000e+01
      vertex   2.405282e+01 1.301822e+01 0.000000e+00
      vertex   2.374361e+01 1.256409e+01 0.000000e+00
    endloop
  endfacet
  facet normal -8.265887e-01 5.628064e-01 0.000000e+00
    outer loop
      vertex   2.405282e+01 1.301822e+01 1.500000e+01
      vertex   2.374361e+01 1.256409e+01 0.000000e+00
      vertex   2.374361e+01 1.256409e+01 1.500000e+01
    endloop
  endfacet
  facet normal -7.798482e-01 6.259686e-01 0.000000e+00
    outer loop
      vertex   2.374361e+01 1.256409e+01 1.500000e+01
      vertex   2.374361e+01 1.256409e+01 0.000000e+00
      vertex   2.339974e+01 1.213568e+01 0.000000e+00
    endloop
  endfacet
  facet normal -7.798482e-01 6.259686e-01 0.000000e+00
    outer loop
      vertex   2.374361e+01 1.256409e+01 1.500000e+01
      vertex   2.339974e+01 1.213568e+01 0.000000e+00
      vertex   2.339974e+01 1.213568e+01 1.500000e+01
    endloop
  endfacet
  facet normal -7.378286e-01 6.749882e-01 0.000000e+00
    outer loop
      vertex   2.339974e+01 1.213568e+01 1.500000e+01
      vertex   2.339974e+01 1.213568e+01 0.000000e+00
      vertex   2.302726e+01 1.172853e+01 0.000000e+00
    endloop
  endfacet
  facet normal -7.378286e-01 6.749882e-01 0.000000e+00
    outer loop
      vertex   2.339974e+01 1.213568e+01 1.500000e+01
      vertex   2.302726e+01 1.172853e+01 0.000000e+00
      vertex   2.302726e+01 1.172853e+01 1.500000e+01
    endloop
  endfacet
  facet normal -7.008991e-01 7.132605e-01 0.000000e+00
    outer loop
      vertex   2.302726e+01 1.172853e+01 1.500000e+01
      vertex   2.302726e+01 1.172853e+01 0.000000e+00
      vertex   2.223462e+01 1.094962e+01 0.000000e+00
    endloop
  endfacet
  facet normal -7.008991e-01 7.132605e-01 0.000000e+00
    outer loop
      vertex   2.302726e+01 1.172853e+01 1.500000e+01
      vertex   2.223462e+01 1.094962e+01 0.000000e+00
      vertex   2.223462e+01 1.094962e+01 1.500000e+01
    endloop
  endfacet
  facet normal -9.987387e-01 5.020952e-02 0.000000e+00
    outer loop
      vertex   2.577577e+01 1.923769e+01 0.000000e+00
      vertex   2.571425e+01 1.801394e+01 0.000000e+00
      vertex   2.577577e+01 1.923769e+01 1.500000e+01
    endloop
  endfacet
  facet normal -9.987387e-01 5.020952e-02 0.000000e+00
    outer loop
      vertex   2.577577e+01 1.923769e+01 1.500000e+01
      vertex   2.571425e+01 1.801394e+01 0.000000e+00
      vertex   2.571425e+01 1.801394e+01 1.500000e+01
    endloop
  endfacet
  facet normal -9.953027e-01 9.681203e-02 0.000000e+00
    outer loop
      vertex   2.571425e+01 1.801394e+01 1.500000e+01
      vertex   2.571425e+01 1.801394e+01 0.000000e+00
      vertex   2.565528e+01 1.740768e+01 0.000000e+00
    endloop
  endfacet
  facet normal -9.953027e-01 9.681203e-02 0.000000e+00
    outer loop
      vertex   2.571425e+01 1.801394e+01 1.500000e+01
      vertex   2.565528e+01 1.740768e+01 0.000000e+00
      vertex   2.565528e+01 1.740768e+01 1.500000e+01
    endloop
  endfacet
  facet normal -9.882258e-01 1.530026e-01 0.000000e+00
    outer loop
      vertex   2.565528e+01 1.740768e+01 1.500000e+01
      vertex   2.565528e+01 1.740768e+01 0.000000e+00
      vertex   2.556246e+01 1.680816e+01 0.000000e+00
    endloop
  endfacet
  facet normal -9.882258e-01 1.530026e-01 0.000000e+00
    outer loop
      vertex   2.565528e+01 1.740768e+01 1.500000e+01
      vertex   2.556246e+01 1.680816e+01 0.000000e+00
      vertex   2.556246e+01 1.680816e+01 1.500000e+01
    endloop
  endfacet
  facet normal -9.746722e-01 2.236384e-01 0.000000e+00
    outer loop
      vertex   2.556246e+01 1.680816e+01 1.500000e+01
      vertex   2.556246e+01 1.680816e+01 0.000000e+00
      vertex   2.542685e+01 1.621714e+01 0.000000e+00
    endloop
  endfacet
  facet normal -9.746722e-01 2.236384e-01 0.000000e+00
    outer loop
      vertex   2.556246e+01 1.680816e+01 1.500000e+01
      vertex   2.542685e+01 1.621714e+01 0.000000e+00
      vertex   2.542685e+01 1.621714e+01 1.500000e+01
    endloop
  endfacet
  facet normal -9.591363e-01 2.829444e-01 0.000000e+00
    outer loop
      vertex   2.542685e+01 1.621714e+01 1.500000e+01
      vertex   2.542685e+01 1.621714e+01 0.000000e+00
      vertex   2.525465e+01 1.563341e+01 0.000000e+00
    endloop
  endfacet
  facet normal -9.591363e-01 2.829444e-01 0.000000e+00
    outer loop
      vertex   2.542685e+01 1.621714e+01 1.500000e+01
      vertex   2.525465e+01 1.563341e+01 0.000000e+00
      vertex   2.525465e+01 1.563341e+01 1.500000e+01
    endloop
  endfacet
  facet normal -9.435906e-01 3.311143e-01 0.000000e+00
    outer loop
      vertex   2.525465e+01 1.563341e+01 1.500000e+01
      vertex   2.525465e+01 1.563341e+01 0.000000e+00
      vertex   2.484923e+01 1.447808e+01 0.000000e+00
    endloop
  endfacet
  facet normal -9.435906e-01 3.311143e-01 0.000000e+00
    outer loop
      vertex   2.525465e+01 1.563341e+01 1.500000e+01
      vertex   2.484923e+01 1.447808e+01 0.000000e+00
      vertex   2.484923e+01 1.447808e+01 1.500000e+01
    endloop
  endfacet
  facet normal -9.518820e-01 -3.064647e-01 0.000000e+00
    outer loop
      vertex   2.503962e+01 2.338808e+01 0.000000e+00
      vertex   2.536535e+01 2.237634e+01 -2.220446e-15
      vertex   2.503962e+01 2.338808e+01 1.500000e+01
    endloop
  endfacet
  facet normal -9.518820e-01 -3.064647e-01 0.000000e+00
    outer loop
      vertex   2.503962e+01 2.338808e+01 1.500000e+01
      vertex   2.536535e+01 2.237634e+01 -2.220446e-15
      vertex   2.536535e+01 2.237634e+01 1.500000e+01
    endloop
  endfacet
  facet normal -9.654582e-01 -2.605579e-01 -0.000000e+00
    outer loop
      vertex   2.536535e+01 2.237634e+01 1.500000e+01
      vertex   2.536535e+01 2.237634e+01 -2.220446e-15
      vertex   2.550311e+01 2.186589e+01 -2.220446e-15
    endloop
  endfacet
  facet normal -9.654582e-01 -2.605579e-01 0.000000e+00
    outer loop
      vertex   2.536535e+01 2.237634e+01 1.500000e+01
      vertex   2.550311e+01 2.186589e+01 -2.220446e-15
      vertex   2.550311e+01 2.186589e+01 1.500000e+01
    endloop
  endfacet
  facet normal -9.789158e-01 -2.042642e-01 -0.000000e+00
    outer loop
      vertex   2.550311e+01 2.186589e+01 1.500000e+01
      vertex   2.550311e+01 2.186589e+01 -2.220446e-15
      vertex   2.561077e+01 2.134995e+01 -2.220446e-15
    endloop
  endfacet
  facet normal -9.789158e-01 -2.042642e-01 0.000000e+00
    outer loop
      vertex   2.550311e+01 2.186589e+01 1.500000e+01
      vertex   2.561077e+01 2.134995e+01 -2.220446e-15
      vertex   2.561077e+01 2.134995e+01 1.500000e+01
    endloop
  endfacet
  facet normal -9.903748e-01 -1.384119e-01 -0.000000e+00
    outer loop
      vertex   2.561077e+01 2.134995e+01 1.500000e+01
      vertex   2.561077e+01 2.134995e+01 -2.220446e-15
      vertex   2.568376e+01 2.082768e+01 -2.220446e-15
    endloop
  endfacet
  facet normal -9.903748e-01 -1.384119e-01 0.000000e+00
    outer loop
      vertex   2.561077e+01 2.134995e+01 1.500000e+01
      vertex   2.568376e+01 2.082768e+01 -2.220446e-15
      vertex   2.568376e+01 2.082768e+01 1.500000e+01
    endloop
  endfacet
  facet normal -9.962506e-01 -8.651392e-02 -0.000000e+00
    outer loop
      vertex   2.568376e+01 2.082768e+01 1.500000e+01
      vertex   2.568376e+01 2.082768e+01 -2.220446e-15
      vertex   2.572954e+01 2.030044e+01 -2.220446e-15
    endloop
  endfacet
  facet normal -9.962506e-01 -8.651392e-02 0.000000e+00
    outer loop
      vertex   2.568376e+01 2.082768e+01 1.500000e+01
      vertex   2.572954e+01 2.030044e+01 -2.220446e-15
      vertex   2.572954e+01 2.030044e+01 1.500000e+01
    endloop
  endfacet
  facet normal -9.990553e-01 -4.345598e-02 -0.000000e+00
    outer loop
      vertex   2.572954e+01 2.030044e+01 1.500000e+01
      vertex   2.572954e+01 2.030044e+01 -2.220446e-15
      vertex   2.577577e+01 1.923769e+01 0.000000e+00
    endloop
  endfacet
  facet normal -9.990553e-01 -4.345598e-02 0.000000e+00
    outer loop
      vertex   2.572954e+01 2.030044e+01 1.500000e+01
      vertex   2.577577e+01 1.923769e+01 0.000000e+00
      vertex   2.577577e+01 1.923769e+01 1.500000e+01
    endloop
  endfacet
  facet normal -7.066829e-01 -7.075304e-01 0.000000e+00
    outer loop
      vertex   2.289461e+01 2.638346e+01 0.000000e+00
      vertex   2.355506e+01 2.572381e+01 0.000000e+00
      vertex   2.289461e+01 2.638346e+01 1.500000e+01
    endloop
  endfacet
  facet normal -7.066829e-01 -7.075304e-01 0.000000e+00
    outer loop
      vertex   2.289461e+01 2.638346e+01 1.500000e+01
      vertex   2.355506e+01 2.572381e+01 0.000000e+00
      vertex   2.355506e+01 2.572381e+01 1.500000e+01
    endloop
  endfacet
  facet normal -7.451802e-01 -6.668632e-01 -0.000000e+00
    outer loop
      vertex   2.355506e+01 2.572381e+01 1.500000e+01
      vertex   2.355506e+01 2.572381e+01 0.000000e+00
      vertex   2.386394e+01 2.537865e+01 0.000000e+00
    endloop
  endfacet
  facet normal -7.451802e-01 -6.668632e-01 0.000000e+00
    outer loop
      vertex   2.355506e+01 2.572381e+01 1.500000e+01
      vertex   2.386394e+01 2.537865e+01 0.000000e+00
      vertex   2.386394e+01 2.537865e+01 1.500000e+01
    endloop
  endfacet
  facet normal -7.888169e-01 -6.146283e-01 -0.000000e+00
    outer loop
      vertex   2.386394e+01 2.537865e+01 1.500000e+01
      vertex   2.386394e+01 2.537865e+01 0.000000e+00
      vertex   2.414721e+01 2.501510e+01 0.000000e+00
    endloop
  endfacet
  facet normal -7.888169e-01 -6.146283e-01 0.000000e+00
    outer loop
      vertex   2.386394e+01 2.537865e+01 1.500000e+01
      vertex   2.414721e+01 2.501510e+01 0.000000e+00
      vertex   2.414721e+01 2.501510e+01 1.500000e+01
    endloop
  endfacet
  facet normal -8.368789e-01 -5.473880e-01 -0.000000e+00
    outer loop
      vertex   2.414721e+01 2.501510e+01 1.500000e+01
      vertex   2.414721e+01 2.501510e+01 0.000000e+00
      vertex   2.439954e+01 2.462933e+01 0.000000e+00
    endloop
  endfacet
  facet normal -8.368789e-01 -5.473880e-01 0.000000e+00
    outer loop
      vertex   2.414721e+01 2.501510e+01 1.500000e+01
      vertex   2.439954e+01 2.462933e+01 0.000000e+00
      vertex   2.439954e+01 2.462933e+01 1.500000e+01
    endloop
  endfacet
  facet normal -8.714263e-01 -4.905265e-01 -0.000000e+00
    outer loop
      vertex   2.439954e+01 2.462933e+01 1.500000e+01
      vertex   2.439954e+01 2.462933e+01 0.000000e+00
      vertex   2.462681e+01 2.422557e+01 0.000000e+00
    endloop
  endfacet
  facet normal -8.714263e-01 -4.905265e-01 0.000000e+00
    outer loop
      vertex   2.439954e+01 2.462933e+01 1.500000e+01
      vertex   2.462681e+01 2.422557e+01 0.000000e+00
      vertex   2.462681e+01 2.422557e+01 1.500000e+01
    endloop
  endfacet
  facet normal -8.969600e-01 -4.421116e-01 -0.000000e+00
    outer loop
      vertex   2.462681e+01 2.422557e+01 1.500000e+01
      vertex   2.462681e+01 2.422557e+01 0.000000e+00
      vertex   2.503962e+01 2.338808e+01 0.000000e+00
    endloop
  endfacet
  facet normal -8.969600e-01 -4.421116e-01 0.000000e+00
    outer loop
      vertex   2.462681e+01 2.422557e+01 1.500000e+01
      vertex   2.503962e+01 2.338808e+01 0.000000e+00
      vertex   2.503962e+01 2.338808e+01 1.500000e+01
    endloop
  endfacet
  facet normal -3.354599e-01 -9.420545e-01 0.000000e+00
    outer loop
      vertex   1.941692e+01 2.821115e+01 0.000000e+00
      vertex   2.035212e+01 2.787814e+01 -4.440892e-15
      vertex   1.941692e+01 2.821115e+01 1.500000e+01
    endloop
  endfacet
  facet normal -3.354599e-01 -9.420545e-01 0.000000e+00
    outer loop
      vertex   1.941692e+01 2.821115e+01 1.500000e+01
      vertex   2.035212e+01 2.787814e+01 -4.440892e-15
      vertex   2.035212e+01 2.787814e+01 1.500000e+01
    endloop
  endfacet
  facet normal -3.790214e-01 -9.253879e-01 -0.000000e+00
    outer loop
      vertex   2.035212e+01 2.787814e+01 1.500000e+01
      vertex   2.035212e+01 2.787814e+01 -4.440892e-15
      vertex   2.080881e+01 2.769108e+01 -4.440892e-15
    endloop
  endfacet
  facet normal -3.790214e-01 -9.253879e-01 0.000000e+00
    outer loop
      vertex   2.035212e+01 2.787814e+01 1.500000e+01
      vertex   2.080881e+01 2.769108e+01 -4.440892e-15
      vertex   2.080881e+01 2.769108e+01 1.500000e+01
    endloop
  endfacet
  facet normal -4.307034e-01 -9.024935e-01 -0.000000e+00
    outer loop
      vertex   2.080881e+01 2.769108e+01 1.500000e+01
      vertex   2.080881e+01 2.769108e+01 -4.440892e-15
      vertex   2.125242e+01 2.747938e+01 -4.440892e-15
    endloop
  endfacet
  facet normal -4.307034e-01 -9.024935e-01 0.000000e+00
    outer loop
      vertex   2.080881e+01 2.769108e+01 1.500000e+01
      vertex   2.125242e+01 2.747938e+01 -4.440892e-15
      vertex   2.125242e+01 2.747938e+01 1.500000e+01
    endloop
  endfacet
  facet normal -4.943485e-01 -8.692638e-01 -0.000000e+00
    outer loop
      vertex   2.125242e+01 2.747938e+01 1.500000e+01
      vertex   2.125242e+01 2.747938e+01 -4.440892e-15
      vertex   2.167948e+01 2.723651e+01 -4.440892e-15
    endloop
  endfacet
  facet normal -4.943485e-01 -8.692638e-01 0.000000e+00
    outer loop
      vertex   2.125242e+01 2.747938e+01 1.500000e+01
      vertex   2.167948e+01 2.723651e+01 -4.440892e-15
      vertex   2.167948e+01 2.723651e+01 1.500000e+01
    endloop
  endfacet
  facet normal -5.466117e-01 -8.373862e-01 -0.000000e+00
    outer loop
      vertex   2.167948e+01 2.723651e+01 1.500000e+01
      vertex   2.167948e+01 2.723651e+01 -4.440892e-15
      vertex   2.209239e+01 2.696698e+01 -4.440892e-15
    endloop
  endfacet
  facet normal -5.466117e-01 -8.373862e-01 0.000000e+00
    outer loop
      vertex   2.167948e+01 2.723651e+01 1.500000e+01
      vertex   2.209239e+01 2.696698e+01 -4.440892e-15
      vertex   2.209239e+01 2.696698e+01 1.500000e+01
    endloop
  endfacet
  facet normal -5.882253e-01 -8.086971e-01 -0.000000e+00
    outer loop
      vertex   2.209239e+01 2.696698e+01 1.500000e+01
      vertex   2.209239e+01 2.696698e+01 -4.440892e-15
      vertex   2.289461e+01 2.638346e+01 0.000000e+00
    endloop
  endfacet
  facet normal -5.882253e-01 -8.086971e-01 0.000000e+00
    outer loop
      vertex   2.209239e+01 2.696698e+01 1.500000e+01
      vertex   2.289461e+01 2.638346e+01 0.000000e+00
      vertex   2.289461e+01 2.638346e+01 1.500000e+01
    endloop
  endfacet
  facet normal -3.219500e-02 -9.994816e-01 0.000000e+00
    outer loop
      vertex   1.468269e+01 2.883308e+01 0.000000e+00
      vertex   1.588206e+01 2.879444e+01 0.000000e+00
      vertex   1.468269e+01 2.883308e+01 1.500000e+01
    endloop
  endfacet
  facet normal -3.219500e-02 -9.994816e-01 0.000000e+00
    outer loop
      vertex   1.468269e+01 2.883308e+01 1.500000e+01
      vertex   1.588206e+01 2.879444e+01 0.000000e+00
      vertex   1.588206e+01 2.879444e+01 1.500000e+01
    endloop
  endfacet
  facet normal -6.436508e-02 -9.979264e-01 -0.000000e+00
    outer loop
      vertex   1.588206e+01 2.879444e+01 1.500000e+01
      vertex   1.588206e+01 2.879444e+01 0.000000e+00
      vertex   1.647915e+01 2.875593e+01 0.000000e+00
    endloop
  endfacet
  facet normal -6.436508e-02 -9.979264e-01 0.000000e+00
    outer loop
      vertex   1.588206e+01 2.879444e+01 1.500000e+01
      vertex   1.647915e+01 2.875593e+01 0.000000e+00
      vertex   1.647915e+01 2.875593e+01 1.500000e+01
    endloop
  endfacet
  facet normal -1.030643e-01 -9.946747e-01 -0.000000e+00
    outer loop
      vertex   1.647915e+01 2.875593e+01 1.500000e+01
      vertex   1.647915e+01 2.875593e+01 0.000000e+00
      vertex   1.707312e+01 2.869439e+01 0.000000e+00
    endloop
  endfacet
  facet normal -1.030643e-01 -9.946747e-01 0.000000e+00
    outer loop
      vertex   1.647915e+01 2.875593e+01 1.500000e+01
      vertex   1.707312e+01 2.869439e+01 0.000000e+00
      vertex   1.707312e+01 2.869439e+01 1.500000e+01
    endloop
  endfacet
  facet normal -1.523335e-01 -9.883291e-01 -0.000000e+00
    outer loop
      vertex   1.707312e+01 2.869439e+01 1.500000e+01
      vertex   1.707312e+01 2.869439e+01 0.000000e+00
      vertex   1.766311e+01 2.860345e+01 0.000000e+00
    endloop
  endfacet
  facet normal -1.523335e-01 -9.883291e-01 0.000000e+00
    outer loop
      vertex   1.707312e+01 2.869439e+01 1.500000e+01
      vertex   1.766311e+01 2.860345e+01 0.000000e+00
      vertex   1.766311e+01 2.860345e+01 1.500000e+01
    endloop
  endfacet
  facet normal -1.948705e-01 -9.808290e-01 -0.000000e+00
    outer loop
      vertex   1.766311e+01 2.860345e+01 1.500000e+01
      vertex   1.766311e+01 2.860345e+01 0.000000e+00
      vertex   1.824964e+01 2.848692e+01 0.000000e+00
    endloop
  endfacet
  facet normal -1.948705e-01 -9.808290e-01 0.000000e+00
    outer loop
      vertex   1.766311e+01 2.860345e+01 1.500000e+01
      vertex   1.824964e+01 2.848692e+01 0.000000e+00
      vertex   1.824964e+01 2.848692e+01 1.500000e+01
    endloop
  endfacet
  facet normal -2.299153e-01 -9.732106e-01 -0.000000e+00
    outer loop
      vertex   1.824964e+01 2.848692e+01 1.500000e+01
      vertex   1.824964e+01 2.848692e+01 0.000000e+00
      vertex   1.941692e+01 2.821115e+01 0.000000e+00
    endloop
  endfacet
  facet normal -2.299153e-01 -9.732106e-01 0.000000e+00
    outer loop
      vertex   1.824964e+01 2.848692e+01 1.500000e+01
      vertex   1.941692e+01 2.821115e+01 0.000000e+00
      vertex   1.941692e+01 2.821115e+01 1.500000e+01
    endloop
  endfacet
  facet normal 2.379765e-02 -9.997168e-01 0.000000e+00
    outer loop
      vertex   1.284231e+01 2.880769e+01 0.000000e+00
      vertex   1.330234e+01 2.881864e+01 0.000000e+00
      vertex   1.284231e+01 2.880769e+01 1.500000e+01
    endloop
  endfacet
  facet normal 2.379765e-02 -9.997168e-01 0.000000e+00
    outer loop
      vertex   1.284231e+01 2.880769e+01 1.500000e+01
      vertex   1.330234e+01 2.881864e+01 0.000000e+00
      vertex   1.330234e+01 2.881864e+01 1.500000e+01
    endloop
  endfacet
  facet normal 1.824211e-02 -9.998336e-01 0.000000e+00
    outer loop
      vertex   1.330234e+01 2.881864e+01 1.500000e+01
      vertex   1.330234e+01 2.881864e+01 0.000000e+00
      vertex   1.376241e+01 2.882704e+01 0.000000e+00
    endloop
  endfacet
  facet normal 1.824211e-02 -9.998336e-01 0.000000e+00
    outer loop
      vertex   1.330234e+01 2.881864e+01 1.500000e+01
      vertex   1.376241e+01 2.882704e+01 0.000000e+00
      vertex   1.376241e+01 2.882704e+01 1.500000e+01
    endloop
  endfacet
  facet normal 9.210682e-03 -9.999576e-01 0.000000e+00
    outer loop
      vertex   1.376241e+01 2.882704e+01 1.500000e+01
      vertex   1.376241e+01 2.882704e+01 0.000000e+00
      vertex   1.422253e+01 2.883128e+01 0.000000e+00
    endloop
  endfacet
  facet normal 9.210682e-03 -9.999576e-01 0.000000e+00
    outer loop
      vertex   1.376241e+01 2.882704e+01 1.500000e+01
      vertex   1.422253e+01 2.883128e+01 0.000000e+00
      vertex   1.422253e+01 2.883128e+01 1.500000e+01
    endloop
  endfacet
  facet normal 3.914722e-03 -9.999923e-01 0.000000e+00
    outer loop
      vertex   1.422253e+01 2.883128e+01 1.500000e+01
      vertex   1.422253e+01 2.883128e+01 0.000000e+00
      vertex   1.468269e+01 2.883308e+01 0.000000e+00
    endloop
  endfacet
  facet normal 3.914722e-03 -9.999923e-01 0.000000e+00
    outer loop
      vertex   1.422253e+01 2.883128e+01 1.500000e+01
      vertex   1.468269e+01 2.883308e+01 0.000000e+00
      vertex   1.468269e+01 2.883308e+01 1.500000e+01
    endloop
  endfacet
  facet normal 1.007719e-01 -9.949096e-01 0.000000e+00
    outer loop
      vertex   1.107808e+01 2.868077e+01 0.000000e+00
      vertex   1.151821e+01 2.872535e+01 0.000000e+00
      vertex   1.107808e+01 2.868077e+01 1.500000e+01
    endloop
  endfacet
  facet normal 1.007719e-01 -9.949096e-01 0.000000e+00
    outer loop
      vertex   1.107808e+01 2.868077e+01 1.500000e+01
      vertex   1.151821e+01 2.872535e+01 0.000000e+00
      vertex   1.151821e+01 2.872535e+01 1.500000e+01
    endloop
  endfacet
  facet normal 8.501662e-02 -9.963795e-01 0.000000e+00
    outer loop
      vertex   1.151821e+01 2.872535e+01 1.500000e+01
      vertex   1.151821e+01 2.872535e+01 0.000000e+00
      vertex   1.195885e+01 2.876295e+01 0.000000e+00
    endloop
  endfacet
  facet normal 8.501662e-02 -9.963795e-01 0.000000e+00
    outer loop
      vertex   1.151821e+01 2.872535e+01 1.500000e+01
      vertex   1.195885e+01 2.876295e+01 0.000000e+00
      vertex   1.195885e+01 2.876295e+01 1.500000e+01
    endloop
  endfacet
  facet normal 5.856757e-02 -9.982834e-01 0.000000e+00
    outer loop
      vertex   1.195885e+01 2.876295e+01 1.500000e+01
      vertex   1.195885e+01 2.876295e+01 0.000000e+00
      vertex   1.240033e+01 2.878885e+01 0.000000e+00
    endloop
  endfacet
  facet normal 5.856757e-02 -9.982834e-01 0.000000e+00
    outer loop
      vertex   1.195885e+01 2.876295e+01 1.500000e+01
      vertex   1.240033e+01 2.878885e+01 0.000000e+00
      vertex   1.240033e+01 2.878885e+01 1.500000e+01
    endloop
  endfacet
  facet normal 4.260131e-02 -9.990922e-01 0.000000e+00
    outer loop
      vertex   1.240033e+01 2.878885e+01 1.500000e+01
      vertex   1.240033e+01 2.878885e+01 0.000000e+00
      vertex   1.284231e+01 2.880769e+01 0.000000e+00
    endloop
  endfacet
  facet normal 4.260131e-02 -9.990922e-01 0.000000e+00
    outer loop
      vertex   1.240033e+01 2.878885e+01 1.500000e+01
      vertex   1.284231e+01 2.880769e+01 0.000000e+00
      vertex   1.284231e+01 2.880769e+01 1.500000e+01
    endloop
  endfacet
  facet normal -1.000000e+00 0.000000e+00 0.000000e+00
    outer loop
      vertex   1.107808e+01 3.571231e+01 0.000000e+00
      vertex   1.107808e+01 2.868077e+01 0.000000e+00
      vertex   1.107808e+01 3.571231e+01 1.500000e+01
    endloop
  endfacet
  facet normal -1.000000e+00 -0.000000e+00 0.000000e+00
    outer loop
      vertex   1.107808e+01 3.571231e+01 1.500000e+01
      vertex   1.107808e+01 2.868077e+01 0.000000e+00
      vertex   1.107808e+01 2.868077e+01 1.500000e+01
    endloop
  endfacet
  facet normal 0.000000e+00 1.000000e+00 -0.000000e+00
    outer loop
      vertex   2.275500e+01 3.571231e+01 0.000000e+00
      vertex   1.107808e+01 3.571231e+01 0.000000e+00
      vertex   2.275500e+01 3.571231e+01 1.500000e+01
    endloop
  endfacet
  facet normal 0.000000e+00 1.000000e+00 0.000000e+00
    outer loop
      vertex   2.275500e+01 3.571231e+01 1.500000e+01
      vertex   1.107808e+01 3.571231e+01 0.000000e+00
      vertex   1.107808e+01 3.571231e+01 1.500000e+01
    endloop
  endfacet
  facet normal -9.051352e-01 4.251239e-01 8.055166e-16
    outer loop
      vertex   2.340748e+01 3.613847e+01 0.000000e+00
      vertex   2.340748e+01 3.613847e+01 3.750000e+00
      vertex   2.352923e+01 3.639769e+01 0.000000e+00
    endloop
  endfacet
  facet normal -9.051352e-01 4.251239e-01 0.000000e+00
    outer loop
      vertex   2.352923e+01 3.639769e+01 0.000000e+00
      vertex   2.340748e+01 3.613847e+01 3.750000e+00
      vertex   2.340748e+01 3.613847e+01 7.500000e+00
    endloop
  endfacet
  facet normal -9.051352e-01 4.251239e-01 0.000000e+00
    outer loop
      vertex   2.352923e+01 3.639769e+01 0.000000e+00
      vertex   2.340748e+01 3.613847e+01 7.500000e+00
      vertex   2.352923e+01 3.639769e+01 1.500000e+01
    endloop
  endfacet
  facet normal -9.051352e-01 4.251239e-01 0.000000e+00
    outer loop
      vertex   2.352923e+01 3.639769e+01 1.500000e+01
      vertex   2.340748e+01 3.613847e+01 7.500000e+00
      vertex   2.340748e+01 3.613847e+01 1.125000e+01
    endloop
  endfacet
  facet normal -9.051352e-01 4.251239e-01 -8.076279e-16
    outer loop
      vertex   2.352923e+01 3.639769e+01 1.500000e+01
      vertex   2.340748e+01 3.613847e+01 1.125000e+01
      vertex   2.340748e+01 3.613847e+01 1.500000e+01
    endloop
  endfacet
  facet normal -8.485302e-01 5.291469e-01 -1.002617e-15
    outer loop
      vertex   2.340748e+01 3.613847e+01 1.500000e+01
      vertex   2.340748e+01 3.613847e+01 1.125000e+01
      vertex   2.333529e+01 3.602271e+01 1.125000e+01
    endloop
  endfacet
  facet normal -8.485302e-01 5.291469e-01 2.000534e-16
    outer loop
      vertex   2.340748e+01 3.613847e+01 1.500000e+01
      vertex   2.333529e+01 3.602271e+01 1.125000e+01
      vertex   2.333529e+01 3.602271e+01 1.500000e+01
    endloop
  endfacet
  facet normal -7.562879e-01 6.542389e-01 5.231395e-16
    outer loop
      vertex   2.333529e+01 3.602271e+01 1.500000e+01
      vertex   2.333529e+01 3.602271e+01 1.125000e+01
      vertex   2.324952e+01 3.592356e+01 1.125000e+01
    endloop
  endfacet
  facet normal -7.562879e-01 6.542389e-01 1.238549e-15
    outer loop
      vertex   2.333529e+01 3.602271e+01 1.500000e+01
      vertex   2.324952e+01 3.592356e+01 1.125000e+01
      vertex   2.324952e+01 3.592356e+01 1.500000e+01
    endloop
  endfacet
  facet normal -5.978593e-01 8.016010e-01 1.518858e-15
    outer loop
      vertex   2.324952e+01 3.592356e+01 1.500000e+01
      vertex   2.324952e+01 3.592356e+01 1.125000e+01
      vertex   2.314589e+01 3.584627e+01 1.125000e+01
    endloop
  endfacet
  facet normal -5.978593e-01 8.016010e-01 -5.689471e-16
    outer loop
      vertex   2.324952e+01 3.592356e+01 1.500000e+01
      vertex   2.314589e+01 3.584627e+01 1.125000e+01
      vertex   2.314589e+01 3.584627e+01 1.500000e+01
    endloop
  endfacet
  facet normal -4.232709e-01 9.060032e-01 -4.010028e-16
    outer loop
      vertex   2.314589e+01 3.584627e+01 1.500000e+01
      vertex   2.314589e+01 3.584627e+01 1.125000e+01
      vertex   2.302518e+01 3.578988e+01 1.125000e+01
    endloop
  endfacet
  facet normal -4.232709e-01 9.060032e-01 0.000000e+00
    outer loop
      vertex   2.314589e+01 3.584627e+01 1.500000e+01
      vertex   2.302518e+01 3.578988e+01 1.125000e+01
      vertex   2.302518e+01 3.578988e+01 1.500000e+01
    endloop
  endfacet
  facet normal -2.759595e-01 9.611693e-01 0.000000e+00
    outer loop
      vertex   2.302518e+01 3.578988e+01 1.500000e+01
      vertex   2.302518e+01 3.578988e+01 1.125000e+01
      vertex   2.275500e+01 3.571231e+01 1.500000e+01
    endloop
  endfacet
  facet normal -2.759595e-01 9.611693e-01 0.000000e+00
    outer loop
      vertex   2.275500e+01 3.571231e+01 1.500000e+01
      vertex   2.302518e+01 3.578988e+01 1.125000e+01
      vertex   2.302518e+01 3.578988e+01 7.500000e+00
    endloop
  endfacet
  facet normal -2.759595e-01 9.611693e-01 0.000000e+00
    outer loop
      vertex   2.275500e+01 3.571231e+01 1.500000e+01
      vertex   2.302518e+01 3.578988e+01 7.500000e+00
      vertex   2.275500e+01 3.571231e+01 0.000000e+00
    endloop
  endfacet
  facet normal -2.759595e-01 9.611693e-01 0.000000e+00
    outer loop
      vertex   2.275500e+01 3.571231e+01 0.000000e+00
      vertex   2.302518e+01 3.578988e+01 7.500000e+00
      vertex   2.302518e+01 3.578988e+01 3.750000e+00
    endloop
  endfacet
  facet normal -2.759595e-01 9.611693e-01 0.000000e+00
    outer loop
      vertex   2.275500e+01 3.571231e+01 0.000000e+00
      vertex   2.302518e+01 3.578988e+01 3.750000e+00
      vertex   2.302518e+01 3.578988e+01 0.000000e+00
    endloop
  endfacet
  facet normal -4.232709e-01 9.060032e-01 0.000000e+00
    outer loop
      vertex   2.302518e+01 3.578988e+01 0.000000e+00
      vertex   2.302518e+01 3.578988e+01 3.750000e+00
      vertex   2.314589e+01 3.584627e+01 3.750000e+00
    endloop
  endfacet
  facet normal -4.232709e-01 9.060032e-01 4.010347e-16
    outer loop
      vertex   2.302518e+01 3.578988e+01 0.000000e+00
      vertex   2.314589e+01 3.584627e+01 3.750000e+00
      vertex   2.314589e+01 3.584627e+01 0.000000e+00
    endloop
  endfacet
  facet normal -5.978593e-01 8.016010e-01 5.664061e-16
    outer loop
      vertex   2.314589e+01 3.584627e+01 0.000000e+00
      vertex   2.314589e+01 3.584627e+01 3.750000e+00
      vertex   2.324952e+01 3.592356e+01 3.750000e+00
    endloop
  endfacet
  facet normal -5.978593e-01 8.016010e-01 -1.517192e-15
    outer loop
      vertex   2.314589e+01 3.584627e+01 0.000000e+00
      vertex   2.324952e+01 3.592356e+01 3.750000e+00
      vertex   2.324952e+01 3.592356e+01 0.000000e+00
    endloop
  endfacet
  facet normal -7.562879e-01 6.542389e-01 -1.239639e-15
    outer loop
      vertex   2.324952e+01 3.592356e+01 0.000000e+00
      vertex   2.324952e+01 3.592356e+01 3.750000e+00
      vertex   2.333529e+01 3.602271e+01 3.750000e+00
    endloop
  endfacet
  facet normal -7.562879e-01 6.542389e-01 -5.222371e-16
    outer loop
      vertex   2.324952e+01 3.592356e+01 0.000000e+00
      vertex   2.333529e+01 3.602271e+01 3.750000e+00
      vertex   2.333529e+01 3.602271e+01 0.000000e+00
    endloop
  endfacet
  facet normal -8.485302e-01 5.291469e-01 -1.987280e-16
    outer loop
      vertex   2.333529e+01 3.602271e+01 0.000000e+00
      vertex   2.333529e+01 3.602271e+01 3.750000e+00
      vertex   2.340748e+01 3.613847e+01 3.750000e+00
    endloop
  endfacet
  facet normal -8.485302e-01 5.291469e-01 1.003658e-15
    outer loop
      vertex   2.333529e+01 3.602271e+01 0.000000e+00
      vertex   2.340748e+01 3.613847e+01 3.750000e+00
      vertex   2.340748e+01 3.613847e+01 0.000000e+00
    endloop
  endfacet
  facet normal -4.232709e-01 9.060032e-01 0.000000e+00
    outer loop
      vertex   2.314589e+01 3.584627e+01 3.750000e+00
      vertex   2.302518e+01 3.578988e+01 3.750000e+00
      vertex   2.314589e+01 3.584627e+01 7.500000e+00
    endloop
  endfacet
  facet normal -4.232709e-01 9.060032e-01 0.000000e+00
    outer loop
      vertex   2.314589e+01 3.584627e+01 7.500000e+00
      vertex   2.302518e+01 3.578988e+01 3.750000e+00
      vertex   2.302518e+01 3.578988e+01 7.500000e+00
    endloop
  endfacet
  facet normal -4.232709e-01 9.060032e-01 0.000000e+00
    outer loop
      vertex   2.314589e+01 3.584627e+01 7.500000e+00
      vertex   2.302518e+01 3.578988e+01 7.500000e+00
      vertex   2.314589e+01 3.584627e+01 1.125000e+01
    endloop
  endfacet
  facet normal -4.232709e-01 9.060032e-01 0.000000e+00
    outer loop
      vertex   2.314589e+01 3.584627e+01 1.125000e+01
      vertex   2.302518e+01 3.578988e+01 7.500000e+00
      vertex   2.302518e+01 3.578988e+01 1.125000e+01
    endloop
  endfacet
  facet normal -5.978593e-01 8.016010e-01 0.000000e+00
    outer loop
      vertex   2.324952e+01 3.592356e+01 3.750000e+00
      vertex   2.314589e+01 3.584627e+01 3.750000e+00
      vertex   2.324952e+01 3.592356e+01 7.500000e+00
    endloop
  endfacet
  facet normal -5.978593e-01 8.016010e-01 0.000000e+00
    outer loop
      vertex   2.324952e+01 3.592356e+01 7.500000e+00
      vertex   2.314589e+01 3.584627e+01 3.750000e+00
      vertex   2.314589e+01 3.584627e+01 7.500000e+00
    endloop
  endfacet
  facet normal -5.978593e-01 8.016010e-01 0.000000e+00
    outer loop
      vertex   2.324952e+01 3.592356e+01 7.500000e+00
      vertex   2.314589e+01 3.584627e+01 7.500000e+00
      vertex   2.324952e+01 3.592356e+01 1.125000e+01
    endloop
  endfacet
  facet normal -5.978593e-01 8.016010e-01 0.000000e+00
    outer loop
      vertex   2.324952e+01 3.592356e+01 1.125000e+01
      vertex   2.314589e+01 3.584627e+01 7.500000e+00
      vertex   2.314589e+01 3.584627e+01 1.125000e+01
    endloop
  endfacet
  facet normal -8.485302e-01 5.291469e-01 0.000000e+00
    outer loop
      vertex   2.340748e+01 3.613847e+01 7.500000e+00
      vertex   2.340748e+01 3.613847e+01 3.750000e+00
      vertex   2.333529e+01 3.602271e+01 3.750000e+00
    endloop
  endfacet
  facet normal -7.562879e-01 6.542389e-01 0.000000e+00
    outer loop
      vertex   2.333529e+01 3.602271e+01 3.750000e+00
      vertex   2.324952e+01 3.592356e+01 3.750000e+00
      vertex   2.333529e+01 3.602271e+01 7.500000e+00
    endloop
  endfacet
  facet normal -7.562879e-01 6.542389e-01 0.000000e+00
    outer loop
      vertex   2.333529e+01 3.602271e+01 7.500000e+00
      vertex   2.324952e+01 3.592356e+01 3.750000e+00
      vertex   2.324952e+01 3.592356e+01 7.500000e+00
    endloop
  endfacet
  facet normal -7.562879e-01 6.542389e-01 0.000000e+00
    outer loop
      vertex   2.333529e+01 3.602271e+01 7.500000e+00
      vertex   2.324952e+01 3.592356e+01 7.500000e+00
      vertex   2.333529e+01 3.602271e+01 1.125000e+01
    endloop
  endfacet
  facet normal -7.562879e-01 6.542389e-01 0.000000e+00
    outer loop
      vertex   2.333529e+01 3.602271e+01 1.125000e+01
      vertex   2.324952e+01 3.592356e+01 7.500000e+00
      vertex   2.324952e+01 3.592356e+01 1.125000e+01
    endloop
  endfacet
  facet normal -8.485302e-01 5.291469e-01 0.000000e+00
    outer loop
      vertex   2.333529e+01 3.602271e+01 7.500000e+00
      vertex   2.333529e+01 3.602271e+01 1.125000e+01
      vertex   2.340748e+01 3.613847e+01 1.125000e+01
    endloop
  endfacet
  facet normal -8.485302e-01 5.291469e-01 0.000000e+00
    outer loop
      vertex   2.340748e+01 3.613847e+01 1.125000e+01
      vertex   2.340748e+01 3.613847e+01 7.500000e+00
      vertex   2.333529e+01 3.602271e+01 7.500000e+00
    endloop
  endfacet
  facet normal -8.485302e-01 5.291469e-01 0.000000e+00
    outer loop
      vertex   2.333529e+01 3.602271e+01 7.500000e+00
      vertex   2.340748e+01 3.613847e+01 7.500000e+00
      vertex   2.333529e+01 3.602271e+01 3.750000e+00
    endloop
  endfacet
  facet normal -9.999482e-01 1.018095e-02 0.000000e+00
    outer loop
      vertex   2.379577e+01 3.860615e+01 0.000000e+00
      vertex   2.379006e+01 3.804575e+01 -2.220446e-15
      vertex   2.379577e+01 3.860615e+01 1.500000e+01
    endloop
  endfacet
  facet normal -9.999482e-01 1.018095e-02 0.000000e+00
    outer loop
      vertex   2.379577e+01 3.860615e+01 1.500000e+01
      vertex   2.379006e+01 3.804575e+01 -2.220446e-15
      vertex   2.379006e+01 3.804575e+01 1.500000e+01
    endloop
  endfacet
  facet normal -9.979789e-01 6.354540e-02 0.000000e+00
    outer loop
      vertex   2.379006e+01 3.804575e+01 1.500000e+01
      vertex   2.379006e+01 3.804575e+01 -2.220446e-15
      vertex   2.375464e+01 3.748939e+01 -2.220446e-15
    endloop
  endfacet
  facet normal -9.979789e-01 6.354540e-02 0.000000e+00
    outer loop
      vertex   2.379006e+01 3.804575e+01 1.500000e+01
      vertex   2.375464e+01 3.748939e+01 -2.220446e-15
      vertex   2.375464e+01 3.748939e+01 1.500000e+01
    endloop
  endfacet
  facet normal -9.863330e-01 1.647640e-01 0.000000e+00
    outer loop
      vertex   2.375464e+01 3.748939e+01 1.500000e+01
      vertex   2.375464e+01 3.748939e+01 -2.220446e-15
      vertex   2.366298e+01 3.694068e+01 -2.220446e-15
    endloop
  endfacet
  facet normal -9.863330e-01 1.647640e-01 0.000000e+00
    outer loop
      vertex   2.375464e+01 3.748939e+01 1.500000e+01
      vertex   2.366298e+01 3.694068e+01 -2.220446e-15
      vertex   2.366298e+01 3.694068e+01 1.500000e+01
    endloop
  endfacet
  facet normal -9.709772e-01 2.391722e-01 0.000000e+00
    outer loop
      vertex   2.366298e+01 3.694068e+01 1.500000e+01
      vertex   2.366298e+01 3.694068e+01 -2.220446e-15
      vertex   2.352923e+01 3.639769e+01 0.000000e+00
    endloop
  endfacet
  facet normal -9.709772e-01 2.391722e-01 0.000000e+00
    outer loop
      vertex   2.366298e+01 3.694068e+01 1.500000e+01
      vertex   2.352923e+01 3.639769e+01 0.000000e+00
      vertex   2.352923e+01 3.639769e+01 1.500000e+01
    endloop
  endfacet
  facet normal -9.960975e-01 -8.825979e-02 0.000000e+00
    outer loop
      vertex   2.373231e+01 3.991346e+01 0.000000e+00
      vertex   2.376121e+01 3.958730e+01 -2.220446e-15
      vertex   2.373231e+01 3.991346e+01 1.500000e+01
    endloop
  endfacet
  facet normal -9.960975e-01 -8.825979e-02 0.000000e+00
    outer loop
      vertex   2.373231e+01 3.991346e+01 1.500000e+01
      vertex   2.376121e+01 3.958730e+01 -2.220446e-15
      vertex   2.376121e+01 3.958730e+01 1.500000e+01
    endloop
  endfacet
  facet normal -9.978724e-01 -6.519709e-02 -0.000000e+00
    outer loop
      vertex   2.376121e+01 3.958730e+01 1.500000e+01
      vertex   2.376121e+01 3.958730e+01 -2.220446e-15
      vertex   2.378254e+01 3.926075e+01 -2.220446e-15
    endloop
  endfacet
  facet normal -9.978724e-01 -6.519709e-02 0.000000e+00
    outer loop
      vertex   2.376121e+01 3.958730e+01 1.500000e+01
      vertex   2.378254e+01 3.926075e+01 -2.220446e-15
      vertex   2.378254e+01 3.926075e+01 1.500000e+01
    endloop
  endfacet
  facet normal -9.995486e-01 -3.004298e-02 -0.000000e+00
    outer loop
      vertex   2.378254e+01 3.926075e+01 1.500000e+01
      vertex   2.378254e+01 3.926075e+01 -2.220446e-15
      vertex   2.379238e+01 3.893361e+01 -2.220446e-15
    endloop
  endfacet
  facet normal -9.995486e-01 -3.004298e-02 0.000000e+00
    outer loop
      vertex   2.378254e+01 3.926075e+01 1.500000e+01
      vertex   2.379238e+01 3.893361e+01 -2.220446e-15
      vertex   2.379238e+01 3.893361e+01 1.500000e+01
    endloop
  endfacet
  facet normal -9.999463e-01 -1.036501e-02 -0.000000e+00
    outer loop
      vertex   2.379238e+01 3.893361e+01 1.500000e+01
      vertex   2.379238e+01 3.893361e+01 -2.220446e-15
      vertex   2.379577e+01 3.860615e+01 0.000000e+00
    endloop
  endfacet
  facet normal -9.999463e-01 -1.036501e-02 0.000000e+00
    outer loop
      vertex   2.379238e+01 3.893361e+01 1.500000e+01
      vertex   2.379577e+01 3.860615e+01 0.000000e+00
      vertex   2.379577e+01 3.860615e+01 1.500000e+01
    endloop
  endfacet
  facet normal -9.475323e-01 -3.196601e-01 0.000000e+00
    outer loop
      vertex   2.352923e+01 4.078923e+01 0.000000e+00
      vertex   2.360137e+01 4.057541e+01 -2.220446e-15
      vertex   2.352923e+01 4.078923e+01 1.500000e+01
    endloop
  endfacet
  facet normal -9.475323e-01 -3.196601e-01 0.000000e+00
    outer loop
      vertex   2.352923e+01 4.078923e+01 1.500000e+01
      vertex   2.360137e+01 4.057541e+01 -2.220446e-15
      vertex   2.360137e+01 4.057541e+01 1.500000e+01
    endloop
  endfacet
  facet normal -9.643820e-01 -2.645134e-01 -0.000000e+00
    outer loop
      vertex   2.360137e+01 4.057541e+01 1.500000e+01
      vertex   2.360137e+01 4.057541e+01 -2.220446e-15
      vertex   2.366084e+01 4.035855e+01 -2.220446e-15
    endloop
  endfacet
  facet normal -9.643820e-01 -2.645134e-01 0.000000e+00
    outer loop
      vertex   2.360137e+01 4.057541e+01 1.500000e+01
      vertex   2.366084e+01 4.035855e+01 -2.220446e-15
      vertex   2.366084e+01 4.035855e+01 1.500000e+01
    endloop
  endfacet
  facet normal -9.833868e-01 -1.815222e-01 -0.000000e+00
    outer loop
      vertex   2.366084e+01 4.035855e+01 1.500000e+01
      vertex   2.366084e+01 4.035855e+01 -2.220446e-15
      vertex   2.370170e+01 4.013724e+01 -2.220446e-15
    endloop
  endfacet
  facet normal -9.833868e-01 -1.815222e-01 0.000000e+00
    outer loop
      vertex   2.366084e+01 4.035855e+01 1.500000e+01
      vertex   2.370170e+01 4.013724e+01 -2.220446e-15
      vertex   2.370170e+01 4.013724e+01 1.500000e+01
    endloop
  endfacet
  facet normal -9.907733e-01 -1.355298e-01 -0.000000e+00
    outer loop
      vertex   2.370170e+01 4.013724e+01 1.500000e+01
      vertex   2.370170e+01 4.013724e+01 -2.220446e-15
      vertex   2.373231e+01 3.991346e+01 0.000000e+00
    endloop
  endfacet
  facet normal -9.907733e-01 -1.355298e-01 0.000000e+00
    outer loop
      vertex   2.370170e+01 4.013724e+01 1.500000e+01
      vertex   2.373231e+01 3.991346e+01 0.000000e+00
      vertex   2.373231e+01 3.991346e+01 1.500000e+01
    endloop
  endfacet
  facet normal -6.956171e-01 -7.184128e-01 0.000000e+00
    outer loop
      vertex   2.318654e+01 4.127154e+01 0.000000e+00
      vertex   2.329439e+01 4.116711e+01 0.000000e+00
      vertex   2.318654e+01 4.127154e+01 1.500000e+01
    endloop
  endfacet
  facet normal -7.447554e-01 -6.673372e-01 -7.088605e-04
    outer loop
      vertex   2.318654e+01 4.127154e+01 1.500000e+01
      vertex   2.329439e+01 4.116711e+01 0.000000e+00
      vertex   2.338927e+01 4.105325e+01 7.500000e+00
    endloop
  endfacet
  facet normal -6.956155e-01 -7.184112e-01 2.105965e-03
    outer loop
      vertex   2.318654e+01 4.127154e+01 1.500000e+01
      vertex   2.338927e+01 4.105325e+01 7.500000e+00
      vertex   2.329439e+01 4.116711e+01 1.500000e+01
    endloop
  endfacet
  facet normal -7.682130e-01 -6.401943e-01 1.214075e-15
    outer loop
      vertex   2.329439e+01 4.116711e+01 1.500000e+01
      vertex   2.338927e+01 4.105325e+01 7.500000e+00
      vertex   2.338927e+01 4.105325e+01 1.500000e+01
    endloop
  endfacet
  facet normal -8.617338e-01 -5.073606e-01 9.613371e-16
    outer loop
      vertex   2.338927e+01 4.105325e+01 1.500000e+01
      vertex   2.338927e+01 4.105325e+01 7.500000e+00
      vertex   2.346467e+01 4.092519e+01 1.500000e+01
    endloop
  endfacet
  facet normal -8.764904e-01 -4.814190e-01 5.913008e-04
    outer loop
      vertex   2.346467e+01 4.092519e+01 1.500000e+01
      vertex   2.338927e+01 4.105325e+01 7.500000e+00
      vertex   2.352923e+01 4.078923e+01 0.000000e+00
    endloop
  endfacet
  facet normal -9.033376e-01 -4.289303e-01 0.000000e+00
    outer loop
      vertex   2.346467e+01 4.092519e+01 1.500000e+01
      vertex   2.352923e+01 4.078923e+01 0.000000e+00
      vertex   2.352923e+01 4.078923e+01 1.500000e+01
    endloop
  endfacet
  facet normal -7.682130e-01 -6.401943e-01 -1.214075e-15
    outer loop
      vertex   2.329439e+01 4.116711e+01 0.000000e+00
      vertex   2.338927e+01 4.105325e+01 0.000000e+00
      vertex   2.338927e+01 4.105325e+01 7.500000e+00
    endloop
  endfacet
  facet normal -8.617338e-01 -5.073606e-01 -9.613371e-16
    outer loop
      vertex   2.338927e+01 4.105325e+01 7.500000e+00
      vertex   2.338927e+01 4.105325e+01 0.000000e+00
      vertex   2.346467e+01 4.092519e+01 0.000000e+00
    endloop
  endfacet
  facet normal -9.033362e-01 -4.289297e-01 -1.757436e-03
    outer loop
      vertex   2.338927e+01 4.105325e+01 7.500000e+00
      vertex   2.346467e+01 4.092519e+01 0.000000e+00
      vertex   2.352923e+01 4.078923e+01 0.000000e+00
    endloop
  endfacet
  facet normal -1.123561e-01 -9.936680e-01 0.000000e+00
    outer loop
      vertex   2.275500e+01 4.142385e+01 0.000000e+00
      vertex   2.287154e+01 4.141067e+01 0.000000e+00
      vertex   2.275500e+01 4.142385e+01 1.500000e+01
    endloop
  endfacet
  facet normal -1.941184e-01 -9.809779e-01 -6.463897e-04
    outer loop
      vertex   2.275500e+01 4.142385e+01 1.500000e+01
      vertex   2.287154e+01 4.141067e+01 0.000000e+00
      vertex   2.298326e+01 4.138362e+01 7.500000e+00
    endloop
  endfacet
  facet normal -1.123559e-01 -9.936662e-01 1.910068e-03
    outer loop
      vertex   2.275500e+01 4.142385e+01 1.500000e+01
      vertex   2.298326e+01 4.138362e+01 7.500000e+00
      vertex   2.287154e+01 4.141067e+01 1.500000e+01
    endloop
  endfacet
  facet normal -2.353189e-01 -9.719182e-01 0.000000e+00
    outer loop
      vertex   2.287154e+01 4.141067e+01 1.500000e+01
      vertex   2.298326e+01 4.138362e+01 7.500000e+00
      vertex   2.298326e+01 4.138362e+01 1.500000e+01
    endloop
  endfacet
  facet normal -4.299517e-01 -9.028519e-01 -0.000000e+00
    outer loop
      vertex   2.298326e+01 4.138362e+01 1.500000e+01
      vertex   2.298326e+01 4.138362e+01 7.500000e+00
      vertex   2.308718e+01 4.133413e+01 1.500000e+01
    endloop
  endfacet
  facet normal -4.654839e-01 -8.850561e-01 6.097475e-04
    outer loop
      vertex   2.308718e+01 4.133413e+01 1.500000e+01
      vertex   2.298326e+01 4.138362e+01 7.500000e+00
      vertex   2.318654e+01 4.127154e+01 0.000000e+00
    endloop
  endfacet
  facet normal -5.330016e-01 -8.461142e-01 0.000000e+00
    outer loop
      vertex   2.308718e+01 4.133413e+01 1.500000e+01
      vertex   2.318654e+01 4.127154e+01 0.000000e+00
      vertex   2.318654e+01 4.127154e+01 1.500000e+01
    endloop
  endfacet
  facet normal -2.353189e-01 -9.719182e-01 0.000000e+00
    outer loop
      vertex   2.287154e+01 4.141067e+01 0.000000e+00
      vertex   2.298326e+01 4.138362e+01 0.000000e+00
      vertex   2.298326e+01 4.138362e+01 7.500000e+00
    endloop
  endfacet
  facet normal -4.299517e-01 -9.028519e-01 -0.000000e+00
    outer loop
      vertex   2.298326e+01 4.138362e+01 7.500000e+00
      vertex   2.298326e+01 4.138362e+01 0.000000e+00
      vertex   2.308718e+01 4.133413e+01 0.000000e+00
    endloop
  endfacet
  facet normal -5.330008e-01 -8.461128e-01 -1.802206e-03
    outer loop
      vertex   2.298326e+01 4.138362e+01 7.500000e+00
      vertex   2.308718e+01 4.133413e+01 0.000000e+00
      vertex   2.318654e+01 4.127154e+01 0.000000e+00
    endloop
  endfacet
  facet normal 0.000000e+00 -1.000000e+00 0.000000e+00
    outer loop
      vertex   7.194231e+00 4.142385e+01 0.000000e+00
      vertex   2.275500e+01 4.142385e+01 0.000000e+00
      vertex   7.194231e+00 4.142385e+01 1.500000e+01
    endloop
  endfacet
  facet normal 0.000000e+00 -1.000000e+00 0.000000e+00
    outer loop
      vertex   7.194231e+00 4.142385e+01 1.500000e+01
      vertex   2.275500e+01 4.142385e+01 0.000000e+00
      vertex   2.275500e+01 4.142385e+01 1.500000e+01
    endloop
  endfacet
  facet normal 5.980175e-01 -8.014830e-01 -1.138976e-15
    outer loop
      vertex   6.215338e+00 4.118678e+01 0.000000e+00
      vertex   6.215338e+00 4.118678e+01 5.000000e+00
      vertex   5.937693e+00 4.097961e+01 0.000000e+00
    endloop
  endfacet
  facet normal 5.980175e-01 -8.014830e-01 0.000000e+00
    outer loop
      vertex   5.937693e+00 4.097961e+01 0.000000e+00
      vertex   6.215338e+00 4.118678e+01 5.000000e+00
      vertex   6.215338e+00 4.118678e+01 1.000000e+01
    endloop
  endfacet
  facet normal 5.980175e-01 -8.014830e-01 0.000000e+00
    outer loop
      vertex   5.937693e+00 4.097961e+01 0.000000e+00
      vertex   6.215338e+00 4.118678e+01 1.000000e+01
      vertex   5.937693e+00 4.097961e+01 1.500000e+01
    endloop
  endfacet
  facet normal 5.980175e-01 -8.014830e-01 1.137740e-15
    outer loop
      vertex   5.937693e+00 4.097961e+01 1.500000e+01
      vertex   6.215338e+00 4.118678e+01 1.000000e+01
      vertex   6.215338e+00 4.118678e+01 1.500000e+01
    endloop
  endfacet
  facet normal 5.075388e-01 -8.616289e-01 1.224448e-15
    outer loop
      vertex   6.215338e+00 4.118678e+01 1.500000e+01
      vertex   6.215338e+00 4.118678e+01 1.000000e+01
      vertex   6.360927e+00 4.127253e+01 1.000000e+01
    endloop
  endfacet
  facet normal 5.075388e-01 -8.616289e-01 0.000000e+00
    outer loop
      vertex   6.215338e+00 4.118678e+01 1.500000e+01
      vertex   6.360927e+00 4.127253e+01 1.000000e+01
      vertex   6.360927e+00 4.127253e+01 1.500000e+01
    endloop
  endfacet
  facet normal 3.872428e-01 -9.219778e-01 0.000000e+00
    outer loop
      vertex   6.360927e+00 4.127253e+01 1.500000e+01
      vertex   6.360927e+00 4.127253e+01 1.000000e+01
      vertex   6.514575e+00 4.133707e+01 1.000000e+01
    endloop
  endfacet
  facet normal 3.872428e-01 -9.219778e-01 -1.311578e-15
    outer loop
      vertex   6.360927e+00 4.127253e+01 1.500000e+01
      vertex   6.514575e+00 4.133707e+01 1.000000e+01
      vertex   6.514575e+00 4.133707e+01 1.500000e+01
    endloop
  endfacet
  facet normal 1.968094e-01 -9.804418e-01 -1.393292e-15
    outer loop
      vertex   6.514575e+00 4.133707e+01 1.500000e+01
      vertex   6.514575e+00 4.133707e+01 1.000000e+01
      vertex   6.845644e+00 4.140353e+01 1.000000e+01
    endloop
  endfacet
  facet normal 1.968094e-01 -9.804418e-01 0.000000e+00
    outer loop
      vertex   6.514575e+00 4.133707e+01 1.500000e+01
      vertex   6.845644e+00 4.140353e+01 1.000000e+01
      vertex   6.845644e+00 4.140353e+01 1.500000e+01
    endloop
  endfacet
  facet normal 5.819132e-02 -9.983054e-01 0.000000e+00
    outer loop
      vertex   6.845644e+00 4.140353e+01 1.500000e+01
      vertex   6.845644e+00 4.140353e+01 1.000000e+01
      vertex   7.194231e+00 4.142385e+01 1.500000e+01
    endloop
  endfacet
  facet normal 5.819132e-02 -9.983054e-01 0.000000e+00
    outer loop
      vertex   7.194231e+00 4.142385e+01 1.500000e+01
      vertex   6.845644e+00 4.140353e+01 1.000000e+01
      vertex   6.845644e+00 4.140353e+01 5.000000e+00
    endloop
  endfacet
  facet normal 5.819132e-02 -9.983054e-01 0.000000e+00
    outer loop
      vertex   7.194231e+00 4.142385e+01 1.500000e+01
      vertex   6.845644e+00 4.140353e+01 5.000000e+00
      vertex   7.194231e+00 4.142385e+01 0.000000e+00
    endloop
  endfacet
  facet normal 5.819132e-02 -9.983054e-01 0.000000e+00
    outer loop
      vertex   7.194231e+00 4.142385e+01 0.000000e+00
      vertex   6.845644e+00 4.140353e+01 5.000000e+00
      vertex   6.845644e+00 4.140353e+01 0.000000e+00
    endloop
  endfacet
  facet normal 1.968094e-01 -9.804418e-01 0.000000e+00
    outer loop
      vertex   6.845644e+00 4.140353e+01 0.000000e+00
      vertex   6.845644e+00 4.140353e+01 5.000000e+00
      vertex   6.514575e+00 4.133707e+01 5.000000e+00
    endloop
  endfacet
  facet normal 1.968094e-01 -9.804418e-01 1.393232e-15
    outer loop
      vertex   6.845644e+00 4.140353e+01 0.000000e+00
      vertex   6.514575e+00 4.133707e+01 5.000000e+00
      vertex   6.514575e+00 4.133707e+01 0.000000e+00
    endloop
  endfacet
  facet normal 3.872428e-01 -9.219778e-01 1.310209e-15
    outer loop
      vertex   6.514575e+00 4.133707e+01 0.000000e+00
      vertex   6.514575e+00 4.133707e+01 5.000000e+00
      vertex   6.360927e+00 4.127253e+01 5.000000e+00
    endloop
  endfacet
  facet normal 3.872428e-01 -9.219778e-01 0.000000e+00
    outer loop
      vertex   6.514575e+00 4.133707e+01 0.000000e+00
      vertex   6.360927e+00 4.127253e+01 5.000000e+00
      vertex   6.360927e+00 4.127253e+01 0.000000e+00
    endloop
  endfacet
  facet normal 5.075388e-01 -8.616289e-01 0.000000e+00
    outer loop
      vertex   6.360927e+00 4.127253e+01 0.000000e+00
      vertex   6.360927e+00 4.127253e+01 5.000000e+00
      vertex   6.215338e+00 4.118678e+01 5.000000e+00
    endloop
  endfacet
  facet normal 5.075388e-01 -8.616289e-01 -1.223763e-15
    outer loop
      vertex   6.360927e+00 4.127253e+01 0.000000e+00
      vertex   6.215338e+00 4.118678e+01 5.000000e+00
      vertex   6.215338e+00 4.118678e+01 0.000000e+00
    endloop
  endfacet
  facet normal 1.968094e-01 -9.804418e-01 0.000000e+00
    outer loop
      vertex   6.845644e+00 4.140353e+01 1.000000e+01
      vertex   6.514575e+00 4.133707e+01 1.000000e+01
      vertex   6.845644e+00 4.140353e+01 5.000000e+00
    endloop
  endfacet
  facet normal 1.968094e-01 -9.804418e-01 0.000000e+00
    outer loop
      vertex   6.845644e+00 4.140353e+01 5.000000e+00
      vertex   6.514575e+00 4.133707e+01 1.000000e+01
      vertex   6.514575e+00 4.133707e+01 5.000000e+00
    endloop
  endfacet
  facet normal 5.075388e-01 -8.616289e-01 0.000000e+00
    outer loop
      vertex   6.215338e+00 4.118678e+01 1.000000e+01
      vertex   6.215338e+00 4.118678e+01 5.000000e+00
      vertex   6.360927e+00 4.127253e+01 5.000000e+00
    endloop
  endfacet
  facet normal 3.872428e-01 -9.219778e-01 0.000000e+00
    outer loop
      vertex   6.514575e+00 4.133707e+01 1.000000e+01
      vertex   6.360927e+00 4.127253e+01 1.000000e+01
      vertex   6.514575e+00 4.133707e+01 5.000000e+00
    endloop
  endfacet
  facet normal 3.872428e-01 -9.219778e-01 0.000000e+00
    outer loop
      vertex   6.514575e+00 4.133707e+01 5.000000e+00
      vertex   6.360927e+00 4.127253e+01 1.000000e+01
      vertex   6.360927e+00 4.127253e+01 5.000000e+00
    endloop
  endfacet
  facet normal 5.075388e-01 -8.616289e-01 0.000000e+00
    outer loop
      vertex   6.360927e+00 4.127253e+01 1.000000e+01
      vertex   6.215338e+00 4.118678e+01 1.000000e+01
      vertex   6.360927e+00 4.127253e+01 5.000000e+00
    endloop
  endfacet
  facet normal 9.994410e-01 -3.343116e-02 4.750854e-17
    outer loop
      vertex   5.557286e+00 3.991027e+01 -2.220446e-15
      vertex   5.557286e+00 3.991027e+01 5.000000e+00
      vertex   5.544232e+00 3.952000e+01 0.000000e+00
    endloop
  endfacet
  facet normal 9.994410e-01 -3.343116e-02 0.000000e+00
    outer loop
      vertex   5.544232e+00 3.952000e+01 0.000000e+00
      vertex   5.557286e+00 3.991027e+01 5.000000e+00
      vertex   5.557286e+00 3.991027e+01 1.000000e+01
    endloop
  endfacet
  facet normal 9.994410e-01 -3.343116e-02 0.000000e+00
    outer loop
      vertex   5.544232e+00 3.952000e+01 0.000000e+00
      vertex   5.557286e+00 3.991027e+01 1.000000e+01
      vertex   5.544232e+00 3.952000e+01 1.500000e+01
    endloop
  endfacet
  facet normal 9.994410e-01 -3.343116e-02 -4.753399e-17
    outer loop
      vertex   5.544232e+00 3.952000e+01 1.500000e+01
      vertex   5.557286e+00 3.991027e+01 1.000000e+01
      vertex   5.557286e+00 3.991027e+01 1.500000e+01
    endloop
  endfacet
  facet normal 9.893867e-01 -1.453065e-01 -2.064930e-16
    outer loop
      vertex   5.557286e+00 3.991027e+01 1.500000e+01
      vertex   5.557286e+00 3.991027e+01 1.000000e+01
      vertex   5.612751e+00 4.028793e+01 1.000000e+01
    endloop
  endfacet
  facet normal 9.893867e-01 -1.453065e-01 -3.817456e-16
    outer loop
      vertex   5.557286e+00 3.991027e+01 1.500000e+01
      vertex   5.612751e+00 4.028793e+01 1.000000e+01
      vertex   5.612751e+00 4.028793e+01 1.500000e+01
    endloop
  endfacet
  facet normal 9.538479e-01 -3.002902e-01 -5.961755e-16
    outer loop
      vertex   5.612751e+00 4.028793e+01 1.500000e+01
      vertex   5.612751e+00 4.028793e+01 1.000000e+01
      vertex   5.669484e+00 4.046814e+01 1.000000e+01
    endloop
  endfacet
  facet normal 9.538479e-01 -3.002902e-01 1.689491e-16
    outer loop
      vertex   5.612751e+00 4.028793e+01 1.500000e+01
      vertex   5.669484e+00 4.046814e+01 1.000000e+01
      vertex   5.669484e+00 4.046814e+01 1.500000e+01
    endloop
  endfacet
  facet normal 9.133061e-01 -4.072738e-01 1.622358e-16
    outer loop
      vertex   5.669484e+00 4.046814e+01 1.500000e+01
      vertex   5.669484e+00 4.046814e+01 1.000000e+01
      vertex   5.747078e+00 4.064214e+01 1.000000e+01
    endloop
  endfacet
  facet normal 9.133061e-01 -4.072738e-01 -5.790893e-16
    outer loop
      vertex   5.669484e+00 4.046814e+01 1.500000e+01
      vertex   5.747078e+00 4.064214e+01 1.000000e+01
      vertex   5.747078e+00 4.064214e+01 1.500000e+01
    endloop
  endfacet
  facet normal 8.707072e-01 -4.918018e-01 -6.988924e-16
    outer loop
      vertex   5.747078e+00 4.064214e+01 1.500000e+01
      vertex   5.747078e+00 4.064214e+01 1.000000e+01
      vertex   5.937693e+00 4.097961e+01 1.500000e+01
    endloop
  endfacet
  facet normal 8.707072e-01 -4.918018e-01 0.000000e+00
    outer loop
      vertex   5.937693e+00 4.097961e+01 1.500000e+01
      vertex   5.747078e+00 4.064214e+01 1.000000e+01
      vertex   5.747078e+00 4.064214e+01 5.000000e+00
    endloop
  endfacet
  facet normal 8.707072e-01 -4.918018e-01 0.000000e+00
    outer loop
      vertex   5.937693e+00 4.097961e+01 1.500000e+01
      vertex   5.747078e+00 4.064214e+01 5.000000e+00
      vertex   5.937693e+00 4.097961e+01 0.000000e+00
    endloop
  endfacet
  facet normal 8.707072e-01 -4.918018e-01 6.946329e-16
    outer loop
      vertex   5.937693e+00 4.097961e+01 0.000000e+00
      vertex   5.747078e+00 4.064214e+01 5.000000e+00
      vertex   5.747078e+00 4.064214e+01 -2.220446e-15
    endloop
  endfacet
  facet normal 9.133061e-01 -4.072738e-01 5.787708e-16
    outer loop
      vertex   5.747078e+00 4.064214e+01 -2.220446e-15
      vertex   5.747078e+00 4.064214e+01 5.000000e+00
      vertex   5.669484e+00 4.046814e+01 5.000000e+00
    endloop
  endfacet
  facet normal 9.133061e-01 -4.072738e-01 -1.620722e-16
    outer loop
      vertex   5.747078e+00 4.064214e+01 -2.220446e-15
      vertex   5.669484e+00 4.046814e+01 5.000000e+00
      vertex   5.669484e+00 4.046814e+01 -2.220446e-15
    endloop
  endfacet
  facet normal 9.538479e-01 -3.002902e-01 -1.694374e-16
    outer loop
      vertex   5.669484e+00 4.046814e+01 -2.220446e-15
      vertex   5.669484e+00 4.046814e+01 5.000000e+00
      vertex   5.612751e+00 4.028793e+01 5.000000e+00
    endloop
  endfacet
  facet normal 9.538479e-01 -3.002902e-01 5.949947e-16
    outer loop
      vertex   5.669484e+00 4.046814e+01 -2.220446e-15
      vertex   5.612751e+00 4.028793e+01 5.000000e+00
      vertex   5.612751e+00 4.028793e+01 -2.220446e-15
    endloop
  endfacet
  facet normal 9.893867e-01 -1.453065e-01 3.822434e-16
    outer loop
      vertex   5.612751e+00 4.028793e+01 -2.220446e-15
      vertex   5.612751e+00 4.028793e+01 5.000000e+00
      vertex   5.557286e+00 3.991027e+01 5.000000e+00
    endloop
  endfacet
  facet normal 9.893867e-01 -1.453065e-01 2.072334e-16
    outer loop
      vertex   5.612751e+00 4.028793e+01 -2.220446e-15
      vertex   5.557286e+00 3.991027e+01 5.000000e+00
      vertex   5.557286e+00 3.991027e+01 -2.220446e-15
    endloop
  endfacet
  facet normal 9.133061e-01 -4.072738e-01 0.000000e+00
    outer loop
      vertex   5.747078e+00 4.064214e+01 1.000000e+01
      vertex   5.669484e+00 4.046814e+01 1.000000e+01
      vertex   5.747078e+00 4.064214e+01 5.000000e+00
    endloop
  endfacet
  facet normal 9.133061e-01 -4.072738e-01 0.000000e+00
    outer loop
      vertex   5.747078e+00 4.064214e+01 5.000000e+00
      vertex   5.669484e+00 4.046814e+01 1.000000e+01
      vertex   5.669484e+00 4.046814e+01 5.000000e+00
    endloop
  endfacet
  facet normal 9.893867e-01 -1.453065e-01 0.000000e+00
    outer loop
      vertex   5.557286e+00 3.991027e+01 1.000000e+01
      vertex   5.557286e+00 3.991027e+01 5.000000e+00
      vertex   5.612751e+00 4.028793e+01 5.000000e+00
    endloop
  endfacet
  facet normal 9.538479e-01 -3.002902e-01 0.000000e+00
    outer loop
      vertex   5.669484e+00 4.046814e+01 1.000000e+01
      vertex   5.612751e+00 4.028793e+01 1.000000e+01
      vertex   5.669484e+00 4.046814e+01 5.000000e+00
    endloop
  endfacet
  facet normal 9.538479e-01 -3.002902e-01 0.000000e+00
    outer loop
      vertex   5.669484e+00 4.046814e+01 5.000000e+00
      vertex   5.612751e+00 4.028793e+01 1.000000e+01
      vertex   5.612751e+00 4.028793e+01 5.000000e+00
    endloop
  endfacet
  facet normal 9.893867e-01 -1.453065e-01 0.000000e+00
    outer loop
      vertex   5.612751e+00 4.028793e+01 1.000000e+01
      vertex   5.557286e+00 3.991027e+01 1.000000e+01
      vertex   5.612751e+00 4.028793e+01 5.000000e+00
    endloop
  endfacet
  facet normal 1.000000e+00 0.000000e+00 0.000000e+00
    outer loop
      vertex   5.544232e+00 2.525385e+01 0.000000e+00
      vertex   5.544232e+00 3.952000e+01 0.000000e+00
      vertex   5.544232e+00 2.525385e+01 1.500000e+01
    endloop
  endfacet
  facet normal 1.000000e+00 -0.000000e+00 0.000000e+00
    outer loop
      vertex   5.544232e+00 2.525385e+01 1.500000e+01
      vertex   5.544232e+00 3.952000e+01 0.000000e+00
      vertex   5.544232e+00 3.952000e+01 1.500000e+01
    endloop
  endfacet
  facet normal 8.926603e-01 4.507301e-01 1.585683e-16
    outer loop
      vertex   5.701040e+00 2.421363e+01 0.000000e+00
      vertex   5.701040e+00 2.421363e+01 5.000000e+00
      vertex   5.861539e+00 2.389577e+01 0.000000e+00
    endloop
  endfacet
  facet normal 8.926603e-01 4.507301e-01 0.000000e+00
    outer loop
      vertex   5.861539e+00 2.389577e+01 0.000000e+00
      vertex   5.701040e+00 2.421363e+01 5.000000e+00
      vertex   5.701040e+00 2.421363e+01 1.000000e+01
    endloop
  endfacet
  facet normal 8.926603e-01 4.507301e-01 -0.000000e+00
    outer loop
      vertex   5.861539e+00 2.389577e+01 0.000000e+00
      vertex   5.701040e+00 2.421363e+01 1.000000e+01
      vertex   5.861539e+00 2.389577e+01 1.500000e+01
    endloop
  endfacet
  facet normal 8.926603e-01 4.507301e-01 -1.597893e-16
    outer loop
      vertex   5.861539e+00 2.389577e+01 1.500000e+01
      vertex   5.701040e+00 2.421363e+01 1.000000e+01
      vertex   5.701040e+00 2.421363e+01 1.500000e+01
    endloop
  endfacet
  facet normal 9.310042e-01 3.650084e-01 -1.653796e-16
    outer loop
      vertex   5.701040e+00 2.421363e+01 1.500000e+01
      vertex   5.701040e+00 2.421363e+01 1.000000e+01
      vertex   5.637030e+00 2.437690e+01 1.000000e+01
    endloop
  endfacet
  facet normal 9.310042e-01 3.650084e-01 0.000000e+00
    outer loop
      vertex   5.701040e+00 2.421363e+01 1.500000e+01
      vertex   5.637030e+00 2.437690e+01 1.000000e+01
      vertex   5.637030e+00 2.437690e+01 1.500000e+01
    endloop
  endfacet
  facet normal 9.656533e-01 2.598342e-01 0.000000e+00
    outer loop
      vertex   5.637030e+00 2.437690e+01 1.500000e+01
      vertex   5.637030e+00 2.437690e+01 1.000000e+01
      vertex   5.591755e+00 2.454516e+01 1.000000e+01
    endloop
  endfacet
  facet normal 9.656533e-01 2.598342e-01 -5.405847e-16
    outer loop
      vertex   5.637030e+00 2.437690e+01 1.500000e+01
      vertex   5.591755e+00 2.454516e+01 1.000000e+01
      vertex   5.591755e+00 2.454516e+01 1.500000e+01
    endloop
  endfacet
  facet normal 9.929980e-01 1.181311e-01 -3.442662e-16
    outer loop
      vertex   5.591755e+00 2.454516e+01 1.500000e+01
      vertex   5.591755e+00 2.454516e+01 1.000000e+01
      vertex   5.550167e+00 2.489475e+01 1.000000e+01
    endloop
  endfacet
  facet normal 9.929980e-01 1.181311e-01 0.000000e+00
    outer loop
      vertex   5.591755e+00 2.454516e+01 1.500000e+01
      vertex   5.550167e+00 2.489475e+01 1.000000e+01
      vertex   5.550167e+00 2.489475e+01 1.500000e+01
    endloop
  endfacet
  facet normal 9.998634e-01 1.652528e-02 0.000000e+00
    outer loop
      vertex   5.550167e+00 2.489475e+01 1.500000e+01
      vertex   5.550167e+00 2.489475e+01 1.000000e+01
      vertex   5.544232e+00 2.525385e+01 1.500000e+01
    endloop
  endfacet
  facet normal 9.998634e-01 1.652528e-02 0.000000e+00
    outer loop
      vertex   5.544232e+00 2.525385e+01 1.500000e+01
      vertex   5.550167e+00 2.489475e+01 1.000000e+01
      vertex   5.550167e+00 2.489475e+01 5.000000e+00
    endloop
  endfacet
  facet normal 9.998634e-01 1.652528e-02 0.000000e+00
    outer loop
      vertex   5.544232e+00 2.525385e+01 1.500000e+01
      vertex   5.550167e+00 2.489475e+01 5.000000e+00
      vertex   5.544232e+00 2.525385e+01 0.000000e+00
    endloop
  endfacet
  facet normal 9.998634e-01 1.652528e-02 0.000000e+00
    outer loop
      vertex   5.544232e+00 2.525385e+01 0.000000e+00
      vertex   5.550167e+00 2.489475e+01 5.000000e+00
      vertex   5.550167e+00 2.489475e+01 0.000000e+00
    endloop
  endfacet
  facet normal 9.929980e-01 1.181311e-01 -0.000000e+00
    outer loop
      vertex   5.550167e+00 2.489475e+01 0.000000e+00
      vertex   5.550167e+00 2.489475e+01 5.000000e+00
      vertex   5.591755e+00 2.454516e+01 5.000000e+00
    endloop
  endfacet
  facet normal 9.929980e-01 1.181311e-01 3.439370e-16
    outer loop
      vertex   5.550167e+00 2.489475e+01 0.000000e+00
      vertex   5.591755e+00 2.454516e+01 5.000000e+00
      vertex   5.591755e+00 2.454516e+01 0.000000e+00
    endloop
  endfacet
  facet normal 9.656533e-01 2.598342e-01 5.407810e-16
    outer loop
      vertex   5.591755e+00 2.454516e+01 0.000000e+00
      vertex   5.591755e+00 2.454516e+01 5.000000e+00
      vertex   5.637030e+00 2.437690e+01 5.000000e+00
    endloop
  endfacet
  facet normal 9.656533e-01 2.598342e-01 0.000000e+00
    outer loop
      vertex   5.591755e+00 2.454516e+01 0.000000e+00
      vertex   5.637030e+00 2.437690e+01 5.000000e+00
      vertex   5.637030e+00 2.437690e+01 0.000000e+00
    endloop
  endfacet
  facet normal 9.310042e-01 3.650084e-01 -0.000000e+00
    outer loop
      vertex   5.637030e+00 2.437690e+01 0.000000e+00
      vertex   5.637030e+00 2.437690e+01 5.000000e+00
      vertex   5.701040e+00 2.421363e+01 5.000000e+00
    endloop
  endfacet
  facet normal 9.310042e-01 3.650084e-01 1.661875e-16
    outer loop
      vertex   5.637030e+00 2.437690e+01 0.000000e+00
      vertex   5.701040e+00 2.421363e+01 5.000000e+00
      vertex   5.701040e+00 2.421363e+01 0.000000e+00
    endloop
  endfacet
  facet normal 9.929980e-01 1.181311e-01 0.000000e+00
    outer loop
      vertex   5.550167e+00 2.489475e+01 1.000000e+01
      vertex   5.591755e+00 2.454516e+01 1.000000e+01
      vertex   5.550167e+00 2.489475e+01 5.000000e+00
    endloop
  endfacet
  facet normal 9.929980e-01 1.181311e-01 0.000000e+00
    outer loop
      vertex   5.550167e+00 2.489475e+01 5.000000e+00
      vertex   5.591755e+00 2.454516e+01 1.000000e+01
      vertex   5.591755e+00 2.454516e+01 5.000000e+00
    endloop
  endfacet
  facet normal 9.310042e-01 3.650084e-01 0.000000e+00
    outer loop
      vertex   5.701040e+00 2.421363e+01 1.000000e+01
      vertex   5.701040e+00 2.421363e+01 5.000000e+00
      vertex   5.637030e+00 2.437690e+01 5.000000e+00
    endloop
  endfacet
  facet normal 9.656533e-01 2.598342e-01 0.000000e+00
    outer loop
      vertex   5.591755e+00 2.454516e+01 1.000000e+01
      vertex   5.637030e+00 2.437690e+01 1.000000e+01
      vertex   5.591755e+00 2.454516e+01 5.000000e+00
    endloop
  endfacet
  facet normal 9.656533e-01 2.598342e-01 0.000000e+00
    outer loop
      vertex   5.591755e+00 2.454516e+01 5.000000e+00
      vertex   5.637030e+00 2.437690e+01 1.000000e+01
      vertex   5.637030e+00 2.437690e+01 5.000000e+00
    endloop
  endfacet
  facet normal 9.310042e-01 3.650084e-01 0.000000e+00
    outer loop
      vertex   5.637030e+00 2.437690e+01 1.000000e+01
      vertex   5.701040e+00 2.421363e+01 1.000000e+01
      vertex   5.637030e+00 2.437690e+01 5.000000e+00
    endloop
  endfacet
  facet normal 5.282933e-02 9.986036e-01 -1.251250e-17
    outer loop
      vertex   6.622646e+00 2.354316e+01 0.000000e+00
      vertex   6.622646e+00 2.354316e+01 3.750000e+00
      vertex   6.915001e+00 2.352769e+01 0.000000e+00
    endloop
  endfacet
  facet normal 5.282933e-02 9.986036e-01 0.000000e+00
    outer loop
      vertex   6.915001e+00 2.352769e+01 0.000000e+00
      vertex   6.622646e+00 2.354316e+01 3.750000e+00
      vertex   6.622646e+00 2.354316e+01 7.500000e+00
    endloop
  endfacet
  facet normal 5.282933e-02 9.986036e-01 -0.000000e+00
    outer loop
      vertex   6.915001e+00 2.352769e+01 0.000000e+00
      vertex   6.622646e+00 2.354316e+01 7.500000e+00
      vertex   6.915001e+00 2.352769e+01 1.500000e+01
    endloop
  endfacet
  facet normal 5.282933e-02 9.986036e-01 0.000000e+00
    outer loop
      vertex   6.915001e+00 2.352769e+01 1.500000e+01
      vertex   6.622646e+00 2.354316e+01 7.500000e+00
      vertex   6.622646e+00 2.354316e+01 1.125000e+01
    endloop
  endfacet
  facet normal 5.282933e-02 9.986036e-01 1.264075e-17
    outer loop
      vertex   6.915001e+00 2.352769e+01 1.500000e+01
      vertex   6.622646e+00 2.354316e+01 1.125000e+01
      vertex   6.622646e+00 2.354316e+01 1.500000e+01
    endloop
  endfacet
  facet normal 1.912837e-01 9.815348e-01 4.530509e-17
    outer loop
      vertex   6.622646e+00 2.354316e+01 1.500000e+01
      vertex   6.622646e+00 2.354316e+01 1.125000e+01
      vertex   6.344930e+00 2.359728e+01 1.125000e+01
    endloop
  endfacet
  facet normal 1.912837e-01 9.815348e-01 4.577850e-17
    outer loop
      vertex   6.622646e+00 2.354316e+01 1.500000e+01
      vertex   6.344930e+00 2.359728e+01 1.125000e+01
      vertex   6.344930e+00 2.359728e+01 1.500000e+01
    endloop
  endfacet
  facet normal 3.825088e-01 9.239518e-01 9.059629e-17
    outer loop
      vertex   6.344930e+00 2.359728e+01 1.500000e+01
      vertex   6.344930e+00 2.359728e+01 1.125000e+01
      vertex   6.216032e+00 2.365065e+01 1.125000e+01
    endloop
  endfacet
  facet normal 3.825088e-01 9.239518e-01 -1.659609e-15
    outer loop
      vertex   6.344930e+00 2.359728e+01 1.500000e+01
      vertex   6.216032e+00 2.365065e+01 1.125000e+01
      vertex   6.216032e+00 2.365065e+01 1.500000e+01
    endloop
  endfacet
  facet normal 5.056502e-01 8.627386e-01 -1.514938e-15
    outer loop
      vertex   6.216032e+00 2.365065e+01 1.500000e+01
      vertex   6.216032e+00 2.365065e+01 1.125000e+01
      vertex   6.094009e+00 2.372216e+01 1.125000e+01
    endloop
  endfacet
  facet normal 5.056502e-01 8.627386e-01 1.874089e-15
    outer loop
      vertex   6.216032e+00 2.365065e+01 1.500000e+01
      vertex   6.094009e+00 2.372216e+01 1.125000e+01
      vertex   6.094009e+00 2.372216e+01 1.500000e+01
    endloop
  endfacet
  facet normal 5.983530e-01 8.012326e-01 1.801597e-15
    outer loop
      vertex   6.094009e+00 2.372216e+01 1.500000e+01
      vertex   6.094009e+00 2.372216e+01 1.125000e+01
      vertex   5.861539e+00 2.389577e+01 1.500000e+01
    endloop
  endfacet
  facet normal 5.983530e-01 8.012326e-01 0.000000e+00
    outer loop
      vertex   5.861539e+00 2.389577e+01 1.500000e+01
      vertex   6.094009e+00 2.372216e+01 1.125000e+01
      vertex   6.094009e+00 2.372216e+01 7.500000e+00
    endloop
  endfacet
  facet normal 5.983530e-01 8.012326e-01 0.000000e+00
    outer loop
      vertex   5.861539e+00 2.389577e+01 1.500000e+01
      vertex   6.094009e+00 2.372216e+01 7.500000e+00
      vertex   5.861539e+00 2.389577e+01 0.000000e+00
    endloop
  endfacet
  facet normal 5.983530e-01 8.012326e-01 0.000000e+00
    outer loop
      vertex   5.861539e+00 2.389577e+01 0.000000e+00
      vertex   6.094009e+00 2.372216e+01 7.500000e+00
      vertex   6.094009e+00 2.372216e+01 3.750000e+00
    endloop
  endfacet
  facet normal 5.983530e-01 8.012326e-01 -1.804834e-15
    outer loop
      vertex   5.861539e+00 2.389577e+01 0.000000e+00
      vertex   6.094009e+00 2.372216e+01 3.750000e+00
      vertex   6.094009e+00 2.372216e+01 0.000000e+00
    endloop
  endfacet
  facet normal 5.056502e-01 8.627386e-01 -1.874224e-15
    outer loop
      vertex   6.094009e+00 2.372216e+01 0.000000e+00
      vertex   6.094009e+00 2.372216e+01 3.750000e+00
      vertex   6.216032e+00 2.365065e+01 3.750000e+00
    endloop
  endfacet
  facet normal 5.056502e-01 8.627386e-01 1.514316e-15
    outer loop
      vertex   6.094009e+00 2.372216e+01 0.000000e+00
      vertex   6.216032e+00 2.365065e+01 3.750000e+00
      vertex   6.216032e+00 2.365065e+01 0.000000e+00
    endloop
  endfacet
  facet normal 3.825088e-01 9.239518e-01 1.660090e-15
    outer loop
      vertex   6.216032e+00 2.365065e+01 0.000000e+00
      vertex   6.216032e+00 2.365065e+01 3.750000e+00
      vertex   6.344930e+00 2.359728e+01 3.750000e+00
    endloop
  endfacet
  facet normal 3.825088e-01 9.239518e-01 -9.118730e-17
    outer loop
      vertex   6.216032e+00 2.365065e+01 0.000000e+00
      vertex   6.344930e+00 2.359728e+01 3.750000e+00
      vertex   6.344930e+00 2.359728e+01 0.000000e+00
    endloop
  endfacet
  facet normal 1.912837e-01 9.815348e-01 -4.530509e-17
    outer loop
      vertex   6.344930e+00 2.359728e+01 0.000000e+00
      vertex   6.344930e+00 2.359728e+01 3.750000e+00
      vertex   6.622646e+00 2.354316e+01 3.750000e+00
    endloop
  endfacet
  facet normal 1.912837e-01 9.815348e-01 -4.414355e-17
    outer loop
      vertex   6.344930e+00 2.359728e+01 0.000000e+00
      vertex   6.622646e+00 2.354316e+01 3.750000e+00
      vertex   6.622646e+00 2.354316e+01 0.000000e+00
    endloop
  endfacet
  facet normal 5.056502e-01 8.627386e-01 -0.000000e+00
    outer loop
      vertex   6.216032e+00 2.365065e+01 3.750000e+00
      vertex   6.094009e+00 2.372216e+01 3.750000e+00
      vertex   6.216032e+00 2.365065e+01 7.500000e+00
    endloop
  endfacet
  facet normal 5.056502e-01 8.627386e-01 0.000000e+00
    outer loop
      vertex   6.216032e+00 2.365065e+01 7.500000e+00
      vertex   6.094009e+00 2.372216e+01 3.750000e+00
      vertex   6.094009e+00 2.372216e+01 7.500000e+00
    endloop
  endfacet
  facet normal 5.056502e-01 8.627386e-01 -0.000000e+00
    outer loop
      vertex   6.216032e+00 2.365065e+01 7.500000e+00
      vertex   6.094009e+00 2.372216e+01 7.500000e+00
      vertex   6.216032e+00 2.365065e+01 1.125000e+01
    endloop
  endfacet
  facet normal 5.056502e-01 8.627386e-01 0.000000e+00
    outer loop
      vertex   6.216032e+00 2.365065e+01 1.125000e+01
      vertex   6.094009e+00 2.372216e+01 7.500000e+00
      vertex   6.094009e+00 2.372216e+01 1.125000e+01
    endloop
  endfacet
  facet normal 1.912837e-01 9.815348e-01 0.000000e+00
    outer loop
      vertex   6.622646e+00 2.354316e+01 7.500000e+00
      vertex   6.622646e+00 2.354316e+01 3.750000e+00
      vertex   6.344930e+00 2.359728e+01 3.750000e+00
    endloop
  endfacet
  facet normal 3.825088e-01 9.239518e-01 -0.000000e+00
    outer loop
      vertex   6.344930e+00 2.359728e+01 3.750000e+00
      vertex   6.216032e+00 2.365065e+01 3.750000e+00
      vertex   6.344930e+00 2.359728e+01 7.500000e+00
    endloop
  endfacet
  facet normal 3.825088e-01 9.239518e-01 0.000000e+00
    outer loop
      vertex   6.344930e+00 2.359728e+01 7.500000e+00
      vertex   6.216032e+00 2.365065e+01 3.750000e+00
      vertex   6.216032e+00 2.365065e+01 7.500000e+00
    endloop
  endfacet
  facet normal 3.825088e-01 9.239518e-01 -0.000000e+00
    outer loop
      vertex   6.344930e+00 2.359728e+01 7.500000e+00
      vertex   6.216032e+00 2.365065e+01 7.500000e+00
      vertex   6.344930e+00 2.359728e+01 1.125000e+01
    endloop
  endfacet
  facet normal 3.825088e-01 9.239518e-01 0.000000e+00
    outer loop
      vertex   6.344930e+00 2.359728e+01 1.125000e+01
      vertex   6.216032e+00 2.365065e+01 7.500000e+00
      vertex   6.216032e+00 2.365065e+01 1.125000e+01
    endloop
  endfacet
  facet normal 1.912837e-01 9.815348e-01 -0.000000e+00
    outer loop
      vertex   6.344930e+00 2.359728e+01 7.500000e+00
      vertex   6.344930e+00 2.359728e+01 1.125000e+01
      vertex   6.622646e+00 2.354316e+01 1.125000e+01
    endloop
  endfacet
  facet normal 1.912837e-01 9.815348e-01 0.000000e+00
    outer loop
      vertex   6.622646e+00 2.354316e+01 1.125000e+01
      vertex   6.622646e+00 2.354316e+01 7.500000e+00
      vertex   6.344930e+00 2.359728e+01 7.500000e+00
    endloop
  endfacet
  facet normal 1.912837e-01 9.815348e-01 0.000000e+00
    outer loop
      vertex   6.344930e+00 2.359728e+01 7.500000e+00
      vertex   6.622646e+00 2.354316e+01 7.500000e+00
      vertex   6.344930e+00 2.359728e+01 3.750000e+00
    endloop
  endfacet
  facet normal -1.094125e-01 9.939964e-01 0.000000e+00
    outer loop
      vertex   9.186924e+00 2.368000e+01 0.000000e+00
      vertex   8.620545e+00 2.361766e+01 0.000000e+00
      vertex   9.186924e+00 2.368000e+01 1.500000e+01
    endloop
  endfacet
  facet normal -1.094125e-01 9.939964e-01 0.000000e+00
    outer loop
      vertex   9.186924e+00 2.368000e+01 1.500000e+01
      vertex   8.620545e+00 2.361766e+01 0.000000e+00
      vertex   8.620545e+00 2.361766e+01 1.500000e+01
    endloop
  endfacet
  facet normal -8.677904e-02 9.962276e-01 0.000000e+00
    outer loop
      vertex   8.620545e+00 2.361766e+01 1.500000e+01
      vertex   8.620545e+00 2.361766e+01 0.000000e+00
      vertex   8.053312e+00 2.356825e+01 0.000000e+00
    endloop
  endfacet
  facet normal -8.677904e-02 9.962276e-01 0.000000e+00
    outer loop
      vertex   8.620545e+00 2.361766e+01 1.500000e+01
      vertex   8.053312e+00 2.356825e+01 0.000000e+00
      vertex   8.053312e+00 2.356825e+01 1.500000e+01
    endloop
  endfacet
  facet normal -4.774022e-02 9.988598e-01 0.000000e+00
    outer loop
      vertex   8.053312e+00 2.356825e+01 1.500000e+01
      vertex   8.053312e+00 2.356825e+01 0.000000e+00
      vertex   7.484612e+00 2.354107e+01 0.000000e+00
    endloop
  endfacet
  facet normal -4.774022e-02 9.988598e-01 0.000000e+00
    outer loop
      vertex   8.053312e+00 2.356825e+01 1.500000e+01
      vertex   7.484612e+00 2.354107e+01 0.000000e+00
      vertex   7.484612e+00 2.354107e+01 1.500000e+01
    endloop
  endfacet
  facet normal -2.346951e-02 9.997246e-01 0.000000e+00
    outer loop
      vertex   7.484612e+00 2.354107e+01 1.500000e+01
      vertex   7.484612e+00 2.354107e+01 0.000000e+00
      vertex   6.915001e+00 2.352769e+01 0.000000e+00
    endloop
  endfacet
  facet normal -2.346951e-02 9.997246e-01 0.000000e+00
    outer loop
      vertex   7.484612e+00 2.354107e+01 1.500000e+01
      vertex   6.915001e+00 2.352769e+01 0.000000e+00
      vertex   6.915001e+00 2.352769e+01 1.500000e+01
    endloop
  endfacet
  facet normal -1.445858e-02 9.998955e-01 0.000000e+00
    outer loop
      vertex   1.186500e+01 2.383231e+01 0.000000e+00
      vertex   1.119383e+01 2.382260e+01 0.000000e+00
      vertex   1.186500e+01 2.383231e+01 1.500000e+01
    endloop
  endfacet
  facet normal -1.445858e-02 9.998955e-01 0.000000e+00
    outer loop
      vertex   1.186500e+01 2.383231e+01 1.500000e+01
      vertex   1.119383e+01 2.382260e+01 0.000000e+00
      vertex   1.119383e+01 2.382260e+01 1.500000e+01
    endloop
  endfacet
  facet normal -3.678124e-02 9.993233e-01 0.000000e+00
    outer loop
      vertex   1.119383e+01 2.382260e+01 1.500000e+01
      vertex   1.119383e+01 2.382260e+01 0.000000e+00
      vertex   1.052352e+01 2.379793e+01 0.000000e+00
    endloop
  endfacet
  facet normal -3.678124e-02 9.993233e-01 0.000000e+00
    outer loop
      vertex   1.119383e+01 2.382260e+01 1.500000e+01
      vertex   1.052352e+01 2.379793e+01 0.000000e+00
      vertex   1.052352e+01 2.379793e+01 1.500000e+01
    endloop
  endfacet
  facet normal -7.563822e-02 9.971353e-01 0.000000e+00
    outer loop
      vertex   1.052352e+01 2.379793e+01 1.500000e+01
      vertex   1.052352e+01 2.379793e+01 0.000000e+00
      vertex   9.854743e+00 2.374720e+01 0.000000e+00
    endloop
  endfacet
  facet normal -7.563822e-02 9.971353e-01 0.000000e+00
    outer loop
      vertex   1.052352e+01 2.379793e+01 1.500000e+01
      vertex   9.854743e+00 2.374720e+01 0.000000e+00
      vertex   9.854743e+00 2.374720e+01 1.500000e+01
    endloop
  endfacet
  facet normal -1.001195e-01 9.949754e-01 0.000000e+00
    outer loop
      vertex   9.854743e+00 2.374720e+01 1.500000e+01
      vertex   9.854743e+00 2.374720e+01 0.000000e+00
      vertex   9.186924e+00 2.368000e+01 0.000000e+00
    endloop
  endfacet
  facet normal -1.001195e-01 9.949754e-01 0.000000e+00
    outer loop
      vertex   9.854743e+00 2.374720e+01 1.500000e+01
      vertex   9.186924e+00 2.368000e+01 0.000000e+00
      vertex   9.186924e+00 2.368000e+01 1.500000e+01
    endloop
  endfacet
  facet normal 1.894742e-01 9.818857e-01 -0.000000e+00
    outer loop
      vertex   1.501269e+01 2.350231e+01 0.000000e+00
      vertex   1.423324e+01 2.365272e+01 0.000000e+00
      vertex   1.501269e+01 2.350231e+01 1.500000e+01
    endloop
  endfacet
  facet normal 1.894742e-01 9.818857e-01 0.000000e+00
    outer loop
      vertex   1.501269e+01 2.350231e+01 1.500000e+01
      vertex   1.423324e+01 2.365272e+01 0.000000e+00
      vertex   1.423324e+01 2.365272e+01 1.500000e+01
    endloop
  endfacet
  facet normal 1.401835e-01 9.901255e-01 0.000000e+00
    outer loop
      vertex   1.423324e+01 2.365272e+01 1.500000e+01
      vertex   1.423324e+01 2.365272e+01 0.000000e+00
      vertex   1.344944e+01 2.376369e+01 0.000000e+00
    endloop
  endfacet
  facet normal 1.401835e-01 9.901255e-01 0.000000e+00
    outer loop
      vertex   1.423324e+01 2.365272e+01 1.500000e+01
      vertex   1.344944e+01 2.376369e+01 0.000000e+00
      vertex   1.344944e+01 2.376369e+01 1.500000e+01
    endloop
  endfacet
  facet normal 6.447130e-02 9.979196e-01 0.000000e+00
    outer loop
      vertex   1.344944e+01 2.376369e+01 1.500000e+01
      vertex   1.344944e+01 2.376369e+01 0.000000e+00
      vertex   1.265906e+01 2.381475e+01 0.000000e+00
    endloop
  endfacet
  facet normal 6.447130e-02 9.979196e-01 0.000000e+00
    outer loop
      vertex   1.344944e+01 2.376369e+01 1.500000e+01
      vertex   1.265906e+01 2.381475e+01 0.000000e+00
      vertex   1.265906e+01 2.381475e+01 1.500000e+01
    endloop
  endfacet
  facet normal 2.210205e-02 9.997557e-01 0.000000e+00
    outer loop
      vertex   1.265906e+01 2.381475e+01 1.500000e+01
      vertex   1.265906e+01 2.381475e+01 0.000000e+00
      vertex   1.186500e+01 2.383231e+01 0.000000e+00
    endloop
  endfacet
  facet normal 2.210205e-02 9.997557e-01 0.000000e+00
    outer loop
      vertex   1.265906e+01 2.381475e+01 1.500000e+01
      vertex   1.186500e+01 2.383231e+01 0.000000e+00
      vertex   1.186500e+01 2.383231e+01 1.500000e+01
    endloop
  endfacet
  facet normal 5.564757e-01 8.308639e-01 -0.000000e+00
    outer loop
      vertex   1.711962e+01 2.251231e+01 0.000000e+00
      vertex   1.663102e+01 2.283955e+01 0.000000e+00
      vertex   1.711962e+01 2.251231e+01 1.500000e+01
    endloop
  endfacet
  facet normal 5.564757e-01 8.308639e-01 0.000000e+00
    outer loop
      vertex   1.711962e+01 2.251231e+01 1.500000e+01
      vertex   1.663102e+01 2.283955e+01 0.000000e+00
      vertex   1.663102e+01 2.283955e+01 1.500000e+01
    endloop
  endfacet
  facet normal 4.830954e-01 8.755677e-01 0.000000e+00
    outer loop
      vertex   1.663102e+01 2.283955e+01 1.500000e+01
      vertex   1.663102e+01 2.283955e+01 0.000000e+00
      vertex   1.612061e+01 2.312117e+01 0.000000e+00
    endloop
  endfacet
  facet normal 4.830954e-01 8.755677e-01 0.000000e+00
    outer loop
      vertex   1.663102e+01 2.283955e+01 1.500000e+01
      vertex   1.612061e+01 2.312117e+01 0.000000e+00
      vertex   1.612061e+01 2.312117e+01 1.500000e+01
    endloop
  endfacet
  facet normal 3.609693e-01 9.325777e-01 0.000000e+00
    outer loop
      vertex   1.612061e+01 2.312117e+01 1.500000e+01
      vertex   1.612061e+01 2.312117e+01 0.000000e+00
      vertex   1.557627e+01 2.333186e+01 0.000000e+00
    endloop
  endfacet
  facet normal 3.609693e-01 9.325777e-01 0.000000e+00
    outer loop
      vertex   1.612061e+01 2.312117e+01 1.500000e+01
      vertex   1.557627e+01 2.333186e+01 0.000000e+00
      vertex   1.557627e+01 2.333186e+01 1.500000e+01
    endloop
  endfacet
  facet normal 2.894851e-01 9.571825e-01 0.000000e+00
    outer loop
      vertex   1.557627e+01 2.333186e+01 1.500000e+01
      vertex   1.557627e+01 2.333186e+01 0.000000e+00
      vertex   1.501269e+01 2.350231e+01 0.000000e+00
    endloop
  endfacet
  facet normal 2.894851e-01 9.571825e-01 0.000000e+00
    outer loop
      vertex   1.557627e+01 2.333186e+01 1.500000e+01
      vertex   1.501269e+01 2.350231e+01 0.000000e+00
      vertex   1.501269e+01 2.350231e+01 1.500000e+01
    endloop
  endfacet
  facet normal 8.959200e-01 4.442154e-01 -0.000000e+00
    outer loop
      vertex   1.831269e+01 2.090038e+01 0.000000e+00
      vertex   1.808648e+01 2.135662e+01 0.000000e+00
      vertex   1.831269e+01 2.090038e+01 1.500000e+01
    endloop
  endfacet
  facet normal 8.959200e-01 4.442154e-01 0.000000e+00
    outer loop
      vertex   1.831269e+01 2.090038e+01 1.500000e+01
      vertex   1.808648e+01 2.135662e+01 0.000000e+00
      vertex   1.808648e+01 2.135662e+01 1.500000e+01
    endloop
  endfacet
  facet normal 8.491125e-01 5.282120e-01 0.000000e+00
    outer loop
      vertex   1.808648e+01 2.135662e+01 1.500000e+01
      vertex   1.808648e+01 2.135662e+01 0.000000e+00
      vertex   1.782081e+01 2.178369e+01 0.000000e+00
    endloop
  endfacet
  facet normal 8.491125e-01 5.282120e-01 0.000000e+00
    outer loop
      vertex   1.808648e+01 2.135662e+01 1.500000e+01
      vertex   1.782081e+01 2.178369e+01 0.000000e+00
      vertex   1.782081e+01 2.178369e+01 1.500000e+01
    endloop
  endfacet
  facet normal 7.528828e-01 6.581546e-01 0.000000e+00
    outer loop
      vertex   1.782081e+01 2.178369e+01 1.500000e+01
      vertex   1.782081e+01 2.178369e+01 0.000000e+00
      vertex   1.748973e+01 2.216242e+01 0.000000e+00
    endloop
  endfacet
  facet normal 7.528828e-01 6.581546e-01 0.000000e+00
    outer loop
      vertex   1.782081e+01 2.178369e+01 1.500000e+01
      vertex   1.748973e+01 2.216242e+01 0.000000e+00
      vertex   1.748973e+01 2.216242e+01 1.500000e+01
    endloop
  endfacet
  facet normal 6.869654e-01 7.266901e-01 0.000000e+00
    outer loop
      vertex   1.748973e+01 2.216242e+01 1.500000e+01
      vertex   1.748973e+01 2.216242e+01 0.000000e+00
      vertex   1.711962e+01 2.251231e+01 0.000000e+00
    endloop
  endfacet
  facet normal 6.869654e-01 7.266901e-01 0.000000e+00
    outer loop
      vertex   1.748973e+01 2.216242e+01 1.500000e+01
      vertex   1.711962e+01 2.251231e+01 0.000000e+00
      vertex   1.711962e+01 2.251231e+01 1.500000e+01
    endloop
  endfacet
  facet normal 9.990128e-01 4.442227e-02 -0.000000e+00
    outer loop
      vertex   1.869346e+01 1.873000e+01 0.000000e+00
      vertex   1.866877e+01 1.928527e+01 0.000000e+00
      vertex   1.869346e+01 1.873000e+01 1.500000e+01
    endloop
  endfacet
  facet normal 9.990128e-01 4.442227e-02 0.000000e+00
    outer loop
      vertex   1.869346e+01 1.873000e+01 1.500000e+01
      vertex   1.866877e+01 1.928527e+01 0.000000e+00
      vertex   1.866877e+01 1.928527e+01 1.500000e+01
    endloop
  endfacet
  facet normal 9.936790e-01 1.122584e-01 0.000000e+00
    outer loop
      vertex   1.866877e+01 1.928527e+01 1.500000e+01
      vertex   1.866877e+01 1.928527e+01 0.000000e+00
      vertex   1.860680e+01 1.983384e+01 0.000000e+00
    endloop
  endfacet
  facet normal 9.936790e-01 1.122584e-01 0.000000e+00
    outer loop
      vertex   1.866877e+01 1.928527e+01 1.500000e+01
      vertex   1.860680e+01 1.983384e+01 0.000000e+00
      vertex   1.860680e+01 1.983384e+01 1.500000e+01
    endloop
  endfacet
  facet normal 9.732742e-01 2.296459e-01 0.000000e+00
    outer loop
      vertex   1.860680e+01 1.983384e+01 1.500000e+01
      vertex   1.860680e+01 1.983384e+01 0.000000e+00
      vertex   1.848011e+01 2.037077e+01 0.000000e+00
    endloop
  endfacet
  facet normal 9.732742e-01 2.296459e-01 0.000000e+00
    outer loop
      vertex   1.860680e+01 1.983384e+01 1.500000e+01
      vertex   1.848011e+01 2.037077e+01 0.000000e+00
      vertex   1.848011e+01 2.037077e+01 1.500000e+01
    endloop
  endfacet
  facet normal 9.534949e-01 3.014092e-01 0.000000e+00
    outer loop
      vertex   1.848011e+01 2.037077e+01 1.500000e+01
      vertex   1.848011e+01 2.037077e+01 0.000000e+00
      vertex   1.831269e+01 2.090038e+01 0.000000e+00
    endloop
  endfacet
  facet normal 9.534949e-01 3.014092e-01 0.000000e+00
    outer loop
      vertex   1.848011e+01 2.037077e+01 1.500000e+01
      vertex   1.831269e+01 2.090038e+01 0.000000e+00
      vertex   1.831269e+01 2.090038e+01 1.500000e+01
    endloop
  endfacet
endsolid
