solid ASCII
  facet normal 4.787970e-01 -8.779256e-01 3.402057e-16
    outer loop
      vertex   1.196755e+01 4.100053e+01 -5.787292e-16
      vertex   1.208836e+01 4.106642e+01 6.541338e-16
      vertex   1.196755e+01 4.100053e+01 7.500000e+00
    endloop
  endfacet
  facet normal 5.448226e-01 -8.385501e-01 1.409486e-03
    outer loop
      vertex   1.196755e+01 4.100053e+01 7.500000e+00
      vertex   1.208836e+01 4.106642e+01 6.541338e-16
      vertex   1.217341e+01 4.112799e+01 3.750000e+00
    endloop
  endfacet
  facet normal 5.263876e-01 -8.502447e-01 0.000000e+00
    outer loop
      vertex   1.196755e+01 4.100053e+01 7.500000e+00
      vertex   1.217341e+01 4.112799e+01 3.750000e+00
      vertex   1.217341e+01 4.112799e+01 7.500000e+00
    endloop
  endfacet
  facet normal 7.146740e-01 -6.994577e-01 0.000000e+00
    outer loop
      vertex   1.217341e+01 4.112799e+01 7.500000e+00
      vertex   1.217341e+01 4.112799e+01 3.750000e+00
      vertex   1.234495e+01 4.130325e+01 3.750000e+00
    endloop
  endfacet
  facet normal 7.146740e-01 -6.994577e-01 0.000000e+00
    outer loop
      vertex   1.217341e+01 4.112799e+01 7.500000e+00
      vertex   1.234495e+01 4.130325e+01 3.750000e+00
      vertex   1.234495e+01 4.130325e+01 7.500000e+00
    endloop
  endfacet
  facet normal 8.621640e-01 -5.066293e-01 0.000000e+00
    outer loop
      vertex   1.234495e+01 4.130325e+01 7.500000e+00
      vertex   1.234495e+01 4.130325e+01 3.750000e+00
      vertex   1.246897e+01 4.151431e+01 3.750000e+00
    endloop
  endfacet
  facet normal 8.621640e-01 -5.066293e-01 0.000000e+00
    outer loop
      vertex   1.234495e+01 4.130325e+01 7.500000e+00
      vertex   1.246897e+01 4.151431e+01 3.750000e+00
      vertex   1.246897e+01 4.151431e+01 7.500000e+00
    endloop
  endfacet
  facet normal 9.495622e-01 -3.135786e-01 0.000000e+00
    outer loop
      vertex   1.246897e+01 4.151431e+01 7.500000e+00
      vertex   1.246897e+01 4.151431e+01 3.750000e+00
      vertex   1.252171e+01 4.167403e+01 3.750000e+00
    endloop
  endfacet
  facet normal 9.495622e-01 -3.135786e-01 0.000000e+00
    outer loop
      vertex   1.246897e+01 4.151431e+01 7.500000e+00
      vertex   1.252171e+01 4.167403e+01 3.750000e+00
      vertex   1.252171e+01 4.167403e+01 7.500000e+00
    endloop
  endfacet
  facet normal 9.886894e-01 -1.499778e-01 0.000000e+00
    outer loop
      vertex   1.252171e+01 4.167403e+01 7.500000e+00
      vertex   1.252171e+01 4.167403e+01 3.750000e+00
      vertex   1.254698e+01 4.184061e+01 3.750000e+00
    endloop
  endfacet
  facet normal 9.886894e-01 -1.499778e-01 0.000000e+00
    outer loop
      vertex   1.252171e+01 4.167403e+01 7.500000e+00
      vertex   1.254698e+01 4.184061e+01 3.750000e+00
      vertex   1.254698e+01 4.184061e+01 7.500000e+00
    endloop
  endfacet
  facet normal 9.999996e-01 9.042199e-04 0.000000e+00
    outer loop
      vertex   1.254698e+01 4.184061e+01 7.500000e+00
      vertex   1.254698e+01 4.184061e+01 3.750000e+00
      vertex   1.254685e+01 4.198200e+01 3.750000e+00
    endloop
  endfacet
  facet normal 9.999996e-01 9.042199e-04 0.000000e+00
    outer loop
      vertex   1.254698e+01 4.184061e+01 7.500000e+00
      vertex   1.254685e+01 4.198200e+01 3.750000e+00
      vertex   1.254685e+01 4.198200e+01 7.500000e+00
    endloop
  endfacet
  facet normal 9.902332e-01 1.394209e-01 0.000000e+00
    outer loop
      vertex   1.254685e+01 4.198200e+01 7.500000e+00
      vertex   1.254685e+01 4.198200e+01 3.750000e+00
      vertex   1.252716e+01 4.212185e+01 3.750000e+00
    endloop
  endfacet
  facet normal 9.902332e-01 1.394209e-01 0.000000e+00
    outer loop
      vertex   1.254685e+01 4.198200e+01 7.500000e+00
      vertex   1.252716e+01 4.212185e+01 3.750000e+00
      vertex   1.252716e+01 4.212185e+01 7.500000e+00
    endloop
  endfacet
  facet normal 9.602575e-01 2.791155e-01 0.000000e+00
    outer loop
      vertex   1.252716e+01 4.212185e+01 7.500000e+00
      vertex   1.252716e+01 4.212185e+01 3.750000e+00
      vertex   1.248780e+01 4.225728e+01 3.750000e+00
    endloop
  endfacet
  facet normal 9.602575e-01 2.791155e-01 0.000000e+00
    outer loop
      vertex   1.252716e+01 4.212185e+01 7.500000e+00
      vertex   1.248780e+01 4.225728e+01 3.750000e+00
      vertex   1.248780e+01 4.225728e+01 7.500000e+00
    endloop
  endfacet
  facet normal 9.095808e-01 4.155270e-01 0.000000e+00
    outer loop
      vertex   1.248780e+01 4.225728e+01 7.500000e+00
      vertex   1.248780e+01 4.225728e+01 3.750000e+00
      vertex   1.242919e+01 4.238558e+01 3.750000e+00
    endloop
  endfacet
  facet normal 9.095808e-01 4.155270e-01 0.000000e+00
    outer loop
      vertex   1.248780e+01 4.225728e+01 7.500000e+00
      vertex   1.242919e+01 4.238558e+01 3.750000e+00
      vertex   1.242919e+01 4.238558e+01 7.500000e+00
    endloop
  endfacet
  facet normal 8.419344e-01 5.395799e-01 0.000000e+00
    outer loop
      vertex   1.242919e+01 4.238558e+01 7.500000e+00
      vertex   1.242919e+01 4.238558e+01 3.750000e+00
      vertex   1.235298e+01 4.250449e+01 3.750000e+00
    endloop
  endfacet
  facet normal 8.419344e-01 5.395799e-01 0.000000e+00
    outer loop
      vertex   1.242919e+01 4.238558e+01 7.500000e+00
      vertex   1.235298e+01 4.250449e+01 3.750000e+00
      vertex   1.235298e+01 4.250449e+01 7.500000e+00
    endloop
  endfacet
  facet normal 7.592841e-01 6.507593e-01 0.000000e+00
    outer loop
      vertex   1.235298e+01 4.250449e+01 7.500000e+00
      vertex   1.235298e+01 4.250449e+01 3.750000e+00
      vertex   1.226100e+01 4.261181e+01 3.750000e+00
    endloop
  endfacet
  facet normal 7.592841e-01 6.507593e-01 0.000000e+00
    outer loop
      vertex   1.235298e+01 4.250449e+01 7.500000e+00
      vertex   1.226100e+01 4.261181e+01 3.750000e+00
      vertex   1.226100e+01 4.261181e+01 7.500000e+00
    endloop
  endfacet
  facet normal 6.618650e-01 7.496230e-01 0.000000e+00
    outer loop
      vertex   1.226100e+01 4.261181e+01 7.500000e+00
      vertex   1.226100e+01 4.261181e+01 3.750000e+00
      vertex   1.215506e+01 4.270535e+01 3.750000e+00
    endloop
  endfacet
  facet normal 6.618650e-01 7.496230e-01 0.000000e+00
    outer loop
      vertex   1.226100e+01 4.261181e+01 7.500000e+00
      vertex   1.215506e+01 4.270535e+01 3.750000e+00
      vertex   1.215506e+01 4.270535e+01 7.500000e+00
    endloop
  endfacet
  facet normal 5.489783e-01 8.358366e-01 0.000000e+00
    outer loop
      vertex   1.215506e+01 4.270535e+01 7.500000e+00
      vertex   1.215506e+01 4.270535e+01 3.750000e+00
      vertex   1.203699e+01 4.278290e+01 7.500000e+00
    endloop
  endfacet
  facet normal 5.489783e-01 8.358366e-01 -0.000000e+00
    outer loop
      vertex   1.215506e+01 4.270535e+01 7.500000e+00
      vertex   1.203699e+01 4.278290e+01 7.500000e+00
      vertex   1.215506e+01 4.270535e+01 1.125000e+01
    endloop
  endfacet
  facet normal 5.521299e-01 8.337581e-01 -1.422146e-04
    outer loop
      vertex   1.215506e+01 4.270535e+01 1.125000e+01
      vertex   1.203699e+01 4.278290e+01 7.500000e+00
      vertex   1.215231e+01 4.270781e+01 1.500000e+01
    endloop
  endfacet
  facet normal 6.554289e-01 7.552568e-01 -1.493268e-05
    outer loop
      vertex   1.215506e+01 4.270535e+01 1.125000e+01
      vertex   1.215231e+01 4.270781e+01 1.500000e+01
      vertex   1.225604e+01 4.261779e+01 1.500000e+01
    endloop
  endfacet
  facet normal 5.946808e-01 -8.039619e-01 -2.891152e-04
    outer loop
      vertex   1.208836e+01 4.106642e+01 6.541338e-16
      vertex   1.219878e+01 4.114810e+01 5.838892e-16
      vertex   1.217341e+01 4.112799e+01 3.750000e+00
    endloop
  endfacet
  facet normal 6.993563e-01 -7.147726e-01 8.974952e-04
    outer loop
      vertex   1.217341e+01 4.112799e+01 3.750000e+00
      vertex   1.219878e+01 4.114810e+01 5.838892e-16
      vertex   1.229720e+01 4.124440e+01 5.551115e-16
    endloop
  endfacet
  facet normal 7.146727e-01 -6.994565e-01 1.878577e-03
    outer loop
      vertex   1.217341e+01 4.112799e+01 3.750000e+00
      vertex   1.229720e+01 4.124440e+01 5.551115e-16
      vertex   1.234495e+01 4.130325e+01 3.750000e+00
    endloop
  endfacet
  facet normal 7.908634e-01 -6.119926e-01 -4.641068e-04
    outer loop
      vertex   1.234495e+01 4.130325e+01 3.750000e+00
      vertex   1.229720e+01 4.124440e+01 5.551115e-16
      vertex   1.238136e+01 4.135316e+01 5.551115e-16
    endloop
  endfacet
  facet normal 8.621628e-01 -5.066286e-01 1.630578e-03
    outer loop
      vertex   1.234495e+01 4.130325e+01 3.750000e+00
      vertex   1.238136e+01 4.135316e+01 5.551115e-16
      vertex   1.246897e+01 4.151431e+01 3.750000e+00
    endloop
  endfacet
  facet normal 8.673058e-01 -4.977744e-01 1.129935e-03
    outer loop
      vertex   1.246897e+01 4.151431e+01 3.750000e+00
      vertex   1.238136e+01 4.135316e+01 5.551115e-16
      vertex   1.244974e+01 4.147230e+01 5.551115e-16
    endloop
  endfacet
  facet normal 9.274104e-01 -3.740450e-01 -5.644150e-04
    outer loop
      vertex   1.246897e+01 4.151431e+01 3.750000e+00
      vertex   1.244974e+01 4.147230e+01 5.551115e-16
      vertex   1.250126e+01 4.160004e+01 5.551115e-16
    endloop
  endfacet
  facet normal 9.495618e-01 -3.135785e-01 1.008758e-03
    outer loop
      vertex   1.246897e+01 4.151431e+01 3.750000e+00
      vertex   1.250126e+01 4.160004e+01 5.551115e-16
      vertex   1.252171e+01 4.167403e+01 3.750000e+00
    endloop
  endfacet
  facet normal 9.699775e-01 -2.431942e-01 -4.912210e-04
    outer loop
      vertex   1.252171e+01 4.167403e+01 3.750000e+00
      vertex   1.250126e+01 4.160004e+01 5.551115e-16
      vertex   1.253469e+01 4.173336e+01 5.551115e-16
    endloop
  endfacet
  facet normal 9.886888e-01 -1.499777e-01 1.048497e-03
    outer loop
      vertex   1.252171e+01 4.167403e+01 3.750000e+00
      vertex   1.253469e+01 4.173336e+01 5.551115e-16
      vertex   1.254698e+01 4.184061e+01 3.750000e+00
    endloop
  endfacet
  facet normal 9.941597e-01 -1.079187e-01 -1.723180e-04
    outer loop
      vertex   1.254698e+01 4.184061e+01 3.750000e+00
      vertex   1.253469e+01 4.173336e+01 5.551115e-16
      vertex   1.254952e+01 4.186996e+01 5.551115e-16
    endloop
  endfacet
  facet normal 9.999994e-01 9.042197e-04 6.833458e-04
    outer loop
      vertex   1.254698e+01 4.184061e+01 3.750000e+00
      vertex   1.254952e+01 4.186996e+01 5.551115e-16
      vertex   1.254685e+01 4.198200e+01 3.750000e+00
    endloop
  endfacet
  facet normal 9.995630e-01 2.955840e-02 -1.730214e-04
    outer loop
      vertex   1.254685e+01 4.198200e+01 3.750000e+00
      vertex   1.254952e+01 4.186996e+01 5.551115e-16
      vertex   1.254545e+01 4.200766e+01 5.551115e-16
    endloop
  endfacet
  facet normal 9.902330e-01 1.394208e-01 5.824189e-04
    outer loop
      vertex   1.254685e+01 4.198200e+01 3.750000e+00
      vertex   1.254545e+01 4.200766e+01 5.551115e-16
      vertex   1.252716e+01 4.212185e+01 3.750000e+00
    endloop
  endfacet
  facet normal 9.860460e-01 1.664726e-01 -2.617263e-04
    outer loop
      vertex   1.252716e+01 4.212185e+01 3.750000e+00
      vertex   1.254545e+01 4.200766e+01 5.551115e-16
      vertex   1.252257e+01 4.214314e+01 5.551115e-16
    endloop
  endfacet
  facet normal 9.602575e-01 2.791155e-01 4.093426e-04
    outer loop
      vertex   1.252716e+01 4.212185e+01 3.750000e+00
      vertex   1.252257e+01 4.214314e+01 5.551115e-16
      vertex   1.248780e+01 4.225728e+01 3.750000e+00
    endloop
  endfacet
  facet normal 9.539127e-01 3.000842e-01 -2.877213e-04
    outer loop
      vertex   1.248780e+01 4.225728e+01 3.750000e+00
      vertex   1.252257e+01 4.214314e+01 5.551115e-16
      vertex   1.248133e+01 4.227426e+01 5.551115e-16
    endloop
  endfacet
  facet normal 9.095808e-01 4.155270e-01 3.116514e-04
    outer loop
      vertex   1.248780e+01 4.225728e+01 3.750000e+00
      vertex   1.248133e+01 4.227426e+01 5.551115e-16
      vertex   1.242919e+01 4.238558e+01 3.750000e+00
    endloop
  endfacet
  facet normal 9.036796e-01 4.282093e-01 -1.468620e-04
    outer loop
      vertex   1.242919e+01 4.238558e+01 3.750000e+00
      vertex   1.248133e+01 4.227426e+01 5.551115e-16
      vertex   1.242233e+01 4.239877e+01 5.551115e-16
    endloop
  endfacet
  facet normal 8.419344e-01 5.395798e-01 3.578125e-04
    outer loop
      vertex   1.242919e+01 4.238558e+01 3.750000e+00
      vertex   1.242233e+01 4.239877e+01 5.551115e-16
      vertex   1.235298e+01 4.250449e+01 3.750000e+00
    endloop
  endfacet
  facet normal 8.363092e-01 5.482581e-01 9.129753e-06
    outer loop
      vertex   1.235298e+01 4.250449e+01 3.750000e+00
      vertex   1.242233e+01 4.239877e+01 5.551115e-16
      vertex   1.234692e+01 4.251380e+01 5.551115e-16
    endloop
  endfacet
  facet normal 7.592840e-01 6.507593e-01 3.881317e-04
    outer loop
      vertex   1.235298e+01 4.250449e+01 3.750000e+00
      vertex   1.234692e+01 4.251380e+01 5.551115e-16
      vertex   1.226100e+01 4.261181e+01 3.750000e+00
    endloop
  endfacet
  facet normal 7.530865e-01 6.579215e-01 5.893935e-05
    outer loop
      vertex   1.226100e+01 4.261181e+01 3.750000e+00
      vertex   1.234692e+01 4.251380e+01 5.551115e-16
      vertex   1.225626e+01 4.261757e+01 7.029953e-16
    endloop
  endfacet
  facet normal 6.618650e-01 7.496230e-01 3.148106e-04
    outer loop
      vertex   1.226100e+01 4.261181e+01 3.750000e+00
      vertex   1.225626e+01 4.261757e+01 7.029953e-16
      vertex   1.215506e+01 4.270535e+01 3.750000e+00
    endloop
  endfacet
  facet normal 6.555769e-01 7.551284e-01 1.623872e-05
    outer loop
      vertex   1.215506e+01 4.270535e+01 3.750000e+00
      vertex   1.225626e+01 4.261757e+01 7.029953e-16
      vertex   1.215237e+01 4.270776e+01 2.117552e-15
    endloop
  endfacet
  facet normal 5.456828e-01 8.379918e-01 1.483282e-04
    outer loop
      vertex   1.215506e+01 4.270535e+01 3.750000e+00
      vertex   1.215237e+01 4.270776e+01 2.117552e-15
      vertex   1.203699e+01 4.278290e+01 3.307828e-16
    endloop
  endfacet
  facet normal 5.489783e-01 8.358366e-01 5.200967e-16
    outer loop
      vertex   1.203699e+01 4.278290e+01 3.307828e-16
      vertex   1.203699e+01 4.278290e+01 7.500000e+00
      vertex   1.215506e+01 4.270535e+01 3.750000e+00
    endloop
  endfacet
  facet normal 5.456510e-01 8.380125e-01 -6.461806e-16
    outer loop
      vertex   1.203699e+01 4.278290e+01 7.500000e+00
      vertex   1.203699e+01 4.278290e+01 1.500000e+01
      vertex   1.215231e+01 4.270781e+01 1.500000e+01
    endloop
  endfacet
  facet normal 6.618650e-01 7.496230e-01 -3.197908e-04
    outer loop
      vertex   1.215506e+01 4.270535e+01 1.125000e+01
      vertex   1.225604e+01 4.261779e+01 1.500000e+01
      vertex   1.226100e+01 4.261181e+01 1.125000e+01
    endloop
  endfacet
  facet normal 7.528483e-01 6.581941e-01 -5.385594e-05
    outer loop
      vertex   1.226100e+01 4.261181e+01 1.125000e+01
      vertex   1.225604e+01 4.261779e+01 1.500000e+01
      vertex   1.234667e+01 4.251412e+01 1.500000e+01
    endloop
  endfacet
  facet normal 7.592840e-01 6.507593e-01 -3.945698e-04
    outer loop
      vertex   1.226100e+01 4.261181e+01 1.125000e+01
      vertex   1.234667e+01 4.251412e+01 1.500000e+01
      vertex   1.235298e+01 4.250449e+01 1.125000e+01
    endloop
  endfacet
  facet normal 8.360811e-01 5.486059e-01 -2.949975e-06
    outer loop
      vertex   1.235298e+01 4.250449e+01 1.125000e+01
      vertex   1.234667e+01 4.251412e+01 1.500000e+01
      vertex   1.242212e+01 4.239915e+01 1.500000e+01
    endloop
  endfacet
  facet normal 8.419344e-01 5.395798e-01 -3.644231e-04
    outer loop
      vertex   1.235298e+01 4.250449e+01 1.125000e+01
      vertex   1.242212e+01 4.239915e+01 1.500000e+01
      vertex   1.242919e+01 4.238558e+01 1.125000e+01
    endloop
  endfacet
  facet normal 9.034058e-01 4.287866e-01 1.522835e-04
    outer loop
      vertex   1.242919e+01 4.238558e+01 1.125000e+01
      vertex   1.242212e+01 4.239915e+01 1.500000e+01
      vertex   1.248102e+01 4.227505e+01 1.500000e+01
    endloop
  endfacet
  facet normal 9.095808e-01 4.155270e-01 -3.238867e-04
    outer loop
      vertex   1.242919e+01 4.238558e+01 1.125000e+01
      vertex   1.248102e+01 4.227505e+01 1.500000e+01
      vertex   1.248780e+01 4.225728e+01 1.125000e+01
    endloop
  endfacet
  facet normal 9.537012e-01 3.007557e-01 2.997577e-04
    outer loop
      vertex   1.248780e+01 4.225728e+01 1.125000e+01
      vertex   1.248102e+01 4.227505e+01 1.500000e+01
      vertex   1.252244e+01 4.214368e+01 1.500000e+01
    endloop
  endfacet
  facet normal 9.602575e-01 2.791155e-01 -4.163573e-04
    outer loop
      vertex   1.248780e+01 4.225728e+01 1.125000e+01
      vertex   1.252244e+01 4.214368e+01 1.500000e+01
      vertex   1.252716e+01 4.212185e+01 1.125000e+01
    endloop
  endfacet
  facet normal 9.859586e-01 1.669897e-01 2.687364e-04
    outer loop
      vertex   1.252716e+01 4.212185e+01 1.125000e+01
      vertex   1.252244e+01 4.214368e+01 1.500000e+01
      vertex   1.254540e+01 4.200816e+01 1.500000e+01
    endloop
  endfacet
  facet normal 9.902330e-01 1.394208e-01 -5.878453e-04
    outer loop
      vertex   1.252716e+01 4.212185e+01 1.125000e+01
      vertex   1.254540e+01 4.200816e+01 1.500000e+01
      vertex   1.254685e+01 4.198200e+01 1.125000e+01
    endloop
  endfacet
  facet normal 9.995426e-01 3.024285e-02 1.776003e-04
    outer loop
      vertex   1.254685e+01 4.198200e+01 1.125000e+01
      vertex   1.254540e+01 4.200816e+01 1.500000e+01
      vertex   1.254955e+01 4.187082e+01 1.500000e+01
    endloop
  endfacet
  facet normal 9.999994e-01 9.042197e-04 -6.924981e-04
    outer loop
      vertex   1.254685e+01 4.198200e+01 1.125000e+01
      vertex   1.254955e+01 4.187082e+01 1.500000e+01
      vertex   1.254698e+01 4.184061e+01 1.125000e+01
    endloop
  endfacet
  facet normal 9.942334e-01 -1.072379e-01 1.826669e-04
    outer loop
      vertex   1.254698e+01 4.184061e+01 1.125000e+01
      vertex   1.254955e+01 4.187082e+01 1.500000e+01
      vertex   1.253478e+01 4.173386e+01 1.500000e+01
    endloop
  endfacet
  facet normal 9.886888e-01 -1.499777e-01 -1.052085e-03
    outer loop
      vertex   1.254698e+01 4.184061e+01 1.125000e+01
      vertex   1.253478e+01 4.173386e+01 1.500000e+01
      vertex   1.252171e+01 4.167403e+01 1.125000e+01
    endloop
  endfacet
  facet normal 9.701049e-01 -2.426854e-01 4.918229e-04
    outer loop
      vertex   1.252171e+01 4.167403e+01 1.125000e+01
      vertex   1.253478e+01 4.173386e+01 1.500000e+01
      vertex   1.250144e+01 4.160057e+01 1.500000e+01
    endloop
  endfacet
  facet normal 9.495618e-01 -3.135785e-01 -1.007942e-03
    outer loop
      vertex   1.252171e+01 4.167403e+01 1.125000e+01
      vertex   1.250144e+01 4.160057e+01 1.500000e+01
      vertex   1.246897e+01 4.151431e+01 1.125000e+01
    endloop
  endfacet
  facet normal 9.276735e-01 -3.733919e-01 5.574791e-04
    outer loop
      vertex   1.246897e+01 4.151431e+01 1.125000e+01
      vertex   1.250144e+01 4.160057e+01 1.500000e+01
      vertex   1.245011e+01 4.147306e+01 1.500000e+01
    endloop
  endfacet
  facet normal 8.676237e-01 -4.972201e-01 -1.106718e-03
    outer loop
      vertex   1.246897e+01 4.151431e+01 1.125000e+01
      vertex   1.245011e+01 4.147306e+01 1.500000e+01
      vertex   1.238160e+01 4.135352e+01 1.500000e+01
    endloop
  endfacet
  facet normal 8.621628e-01 -5.066286e-01 -1.637356e-03
    outer loop
      vertex   1.246897e+01 4.151431e+01 1.125000e+01
      vertex   1.238160e+01 4.135352e+01 1.500000e+01
      vertex   1.234495e+01 4.130325e+01 1.125000e+01
    endloop
  endfacet
  facet normal 7.911179e-01 -6.116636e-01 4.650534e-04
    outer loop
      vertex   1.234495e+01 4.130325e+01 1.125000e+01
      vertex   1.238160e+01 4.135352e+01 1.500000e+01
      vertex   1.229747e+01 4.124470e+01 1.500000e+01
    endloop
  endfacet
  facet normal 7.146727e-01 -6.994565e-01 -1.873418e-03
    outer loop
      vertex   1.234495e+01 4.130325e+01 1.125000e+01
      vertex   1.229747e+01 4.124470e+01 1.500000e+01
      vertex   1.217341e+01 4.112799e+01 1.125000e+01
    endloop
  endfacet
  facet normal 6.996151e-01 -7.145193e-01 -9.064372e-04
    outer loop
      vertex   1.217341e+01 4.112799e+01 1.125000e+01
      vertex   1.229747e+01 4.124470e+01 1.500000e+01
      vertex   1.219902e+01 4.114830e+01 1.500000e+01
    endloop
  endfacet
  facet normal 5.948383e-01 -8.038453e-01 2.931018e-04
    outer loop
      vertex   1.217341e+01 4.112799e+01 1.125000e+01
      vertex   1.219902e+01 4.114830e+01 1.500000e+01
      vertex   1.208843e+01 4.106647e+01 1.500000e+01
    endloop
  endfacet
  facet normal 4.788304e-01 -8.779075e-01 -3.402294e-16
    outer loop
      vertex   1.196755e+01 4.100053e+01 1.500000e+01
      vertex   1.196755e+01 4.100053e+01 7.500000e+00
      vertex   1.208843e+01 4.106647e+01 1.500000e+01
    endloop
  endfacet
  facet normal 5.448246e-01 -8.385488e-01 -1.409640e-03
    outer loop
      vertex   1.208843e+01 4.106647e+01 1.500000e+01
      vertex   1.196755e+01 4.100053e+01 7.500000e+00
      vertex   1.217341e+01 4.112799e+01 1.125000e+01
    endloop
  endfacet
  facet normal 5.263876e-01 -8.502447e-01 0.000000e+00
    outer loop
      vertex   1.196755e+01 4.100053e+01 7.500000e+00
      vertex   1.217341e+01 4.112799e+01 7.500000e+00
      vertex   1.217341e+01 4.112799e+01 1.125000e+01
    endloop
  endfacet
  facet normal 7.146740e-01 -6.994577e-01 0.000000e+00
    outer loop
      vertex   1.217341e+01 4.112799e+01 1.125000e+01
      vertex   1.217341e+01 4.112799e+01 7.500000e+00
      vertex   1.234495e+01 4.130325e+01 7.500000e+00
    endloop
  endfacet
  facet normal 7.146740e-01 -6.994577e-01 0.000000e+00
    outer loop
      vertex   1.217341e+01 4.112799e+01 1.125000e+01
      vertex   1.234495e+01 4.130325e+01 7.500000e+00
      vertex   1.234495e+01 4.130325e+01 1.125000e+01
    endloop
  endfacet
  facet normal 8.621640e-01 -5.066293e-01 0.000000e+00
    outer loop
      vertex   1.234495e+01 4.130325e+01 1.125000e+01
      vertex   1.234495e+01 4.130325e+01 7.500000e+00
      vertex   1.246897e+01 4.151431e+01 7.500000e+00
    endloop
  endfacet
  facet normal 8.621640e-01 -5.066293e-01 0.000000e+00
    outer loop
      vertex   1.234495e+01 4.130325e+01 1.125000e+01
      vertex   1.246897e+01 4.151431e+01 7.500000e+00
      vertex   1.246897e+01 4.151431e+01 1.125000e+01
    endloop
  endfacet
  facet normal 9.495622e-01 -3.135786e-01 0.000000e+00
    outer loop
      vertex   1.246897e+01 4.151431e+01 1.125000e+01
      vertex   1.246897e+01 4.151431e+01 7.500000e+00
      vertex   1.252171e+01 4.167403e+01 7.500000e+00
    endloop
  endfacet
  facet normal 9.495622e-01 -3.135786e-01 0.000000e+00
    outer loop
      vertex   1.246897e+01 4.151431e+01 1.125000e+01
      vertex   1.252171e+01 4.167403e+01 7.500000e+00
      vertex   1.252171e+01 4.167403e+01 1.125000e+01
    endloop
  endfacet
  facet normal 9.886894e-01 -1.499778e-01 0.000000e+00
    outer loop
      vertex   1.252171e+01 4.167403e+01 1.125000e+01
      vertex   1.252171e+01 4.167403e+01 7.500000e+00
      vertex   1.254698e+01 4.184061e+01 7.500000e+00
    endloop
  endfacet
  facet normal 9.886894e-01 -1.499778e-01 0.000000e+00
    outer loop
      vertex   1.252171e+01 4.167403e+01 1.125000e+01
      vertex   1.254698e+01 4.184061e+01 7.500000e+00
      vertex   1.254698e+01 4.184061e+01 1.125000e+01
    endloop
  endfacet
  facet normal 9.999996e-01 9.042199e-04 0.000000e+00
    outer loop
      vertex   1.254698e+01 4.184061e+01 1.125000e+01
      vertex   1.254698e+01 4.184061e+01 7.500000e+00
      vertex   1.254685e+01 4.198200e+01 7.500000e+00
    endloop
  endfacet
  facet normal 9.999996e-01 9.042199e-04 0.000000e+00
    outer loop
      vertex   1.254698e+01 4.184061e+01 1.125000e+01
      vertex   1.254685e+01 4.198200e+01 7.500000e+00
      vertex   1.254685e+01 4.198200e+01 1.125000e+01
    endloop
  endfacet
  facet normal 9.902332e-01 1.394209e-01 0.000000e+00
    outer loop
      vertex   1.254685e+01 4.198200e+01 1.125000e+01
      vertex   1.254685e+01 4.198200e+01 7.500000e+00
      vertex   1.252716e+01 4.212185e+01 7.500000e+00
    endloop
  endfacet
  facet normal 9.902332e-01 1.394209e-01 0.000000e+00
    outer loop
      vertex   1.254685e+01 4.198200e+01 1.125000e+01
      vertex   1.252716e+01 4.212185e+01 7.500000e+00
      vertex   1.252716e+01 4.212185e+01 1.125000e+01
    endloop
  endfacet
  facet normal 9.602575e-01 2.791155e-01 0.000000e+00
    outer loop
      vertex   1.252716e+01 4.212185e+01 1.125000e+01
      vertex   1.252716e+01 4.212185e+01 7.500000e+00
      vertex   1.248780e+01 4.225728e+01 7.500000e+00
    endloop
  endfacet
  facet normal 9.602575e-01 2.791155e-01 0.000000e+00
    outer loop
      vertex   1.252716e+01 4.212185e+01 1.125000e+01
      vertex   1.248780e+01 4.225728e+01 7.500000e+00
      vertex   1.248780e+01 4.225728e+01 1.125000e+01
    endloop
  endfacet
  facet normal 9.095808e-01 4.155270e-01 0.000000e+00
    outer loop
      vertex   1.248780e+01 4.225728e+01 1.125000e+01
      vertex   1.248780e+01 4.225728e+01 7.500000e+00
      vertex   1.242919e+01 4.238558e+01 7.500000e+00
    endloop
  endfacet
  facet normal 9.095808e-01 4.155270e-01 0.000000e+00
    outer loop
      vertex   1.248780e+01 4.225728e+01 1.125000e+01
      vertex   1.242919e+01 4.238558e+01 7.500000e+00
      vertex   1.242919e+01 4.238558e+01 1.125000e+01
    endloop
  endfacet
  facet normal 8.419344e-01 5.395799e-01 0.000000e+00
    outer loop
      vertex   1.242919e+01 4.238558e+01 1.125000e+01
      vertex   1.242919e+01 4.238558e+01 7.500000e+00
      vertex   1.235298e+01 4.250449e+01 7.500000e+00
    endloop
  endfacet
  facet normal 8.419344e-01 5.395799e-01 0.000000e+00
    outer loop
      vertex   1.242919e+01 4.238558e+01 1.125000e+01
      vertex   1.235298e+01 4.250449e+01 7.500000e+00
      vertex   1.235298e+01 4.250449e+01 1.125000e+01
    endloop
  endfacet
  facet normal 7.592841e-01 6.507593e-01 0.000000e+00
    outer loop
      vertex   1.235298e+01 4.250449e+01 1.125000e+01
      vertex   1.235298e+01 4.250449e+01 7.500000e+00
      vertex   1.226100e+01 4.261181e+01 7.500000e+00
    endloop
  endfacet
  facet normal 7.592841e-01 6.507593e-01 0.000000e+00
    outer loop
      vertex   1.235298e+01 4.250449e+01 1.125000e+01
      vertex   1.226100e+01 4.261181e+01 7.500000e+00
      vertex   1.226100e+01 4.261181e+01 1.125000e+01
    endloop
  endfacet
  facet normal 6.618650e-01 7.496230e-01 0.000000e+00
    outer loop
      vertex   1.226100e+01 4.261181e+01 1.125000e+01
      vertex   1.226100e+01 4.261181e+01 7.500000e+00
      vertex   1.215506e+01 4.270535e+01 7.500000e+00
    endloop
  endfacet
  facet normal 6.618650e-01 7.496230e-01 0.000000e+00
    outer loop
      vertex   1.226100e+01 4.261181e+01 1.125000e+01
      vertex   1.215506e+01 4.270535e+01 7.500000e+00
      vertex   1.215506e+01 4.270535e+01 1.125000e+01
    endloop
  endfacet
  facet normal 4.429341e-01 -8.965542e-01 3.147236e-16
    outer loop
      vertex   1.196755e+01 4.100053e+01 -5.787292e-16
      vertex   1.196755e+01 4.100053e+01 7.500000e+00
      vertex   1.131613e+01 4.067871e+01 7.768101e-16
    endloop
  endfacet
  facet normal 4.431642e-01 -8.964405e-01 -2.486171e-05
    outer loop
      vertex   1.131613e+01 4.067871e+01 7.768101e-16
      vertex   1.196755e+01 4.100053e+01 7.500000e+00
      vertex   1.131009e+01 4.067530e+01 1.500000e+01
    endloop
  endfacet
  facet normal 5.045691e-01 -8.633713e-01 7.397205e-06
    outer loop
      vertex   1.131613e+01 4.067871e+01 7.768101e-16
      vertex   1.131009e+01 4.067530e+01 1.500000e+01
      vertex   1.069234e+01 4.031416e+01 1.983097e-15
    endloop
  endfacet
  facet normal 5.053501e-01 -8.629144e-01 -3.576993e-05
    outer loop
      vertex   1.069234e+01 4.031416e+01 1.983097e-15
      vertex   1.131009e+01 4.067530e+01 1.500000e+01
      vertex   1.068229e+01 4.030765e+01 1.500000e+01
    endloop
  endfacet
  facet normal 5.778079e-01 -8.161728e-01 3.305421e-05
    outer loop
      vertex   1.069234e+01 4.031416e+01 1.983097e-15
      vertex   1.068229e+01 4.030765e+01 1.500000e+01
      vertex   1.009965e+01 3.989456e+01 2.170430e-15
    endloop
  endfacet
  facet normal 5.789331e-01 -8.153751e-01 -3.262124e-05
    outer loop
      vertex   1.009965e+01 3.989456e+01 2.170430e-15
      vertex   1.068229e+01 4.030765e+01 1.500000e+01
      vertex   1.009098e+01 3.988781e+01 1.500000e+01
    endloop
  endfacet
  facet normal 6.451541e-01 -7.640525e-01 2.875087e-05
    outer loop
      vertex   1.009965e+01 3.989456e+01 2.170430e-15
      vertex   1.009098e+01 3.988781e+01 1.500000e+01
      vertex   9.541589e+00 3.942334e+01 1.818345e-15
    endloop
  endfacet
  facet normal 6.459516e-01 -7.633783e-01 -2.133412e-05
    outer loop
      vertex   9.541589e+00 3.942334e+01 1.818345e-15
      vertex   1.009098e+01 3.988781e+01 1.500000e+01
      vertex   9.535043e+00 3.941738e+01 1.500000e+01
    endloop
  endfacet
  facet normal 6.953417e-01 -7.186792e-01 1.797361e-05
    outer loop
      vertex   9.541589e+00 3.942334e+01 1.818345e-15
      vertex   9.535043e+00 3.941738e+01 1.500000e+01
      vertex   9.012189e+00 3.891113e+01 1.264283e-15
    endloop
  endfacet
  facet normal 6.957892e-01 -7.182461e-01 -1.224106e-05
    outer loop
      vertex   9.012189e+00 3.891113e+01 1.264283e-15
      vertex   9.535043e+00 3.941738e+01 1.500000e+01
      vertex   9.007506e+00 3.890634e+01 1.500000e+01
    endloop
  endfacet
  facet normal 7.302839e-01 -6.831437e-01 9.742775e-06
    outer loop
      vertex   9.012189e+00 3.891113e+01 1.264283e-15
      vertex   9.007506e+00 3.890634e+01 1.500000e+01
      vertex   8.504285e+00 3.836818e+01 6.692212e-16
    endloop
  endfacet
  facet normal 7.304984e-01 -6.829144e-01 -5.677083e-06
    outer loop
      vertex   8.504285e+00 3.836818e+01 6.692212e-16
      vertex   9.007506e+00 3.890634e+01 1.500000e+01
      vertex   8.501271e+00 3.836483e+01 1.500000e+01
    endloop
  endfacet
  facet normal 7.575132e-01 -6.528199e-01 6.470519e-06
    outer loop
      vertex   8.504285e+00 3.836818e+01 6.692212e-16
      vertex   8.501271e+00 3.836483e+01 1.500000e+01
      vertex   7.524303e+00 3.723104e+01 0.000000e+00
    endloop
  endfacet
  facet normal 7.575555e-01 -6.527707e-01 0.000000e+00
    outer loop
      vertex   7.524303e+00 3.723104e+01 0.000000e+00
      vertex   8.501271e+00 3.836483e+01 1.500000e+01
      vertex   7.524303e+00 3.723104e+01 1.500000e+01
    endloop
  endfacet
  facet normal 4.433920e-01 -8.963278e-01 -3.150490e-16
    outer loop
      vertex   1.196755e+01 4.100053e+01 7.500000e+00
      vertex   1.196755e+01 4.100053e+01 1.500000e+01
      vertex   1.131009e+01 4.067530e+01 1.500000e+01
    endloop
  endfacet
  facet normal 0.000000e+00 0.000000e+00 1.000000e+00
    outer loop
      vertex   2.859497e+01 4.308352e+01 1.500000e+01
      vertex   2.809459e+01 4.278097e+01 1.500000e+01
      vertex   3.254360e+01 3.719721e+01 1.500000e+01
    endloop
  endfacet
  facet normal 0.000000e+00 0.000000e+00 1.000000e+00
    outer loop
      vertex   3.254360e+01 3.719721e+01 1.500000e+01
      vertex   2.809459e+01 4.278097e+01 1.500000e+01
      vertex   2.798026e+01 4.270559e+01 1.500000e+01
    endloop
  endfacet
  facet normal 0.000000e+00 0.000000e+00 1.000000e+00
    outer loop
      vertex   3.254360e+01 3.719721e+01 1.500000e+01
      vertex   2.798026e+01 4.270559e+01 1.500000e+01
      vertex   3.158784e+01 3.834320e+01 1.500000e+01
    endloop
  endfacet
  facet normal 0.000000e+00 0.000000e+00 1.000000e+00
    outer loop
      vertex   3.158784e+01 3.834320e+01 1.500000e+01
      vertex   2.798026e+01 4.270559e+01 1.500000e+01
      vertex   2.787737e+01 4.261536e+01 1.500000e+01
    endloop
  endfacet
  facet normal 0.000000e+00 0.000000e+00 1.000000e+00
    outer loop
      vertex   3.158784e+01 3.834320e+01 1.500000e+01
      vertex   2.787737e+01 4.261536e+01 1.500000e+01
      vertex   3.109148e+01 3.889038e+01 1.500000e+01
    endloop
  endfacet
  facet normal 0.000000e+00 0.000000e+00 1.000000e+00
    outer loop
      vertex   3.109148e+01 3.889038e+01 1.500000e+01
      vertex   2.787737e+01 4.261536e+01 1.500000e+01
      vertex   2.778765e+01 4.251178e+01 1.500000e+01
    endloop
  endfacet
  facet normal -9.911171e-15 -9.042008e-15 1.000000e+00
    outer loop
      vertex   3.109148e+01 3.889038e+01 1.500000e+01
      vertex   2.778765e+01 4.251178e+01 1.500000e+01
      vertex   2.771304e+01 4.239711e+01 1.500000e+01
    endloop
  endfacet
  facet normal 9.590411e-14 9.290195e-14 1.000000e+00
    outer loop
      vertex   3.109148e+01 3.889038e+01 1.500000e+01
      vertex   2.771304e+01 4.239711e+01 1.500000e+01
      vertex   3.057292e+01 3.940658e+01 1.500000e+01
    endloop
  endfacet
  facet normal 9.208114e-15 9.993789e-15 1.000000e+00
    outer loop
      vertex   3.057292e+01 3.940658e+01 1.500000e+01
      vertex   2.771304e+01 4.239711e+01 1.500000e+01
      vertex   2.765470e+01 4.227312e+01 1.500000e+01
    endloop
  endfacet
  facet normal -4.657740e-16 1.455165e-16 1.000000e+00
    outer loop
      vertex   3.057292e+01 3.940658e+01 1.500000e+01
      vertex   2.765470e+01 4.227312e+01 1.500000e+01
      vertex   2.761394e+01 4.214265e+01 1.500000e+01
    endloop
  endfacet
  facet normal -5.197845e-16 8.710593e-17 1.000000e+00
    outer loop
      vertex   2.761394e+01 4.214265e+01 1.500000e+01
      vertex   2.759136e+01 4.200787e+01 1.500000e+01
      vertex   3.057292e+01 3.940658e+01 1.500000e+01
    endloop
  endfacet
  facet normal -3.782902e-13 -4.329069e-13 1.000000e+00
    outer loop
      vertex   3.057292e+01 3.940658e+01 1.500000e+01
      vertex   2.759136e+01 4.200787e+01 1.500000e+01
      vertex   3.002477e+01 3.988147e+01 1.500000e+01
    endloop
  endfacet
  facet normal 0.000000e+00 0.000000e+00 1.000000e+00
    outer loop
      vertex   3.002477e+01 3.988147e+01 1.500000e+01
      vertex   2.759136e+01 4.200787e+01 1.500000e+01
      vertex   2.758737e+01 4.187092e+01 1.500000e+01
    endloop
  endfacet
  facet normal 0.000000e+00 0.000000e+00 1.000000e+00
    outer loop
      vertex   3.002477e+01 3.988147e+01 1.500000e+01
      vertex   2.758737e+01 4.187092e+01 1.500000e+01
      vertex   2.760208e+01 4.173508e+01 1.500000e+01
    endloop
  endfacet
  facet normal 0.000000e+00 0.000000e+00 1.000000e+00
    outer loop
      vertex   3.002477e+01 3.988147e+01 1.500000e+01
      vertex   2.760208e+01 4.173508e+01 1.500000e+01
      vertex   2.943980e+01 4.030496e+01 1.500000e+01
    endloop
  endfacet
  facet normal 0.000000e+00 0.000000e+00 1.000000e+00
    outer loop
      vertex   2.943980e+01 4.030496e+01 1.500000e+01
      vertex   2.760208e+01 4.173508e+01 1.500000e+01
      vertex   2.763518e+01 4.160244e+01 1.500000e+01
    endloop
  endfacet
  facet normal 0.000000e+00 0.000000e+00 1.000000e+00
    outer loop
      vertex   2.943980e+01 4.030496e+01 1.500000e+01
      vertex   2.763518e+01 4.160244e+01 1.500000e+01
      vertex   2.768620e+01 4.147530e+01 1.500000e+01
    endloop
  endfacet
  facet normal 0.000000e+00 0.000000e+00 1.000000e+00
    outer loop
      vertex   2.768620e+01 4.147530e+01 1.500000e+01
      vertex   2.775389e+01 4.135665e+01 1.500000e+01
      vertex   2.943980e+01 4.030496e+01 1.500000e+01
    endloop
  endfacet
  facet normal 0.000000e+00 0.000000e+00 1.000000e+00
    outer loop
      vertex   2.943980e+01 4.030496e+01 1.500000e+01
      vertex   2.775389e+01 4.135665e+01 1.500000e+01
      vertex   2.881713e+01 4.067583e+01 1.500000e+01
    endloop
  endfacet
  facet normal 0.000000e+00 0.000000e+00 1.000000e+00
    outer loop
      vertex   2.881713e+01 4.067583e+01 1.500000e+01
      vertex   2.775389e+01 4.135665e+01 1.500000e+01
      vertex   2.783724e+01 4.124820e+01 1.500000e+01
    endloop
  endfacet
  facet normal 0.000000e+00 0.000000e+00 1.000000e+00
    outer loop
      vertex   2.881713e+01 4.067583e+01 1.500000e+01
      vertex   2.783724e+01 4.124820e+01 1.500000e+01
      vertex   2.793473e+01 4.115203e+01 1.500000e+01
    endloop
  endfacet
  facet normal 0.000000e+00 0.000000e+00 1.000000e+00
    outer loop
      vertex   2.793473e+01 4.115203e+01 1.500000e+01
      vertex   2.804416e+01 4.107028e+01 1.500000e+01
      vertex   2.881713e+01 4.067583e+01 1.500000e+01
    endloop
  endfacet
  facet normal 0.000000e+00 0.000000e+00 1.000000e+00
    outer loop
      vertex   2.881713e+01 4.067583e+01 1.500000e+01
      vertex   2.804416e+01 4.107028e+01 1.500000e+01
      vertex   2.816394e+01 4.100408e+01 1.500000e+01
    endloop
  endfacet
  facet normal -0.000000e+00 0.000000e+00 1.000000e+00
    outer loop
      vertex   2.859497e+01 4.308352e+01 1.500000e+01
      vertex   3.254360e+01 3.719721e+01 1.500000e+01
      vertex   2.907035e+01 4.341806e+01 1.500000e+01
    endloop
  endfacet
  facet normal 0.000000e+00 0.000000e+00 1.000000e+00
    outer loop
      vertex   2.907035e+01 4.341806e+01 1.500000e+01
      vertex   3.254360e+01 3.719721e+01 1.500000e+01
      vertex   3.308998e+01 3.627144e+01 1.500000e+01
    endloop
  endfacet
  facet normal -0.000000e+00 0.000000e+00 1.000000e+00
    outer loop
      vertex   2.907035e+01 4.341806e+01 1.500000e+01
      vertex   3.308998e+01 3.627144e+01 1.500000e+01
      vertex   2.951669e+01 4.378977e+01 1.500000e+01
    endloop
  endfacet
  facet normal 0.000000e+00 0.000000e+00 1.000000e+00
    outer loop
      vertex   2.951669e+01 4.378977e+01 1.500000e+01
      vertex   3.308998e+01 3.627144e+01 1.500000e+01
      vertex   3.360660e+01 3.533630e+01 1.500000e+01
    endloop
  endfacet
  facet normal -0.000000e+00 0.000000e+00 1.000000e+00
    outer loop
      vertex   2.951669e+01 4.378977e+01 1.500000e+01
      vertex   3.360660e+01 3.533630e+01 1.500000e+01
      vertex   2.993687e+01 4.419495e+01 1.500000e+01
    endloop
  endfacet
  facet normal 0.000000e+00 0.000000e+00 1.000000e+00
    outer loop
      vertex   2.993687e+01 4.419495e+01 1.500000e+01
      vertex   3.360660e+01 3.533630e+01 1.500000e+01
      vertex   3.406368e+01 3.438241e+01 1.500000e+01
    endloop
  endfacet
  facet normal -0.000000e+00 0.000000e+00 1.000000e+00
    outer loop
      vertex   2.993687e+01 4.419495e+01 1.500000e+01
      vertex   3.406368e+01 3.438241e+01 1.500000e+01
      vertex   3.071969e+01 4.507894e+01 1.500000e+01
    endloop
  endfacet
  facet normal 0.000000e+00 0.000000e+00 1.000000e+00
    outer loop
      vertex   3.071969e+01 4.507894e+01 1.500000e+01
      vertex   3.406368e+01 3.438241e+01 1.500000e+01
      vertex   3.443147e+01 3.340041e+01 1.500000e+01
    endloop
  endfacet
  facet normal -0.000000e+00 0.000000e+00 1.000000e+00
    outer loop
      vertex   3.071969e+01 4.507894e+01 1.500000e+01
      vertex   3.443147e+01 3.340041e+01 1.500000e+01
      vertex   3.146067e+01 4.601647e+01 1.500000e+01
    endloop
  endfacet
  facet normal 0.000000e+00 0.000000e+00 1.000000e+00
    outer loop
      vertex   3.146067e+01 4.601647e+01 1.500000e+01
      vertex   3.443147e+01 3.340041e+01 1.500000e+01
      vertex   3.469053e+01 3.238418e+01 1.500000e+01
    endloop
  endfacet
  facet normal -0.000000e+00 0.000000e+00 1.000000e+00
    outer loop
      vertex   3.146067e+01 4.601647e+01 1.500000e+01
      vertex   3.469053e+01 3.238418e+01 1.500000e+01
      vertex   3.231348e+01 4.758196e+01 1.500000e+01
    endloop
  endfacet
  facet normal 0.000000e+00 0.000000e+00 1.000000e+00
    outer loop
      vertex   3.231348e+01 4.758196e+01 1.500000e+01
      vertex   3.469053e+01 3.238418e+01 1.500000e+01
      vertex   4.000000e+01 2.500000e+00 1.500000e+01
    endloop
  endfacet
  facet normal -0.000000e+00 0.000000e+00 1.000000e+00
    outer loop
      vertex   3.231348e+01 4.758196e+01 1.500000e+01
      vertex   4.000000e+01 2.500000e+00 1.500000e+01
      vertex   3.268064e+01 4.838263e+01 1.500000e+01
    endloop
  endfacet
  facet normal -4.158079e-15 -6.633119e-16 1.000000e+00
    outer loop
      vertex   3.268064e+01 4.838263e+01 1.500000e+01
      vertex   4.000000e+01 2.500000e+00 1.500000e+01
      vertex   3.297669e+01 4.920480e+01 1.500000e+01
    endloop
  endfacet
  facet normal 5.370760e-15 7.696034e-16 1.000000e+00
    outer loop
      vertex   3.297669e+01 4.920480e+01 1.500000e+01
      vertex   4.000000e+01 2.500000e+00 1.500000e+01
      vertex   3.318585e+01 5.005326e+01 1.500000e+01
    endloop
  endfacet
  facet normal -0.000000e+00 0.000000e+00 1.000000e+00
    outer loop
      vertex   3.318585e+01 5.005326e+01 1.500000e+01
      vertex   4.000000e+01 2.500000e+00 1.500000e+01
      vertex   3.332395e+01 5.092321e+01 1.500000e+01
    endloop
  endfacet
  facet normal -0.000000e+00 0.000000e+00 1.000000e+00
    outer loop
      vertex   3.332395e+01 5.092321e+01 1.500000e+01
      vertex   4.000000e+01 2.500000e+00 1.500000e+01
      vertex   3.348170e+01 5.269894e+01 1.500000e+01
    endloop
  endfacet
  facet normal -0.000000e+00 -0.000000e+00 1.000000e+00
    outer loop
      vertex   3.348170e+01 5.269894e+01 1.500000e+01
      vertex   4.000000e+01 2.500000e+00 1.500000e+01
      vertex   3.334878e+01 5.445228e+01 1.500000e+01
    endloop
  endfacet
  facet normal -0.000000e+00 0.000000e+00 1.000000e+00
    outer loop
      vertex   3.334878e+01 5.445228e+01 1.500000e+01
      vertex   4.000000e+01 2.500000e+00 1.500000e+01
      vertex   4.000000e+01 7.750000e+01 1.500000e+01
    endloop
  endfacet
  facet normal 0.000000e+00 -0.000000e+00 1.000000e+00
    outer loop
      vertex   3.334878e+01 5.445228e+01 1.500000e+01
      vertex   4.000000e+01 7.750000e+01 1.500000e+01
      vertex   3.322990e+01 5.531498e+01 1.500000e+01
    endloop
  endfacet
  facet normal 4.037648e-15 -1.232151e-15 1.000000e+00
    outer loop
      vertex   3.322990e+01 5.531498e+01 1.500000e+01
      vertex   4.000000e+01 7.750000e+01 1.500000e+01
      vertex   3.304810e+01 5.616090e+01 1.500000e+01
    endloop
  endfacet
  facet normal -3.232308e-15 1.136273e-15 1.000000e+00
    outer loop
      vertex   3.304810e+01 5.616090e+01 1.500000e+01
      vertex   4.000000e+01 7.750000e+01 1.500000e+01
      vertex   3.278863e+01 5.698613e+01 1.500000e+01
    endloop
  endfacet
  facet normal 0.000000e+00 -0.000000e+00 1.000000e+00
    outer loop
      vertex   3.278863e+01 5.698613e+01 1.500000e+01
      vertex   4.000000e+01 7.750000e+01 1.500000e+01
      vertex   3.246493e+01 5.779423e+01 1.500000e+01
    endloop
  endfacet
  facet normal 0.000000e+00 -0.000000e+00 1.000000e+00
    outer loop
      vertex   3.246493e+01 5.779423e+01 1.500000e+01
      vertex   4.000000e+01 7.750000e+01 1.500000e+01
      vertex   3.171048e+01 5.938191e+01 1.500000e+01
    endloop
  endfacet
  facet normal 0.000000e+00 -0.000000e+00 1.000000e+00
    outer loop
      vertex   3.171048e+01 5.938191e+01 1.500000e+01
      vertex   4.000000e+01 7.750000e+01 1.500000e+01
      vertex   3.071777e+01 6.079627e+01 1.500000e+01
    endloop
  endfacet
  facet normal 1.961079e-15 -1.089768e-15 1.000000e+00
    outer loop
      vertex   3.071777e+01 6.079627e+01 1.500000e+01
      vertex   4.000000e+01 7.750000e+01 1.500000e+01
      vertex   3.018284e+01 6.146368e+01 1.500000e+01
    endloop
  endfacet
  facet normal -1.777803e-15 1.199111e-15 1.000000e+00
    outer loop
      vertex   3.018284e+01 6.146368e+01 1.500000e+01
      vertex   4.000000e+01 7.750000e+01 1.500000e+01
      vertex   2.960164e+01 6.208338e+01 1.500000e+01
    endloop
  endfacet
  facet normal 0.000000e+00 -0.000000e+00 1.000000e+00
    outer loop
      vertex   2.960164e+01 6.208338e+01 1.500000e+01
      vertex   4.000000e+01 7.750000e+01 1.500000e+01
      vertex   2.896397e+01 6.264487e+01 1.500000e+01
    endloop
  endfacet
  facet normal 0.000000e+00 -0.000000e+00 1.000000e+00
    outer loop
      vertex   2.896397e+01 6.264487e+01 1.500000e+01
      vertex   4.000000e+01 7.750000e+01 1.500000e+01
      vertex   2.828020e+01 6.315882e+01 1.500000e+01
    endloop
  endfacet
  facet normal 0.000000e+00 -0.000000e+00 1.000000e+00
    outer loop
      vertex   2.828020e+01 6.315882e+01 1.500000e+01
      vertex   4.000000e+01 7.750000e+01 1.500000e+01
      vertex   2.683581e+01 6.410749e+01 1.500000e+01
    endloop
  endfacet
  facet normal 0.000000e+00 -0.000000e+00 1.000000e+00
    outer loop
      vertex   2.683581e+01 6.410749e+01 1.500000e+01
      vertex   4.000000e+01 7.750000e+01 1.500000e+01
      vertex   2.589642e+01 6.453499e+01 1.500000e+01
    endloop
  endfacet
  facet normal 0.000000e+00 -0.000000e+00 1.000000e+00
    outer loop
      vertex   2.589642e+01 6.453499e+01 1.500000e+01
      vertex   4.000000e+01 7.750000e+01 1.500000e+01
      vertex   2.494916e+01 6.493089e+01 1.500000e+01
    endloop
  endfacet
  facet normal 0.000000e+00 -0.000000e+00 1.000000e+00
    outer loop
      vertex   2.494916e+01 6.493089e+01 1.500000e+01
      vertex   4.000000e+01 7.750000e+01 1.500000e+01
      vertex   2.398615e+01 6.526359e+01 1.500000e+01
    endloop
  endfacet
  facet normal 0.000000e+00 -0.000000e+00 1.000000e+00
    outer loop
      vertex   2.398615e+01 6.526359e+01 1.500000e+01
      vertex   4.000000e+01 7.750000e+01 1.500000e+01
      vertex   2.300000e+01 6.550345e+01 1.500000e+01
    endloop
  endfacet
  facet normal 0.000000e+00 0.000000e+00 1.000000e+00
    outer loop
      vertex   2.300000e+01 6.550345e+01 1.500000e+01
      vertex   4.000000e+01 7.750000e+01 1.500000e+01
      vertex   3.750000e+01 8.000000e+01 1.500000e+01
    endloop
  endfacet
  facet normal 0.000000e+00 -0.000000e+00 1.000000e+00
    outer loop
      vertex   2.300000e+01 6.550345e+01 1.500000e+01
      vertex   3.750000e+01 8.000000e+01 1.500000e+01
      vertex   2.500000e+00 8.000000e+01 1.500000e+01
    endloop
  endfacet
  facet normal 0.000000e+00 0.000000e+00 1.000000e+00
    outer loop
      vertex   3.469053e+01 3.238418e+01 1.500000e+01
      vertex   3.486099e+01 3.134006e+01 1.500000e+01
      vertex   4.000000e+01 2.500000e+00 1.500000e+01
    endloop
  endfacet
  facet normal 0.000000e+00 0.000000e+00 1.000000e+00
    outer loop
      vertex   4.000000e+01 2.500000e+00 1.500000e+01
      vertex   3.486099e+01 3.134006e+01 1.500000e+01
      vertex   3.497237e+01 3.027734e+01 1.500000e+01
    endloop
  endfacet
  facet normal 0.000000e+00 0.000000e+00 1.000000e+00
    outer loop
      vertex   4.000000e+01 2.500000e+00 1.500000e+01
      vertex   3.497237e+01 3.027734e+01 1.500000e+01
      vertex   3.505422e+01 2.920532e+01 1.500000e+01
    endloop
  endfacet
  facet normal 0.000000e+00 0.000000e+00 1.000000e+00
    outer loop
      vertex   3.505422e+01 2.920532e+01 1.500000e+01
      vertex   3.494751e+01 2.768312e+01 1.500000e+01
      vertex   4.000000e+01 2.500000e+00 1.500000e+01
    endloop
  endfacet
  facet normal 0.000000e+00 0.000000e+00 1.000000e+00
    outer loop
      vertex   4.000000e+01 2.500000e+00 1.500000e+01
      vertex   3.494751e+01 2.768312e+01 1.500000e+01
      vertex   3.479046e+01 2.618040e+01 1.500000e+01
    endloop
  endfacet
  facet normal 0.000000e+00 0.000000e+00 1.000000e+00
    outer loop
      vertex   4.000000e+01 2.500000e+00 1.500000e+01
      vertex   3.479046e+01 2.618040e+01 1.500000e+01
      vertex   3.467732e+01 2.544243e+01 1.500000e+01
    endloop
  endfacet
  facet normal 0.000000e+00 0.000000e+00 1.000000e+00
    outer loop
      vertex   3.467732e+01 2.544243e+01 1.500000e+01
      vertex   3.453272e+01 2.471663e+01 1.500000e+01
      vertex   4.000000e+01 2.500000e+00 1.500000e+01
    endloop
  endfacet
  facet normal 0.000000e+00 0.000000e+00 1.000000e+00
    outer loop
      vertex   4.000000e+01 2.500000e+00 1.500000e+01
      vertex   3.453272e+01 2.471663e+01 1.500000e+01
      vertex   3.435036e+01 2.400545e+01 1.500000e+01
    endloop
  endfacet
  facet normal 0.000000e+00 0.000000e+00 1.000000e+00
    outer loop
      vertex   4.000000e+01 2.500000e+00 1.500000e+01
      vertex   3.435036e+01 2.400545e+01 1.500000e+01
      vertex   3.412395e+01 2.331130e+01 1.500000e+01
    endloop
  endfacet
  facet normal -3.805781e-15 -1.074559e-15 1.000000e+00
    outer loop
      vertex   3.412395e+01 2.331130e+01 1.500000e+01
      vertex   3.384775e+01 2.263642e+01 1.500000e+01
      vertex   4.000000e+01 2.500000e+00 1.500000e+01
    endloop
  endfacet
  facet normal 6.658033e-15 2.122436e-15 1.000000e+00
    outer loop
      vertex   4.000000e+01 2.500000e+00 1.500000e+01
      vertex   3.384775e+01 2.263642e+01 1.500000e+01
      vertex   3.352334e+01 2.198019e+01 1.500000e+01
    endloop
  endfacet
  facet normal -2.968823e-15 -1.078245e-15 1.000000e+00
    outer loop
      vertex   4.000000e+01 2.500000e+00 1.500000e+01
      vertex   3.352334e+01 2.198019e+01 1.500000e+01
      vertex   3.315752e+01 2.133999e+01 1.500000e+01
    endloop
  endfacet
  facet normal 0.000000e+00 0.000000e+00 1.000000e+00
    outer loop
      vertex   3.315752e+01 2.133999e+01 1.500000e+01
      vertex   3.275718e+01 2.071314e+01 1.500000e+01
      vertex   4.000000e+01 2.500000e+00 1.500000e+01
    endloop
  endfacet
  facet normal -1.302818e-15 -5.180914e-16 1.000000e+00
    outer loop
      vertex   4.000000e+01 2.500000e+00 1.500000e+01
      vertex   3.275718e+01 2.071314e+01 1.500000e+01
      vertex   3.188059e+01 1.948881e+01 1.500000e+01
    endloop
  endfacet
  facet normal 1.095459e-15 6.281097e-16 1.000000e+00
    outer loop
      vertex   4.000000e+01 2.500000e+00 1.500000e+01
      vertex   3.188059e+01 1.948881e+01 1.500000e+01
      vertex   3.094877e+01 1.828585e+01 1.500000e+01
    endloop
  endfacet
  facet normal 0.000000e+00 0.000000e+00 1.000000e+00
    outer loop
      vertex   3.094877e+01 1.828585e+01 1.500000e+01
      vertex   2.912230e+01 1.690947e+01 1.500000e+01
      vertex   4.000000e+01 2.500000e+00 1.500000e+01
    endloop
  endfacet
  facet normal 0.000000e+00 0.000000e+00 1.000000e+00
    outer loop
      vertex   4.000000e+01 2.500000e+00 1.500000e+01
      vertex   2.912230e+01 1.690947e+01 1.500000e+01
      vertex   2.818677e+01 1.627951e+01 1.500000e+01
    endloop
  endfacet
  facet normal 0.000000e+00 0.000000e+00 1.000000e+00
    outer loop
      vertex   4.000000e+01 2.500000e+00 1.500000e+01
      vertex   2.818677e+01 1.627951e+01 1.500000e+01
      vertex   2.722448e+01 1.571941e+01 1.500000e+01
    endloop
  endfacet
  facet normal 0.000000e+00 0.000000e+00 1.000000e+00
    outer loop
      vertex   2.722448e+01 1.571941e+01 1.500000e+01
      vertex   2.622651e+01 1.525247e+01 1.500000e+01
      vertex   4.000000e+01 2.500000e+00 1.500000e+01
    endloop
  endfacet
  facet normal 2.459966e-15 2.656922e-15 1.000000e+00
    outer loop
      vertex   4.000000e+01 2.500000e+00 1.500000e+01
      vertex   2.622651e+01 1.525247e+01 1.500000e+01
      vertex   2.571158e+01 1.506065e+01 1.500000e+01
    endloop
  endfacet
  facet normal -2.460497e-15 -2.940371e-15 1.000000e+00
    outer loop
      vertex   4.000000e+01 2.500000e+00 1.500000e+01
      vertex   2.571158e+01 1.506065e+01 1.500000e+01
      vertex   2.518616e+01 1.489619e+01 1.500000e+01
    endloop
  endfacet
  facet normal 0.000000e+00 0.000000e+00 1.000000e+00
    outer loop
      vertex   2.518616e+01 1.489619e+01 1.500000e+01
      vertex   2.410796e+01 1.463875e+01 1.500000e+01
      vertex   4.000000e+01 2.500000e+00 1.500000e+01
    endloop
  endfacet
  facet normal 0.000000e+00 0.000000e+00 1.000000e+00
    outer loop
      vertex   4.000000e+01 2.500000e+00 1.500000e+01
      vertex   2.410796e+01 1.463875e+01 1.500000e+01
      vertex   2.300000e+01 1.445904e+01 1.500000e+01
    endloop
  endfacet
  facet normal 0.000000e+00 0.000000e+00 1.000000e+00
    outer loop
      vertex   4.000000e+01 2.500000e+00 1.500000e+01
      vertex   2.300000e+01 1.445904e+01 1.500000e+01
      vertex   1.700000e+01 1.442773e+01 1.500000e+01
    endloop
  endfacet
  facet normal 0.000000e+00 0.000000e+00 1.000000e+00
    outer loop
      vertex   1.700000e+01 1.442773e+01 1.500000e+01
      vertex   2.300000e+01 1.445904e+01 1.500000e+01
      vertex   1.700000e+01 1.870293e+01 1.500000e+01
    endloop
  endfacet
  facet normal -0.000000e+00 0.000000e+00 1.000000e+00
    outer loop
      vertex   1.700000e+01 1.870293e+01 1.500000e+01
      vertex   2.300000e+01 1.445904e+01 1.500000e+01
      vertex   2.300000e+01 1.874222e+01 1.500000e+01
    endloop
  endfacet
  facet normal 0.000000e+00 -0.000000e+00 1.000000e+00
    outer loop
      vertex   1.700000e+01 1.870293e+01 1.500000e+01
      vertex   2.300000e+01 1.874222e+01 1.500000e+01
      vertex   1.636668e+01 1.886255e+01 1.500000e+01
    endloop
  endfacet
  facet normal -0.000000e+00 0.000000e+00 1.000000e+00
    outer loop
      vertex   1.636668e+01 1.886255e+01 1.500000e+01
      vertex   2.300000e+01 1.874222e+01 1.500000e+01
      vertex   1.700000e+01 3.906880e+01 1.500000e+01
    endloop
  endfacet
  facet normal 0.000000e+00 0.000000e+00 1.000000e+00
    outer loop
      vertex   1.636668e+01 1.886255e+01 1.500000e+01
      vertex   1.700000e+01 3.906880e+01 1.500000e+01
      vertex   1.637366e+01 3.890005e+01 1.500000e+01
    endloop
  endfacet
  facet normal 0.000000e+00 0.000000e+00 1.000000e+00
    outer loop
      vertex   2.361360e+01 1.890909e+01 1.500000e+01
      vertex   2.355874e+01 3.881367e+01 1.500000e+01
      vertex   2.300000e+01 1.874222e+01 1.500000e+01
    endloop
  endfacet
  facet normal 0.000000e+00 0.000000e+00 1.000000e+00
    outer loop
      vertex   2.300000e+01 1.874222e+01 1.500000e+01
      vertex   2.355874e+01 3.881367e+01 1.500000e+01
      vertex   2.300000e+01 3.900855e+01 1.500000e+01
    endloop
  endfacet
  facet normal 0.000000e+00 -0.000000e+00 1.000000e+00
    outer loop
      vertex   2.300000e+01 1.874222e+01 1.500000e+01
      vertex   2.300000e+01 3.900855e+01 1.500000e+01
      vertex   1.700000e+01 3.906880e+01 1.500000e+01
    endloop
  endfacet
  facet normal -0.000000e+00 0.000000e+00 1.000000e+00
    outer loop
      vertex   1.700000e+01 3.906880e+01 1.500000e+01
      vertex   2.300000e+01 3.900855e+01 1.500000e+01
      vertex   2.300000e+01 4.426486e+01 1.500000e+01
    endloop
  endfacet
  facet normal 0.000000e+00 0.000000e+00 1.000000e+00
    outer loop
      vertex   1.700000e+01 3.906880e+01 1.500000e+01
      vertex   2.300000e+01 4.426486e+01 1.500000e+01
      vertex   1.700000e+01 4.427881e+01 1.500000e+01
    endloop
  endfacet
  facet normal -0.000000e+00 0.000000e+00 1.000000e+00
    outer loop
      vertex   1.700000e+01 4.427881e+01 1.500000e+01
      vertex   2.300000e+01 4.426486e+01 1.500000e+01
      vertex   2.300000e+01 6.106052e+01 1.500000e+01
    endloop
  endfacet
  facet normal 0.000000e+00 0.000000e+00 1.000000e+00
    outer loop
      vertex   1.700000e+01 4.427881e+01 1.500000e+01
      vertex   2.300000e+01 6.106052e+01 1.500000e+01
      vertex   1.700000e+01 6.109887e+01 1.500000e+01
    endloop
  endfacet
  facet normal -0.000000e+00 0.000000e+00 1.000000e+00
    outer loop
      vertex   1.700000e+01 6.109887e+01 1.500000e+01
      vertex   2.300000e+01 6.106052e+01 1.500000e+01
      vertex   2.300000e+01 6.550345e+01 1.500000e+01
    endloop
  endfacet
  facet normal 0.000000e+00 0.000000e+00 1.000000e+00
    outer loop
      vertex   1.700000e+01 6.109887e+01 1.500000e+01
      vertex   2.300000e+01 6.550345e+01 1.500000e+01
      vertex   1.700000e+01 6.550271e+01 1.500000e+01
    endloop
  endfacet
  facet normal 0.000000e+00 -0.000000e+00 1.000000e+00
    outer loop
      vertex   1.700000e+01 6.550271e+01 1.500000e+01
      vertex   2.300000e+01 6.550345e+01 1.500000e+01
      vertex   2.500000e+00 8.000000e+01 1.500000e+01
    endloop
  endfacet
  facet normal 0.000000e+00 0.000000e+00 1.000000e+00
    outer loop
      vertex   1.700000e+01 6.550271e+01 1.500000e+01
      vertex   2.500000e+00 8.000000e+01 1.500000e+01
      vertex   1.600588e+01 6.525981e+01 1.500000e+01
    endloop
  endfacet
  facet normal 0.000000e+00 0.000000e+00 1.000000e+00
    outer loop
      vertex   1.600588e+01 6.525981e+01 1.500000e+01
      vertex   2.500000e+00 8.000000e+01 1.500000e+01
      vertex   1.503591e+01 6.492145e+01 1.500000e+01
    endloop
  endfacet
  facet normal 0.000000e+00 0.000000e+00 1.000000e+00
    outer loop
      vertex   1.503591e+01 6.492145e+01 1.500000e+01
      vertex   2.500000e+00 8.000000e+01 1.500000e+01
      vertex   1.408240e+01 6.451798e+01 1.500000e+01
    endloop
  endfacet
  facet normal 0.000000e+00 0.000000e+00 1.000000e+00
    outer loop
      vertex   1.408240e+01 6.451798e+01 1.500000e+01
      vertex   2.500000e+00 8.000000e+01 1.500000e+01
      vertex   1.313713e+01 6.408194e+01 1.500000e+01
    endloop
  endfacet
  facet normal 0.000000e+00 0.000000e+00 1.000000e+00
    outer loop
      vertex   1.313713e+01 6.408194e+01 1.500000e+01
      vertex   2.500000e+00 8.000000e+01 1.500000e+01
      vertex   1.169529e+01 6.312879e+01 1.500000e+01
    endloop
  endfacet
  facet normal 0.000000e+00 0.000000e+00 1.000000e+00
    outer loop
      vertex   1.169529e+01 6.312879e+01 1.500000e+01
      vertex   2.500000e+00 8.000000e+01 1.500000e+01
      vertex   1.101351e+01 6.261237e+01 1.500000e+01
    endloop
  endfacet
  facet normal 1.949747e-15 9.546553e-16 1.000000e+00
    outer loop
      vertex   1.101351e+01 6.261237e+01 1.500000e+01
      vertex   2.500000e+00 8.000000e+01 1.500000e+01
      vertex   1.037871e+01 6.204813e+01 1.500000e+01
    endloop
  endfacet
  facet normal -4.249750e-15 -1.766177e-15 1.000000e+00
    outer loop
      vertex   1.037871e+01 6.204813e+01 1.500000e+01
      vertex   2.500000e+00 8.000000e+01 1.500000e+01
      vertex   9.801647e+00 6.142512e+01 1.500000e+01
    endloop
  endfacet
  facet normal 2.319696e-15 8.162228e-16 1.000000e+00
    outer loop
      vertex   9.801647e+00 6.142512e+01 1.500000e+01
      vertex   2.500000e+00 8.000000e+01 1.500000e+01
      vertex   9.272117e+00 6.075372e+01 1.500000e+01
    endloop
  endfacet
  facet normal 0.000000e+00 0.000000e+00 1.000000e+00
    outer loop
      vertex   9.272117e+00 6.075372e+01 1.500000e+01
      vertex   2.500000e+00 8.000000e+01 1.500000e+01
      vertex   8.292274e+00 5.933030e+01 1.500000e+01
    endloop
  endfacet
  facet normal 0.000000e+00 0.000000e+00 1.000000e+00
    outer loop
      vertex   8.292274e+00 5.933030e+01 1.500000e+01
      vertex   2.500000e+00 8.000000e+01 1.500000e+01
      vertex   0.000000e+00 7.750000e+01 1.500000e+01
    endloop
  endfacet
  facet normal 0.000000e+00 0.000000e+00 1.000000e+00
    outer loop
      vertex   8.292274e+00 5.933030e+01 1.500000e+01
      vertex   0.000000e+00 7.750000e+01 1.500000e+01
      vertex   7.560199e+00 5.775113e+01 1.500000e+01
    endloop
  endfacet
  facet normal 0.000000e+00 0.000000e+00 1.000000e+00
    outer loop
      vertex   7.560199e+00 5.775113e+01 1.500000e+01
      vertex   0.000000e+00 7.750000e+01 1.500000e+01
      vertex   7.245889e+00 5.694805e+01 1.500000e+01
    endloop
  endfacet
  facet normal 0.000000e+00 0.000000e+00 1.000000e+00
    outer loop
      vertex   7.245889e+00 5.694805e+01 1.500000e+01
      vertex   0.000000e+00 7.750000e+01 1.500000e+01
      vertex   6.993652e+00 5.612878e+01 1.500000e+01
    endloop
  endfacet
  facet normal 0.000000e+00 0.000000e+00 1.000000e+00
    outer loop
      vertex   6.993652e+00 5.612878e+01 1.500000e+01
      vertex   0.000000e+00 7.750000e+01 1.500000e+01
      vertex   6.816629e+00 5.528990e+01 1.500000e+01
    endloop
  endfacet
  facet normal 0.000000e+00 0.000000e+00 1.000000e+00
    outer loop
      vertex   6.816629e+00 5.528990e+01 1.500000e+01
      vertex   0.000000e+00 7.750000e+01 1.500000e+01
      vertex   6.700646e+00 5.443509e+01 1.500000e+01
    endloop
  endfacet
  facet normal 0.000000e+00 0.000000e+00 1.000000e+00
    outer loop
      vertex   6.700646e+00 5.443509e+01 1.500000e+01
      vertex   0.000000e+00 7.750000e+01 1.500000e+01
      vertex   6.570417e+00 5.269894e+01 1.500000e+01
    endloop
  endfacet
  facet normal -2.676291e-16 -7.090159e-17 1.000000e+00
    outer loop
      vertex   6.570417e+00 5.269894e+01 1.500000e+01
      vertex   0.000000e+00 7.750000e+01 1.500000e+01
      vertex   5.308514e+00 3.240836e+01 1.500000e+01
    endloop
  endfacet
  facet normal -5.703699e-16 -5.207367e-17 1.000000e+00
    outer loop
      vertex   6.570417e+00 5.269894e+01 1.500000e+01
      vertex   5.308514e+00 3.240836e+01 1.500000e+01
      vertex   6.733761e+00 5.090982e+01 1.500000e+01
    endloop
  endfacet
  facet normal -8.922369e-15 5.913166e-16 1.000000e+00
    outer loop
      vertex   6.733761e+00 5.090982e+01 1.500000e+01
      vertex   5.308514e+00 3.240836e+01 1.500000e+01
      vertex   5.575310e+00 3.342996e+01 1.500000e+01
    endloop
  endfacet
  facet normal 0.000000e+00 0.000000e+00 1.000000e+00
    outer loop
      vertex   6.733761e+00 5.090982e+01 1.500000e+01
      vertex   5.575310e+00 3.342996e+01 1.500000e+01
      vertex   6.876358e+00 5.003413e+01 1.500000e+01
    endloop
  endfacet
  facet normal 5.880516e-15 -4.607778e-16 1.000000e+00
    outer loop
      vertex   6.876358e+00 5.003413e+01 1.500000e+01
      vertex   5.575310e+00 3.342996e+01 1.500000e+01
      vertex   5.954582e+00 3.441517e+01 1.500000e+01
    endloop
  endfacet
  facet normal -3.646511e-16 -9.221039e-17 1.000000e+00
    outer loop
      vertex   6.876358e+00 5.003413e+01 1.500000e+01
      vertex   5.954582e+00 3.441517e+01 1.500000e+01
      vertex   7.092064e+00 4.918111e+01 1.500000e+01
    endloop
  endfacet
  facet normal -4.171998e-15 2.010855e-16 1.000000e+00
    outer loop
      vertex   7.092064e+00 4.918111e+01 1.500000e+01
      vertex   5.954582e+00 3.441517e+01 1.500000e+01
      vertex   6.426406e+00 3.537043e+01 1.500000e+01
    endloop
  endfacet
  facet normal 0.000000e+00 0.000000e+00 1.000000e+00
    outer loop
      vertex   7.092064e+00 4.918111e+01 1.500000e+01
      vertex   6.426406e+00 3.537043e+01 1.500000e+01
      vertex   7.397027e+00 4.835575e+01 1.500000e+01
    endloop
  endfacet
  facet normal 0.000000e+00 0.000000e+00 1.000000e+00
    outer loop
      vertex   7.397027e+00 4.835575e+01 1.500000e+01
      vertex   6.426406e+00 3.537043e+01 1.500000e+01
      vertex   6.959929e+00 3.630573e+01 1.500000e+01
    endloop
  endfacet
  facet normal 0.000000e+00 0.000000e+00 1.000000e+00
    outer loop
      vertex   7.397027e+00 4.835575e+01 1.500000e+01
      vertex   6.959929e+00 3.630573e+01 1.500000e+01
      vertex   7.774936e+00 4.755299e+01 1.500000e+01
    endloop
  endfacet
  facet normal 0.000000e+00 0.000000e+00 1.000000e+00
    outer loop
      vertex   7.774936e+00 4.755299e+01 1.500000e+01
      vertex   6.959929e+00 3.630573e+01 1.500000e+01
      vertex   7.524303e+00 3.723104e+01 1.500000e+01
    endloop
  endfacet
  facet normal 0.000000e+00 0.000000e+00 1.000000e+00
    outer loop
      vertex   7.774936e+00 4.755299e+01 1.500000e+01
      vertex   7.524303e+00 3.723104e+01 1.500000e+01
      vertex   8.652330e+00 4.598515e+01 1.500000e+01
    endloop
  endfacet
  facet normal 0.000000e+00 0.000000e+00 1.000000e+00
    outer loop
      vertex   8.652330e+00 4.598515e+01 1.500000e+01
      vertex   7.524303e+00 3.723104e+01 1.500000e+01
      vertex   8.501271e+00 3.836483e+01 1.500000e+01
    endloop
  endfacet
  facet normal 0.000000e+00 0.000000e+00 1.000000e+00
    outer loop
      vertex   8.652330e+00 4.598515e+01 1.500000e+01
      vertex   8.501271e+00 3.836483e+01 1.500000e+01
      vertex   9.007506e+00 3.890634e+01 1.500000e+01
    endloop
  endfacet
  facet normal 0.000000e+00 0.000000e+00 1.000000e+00
    outer loop
      vertex   2.355874e+01 3.881367e+01 1.500000e+01
      vertex   2.361360e+01 1.890909e+01 1.500000e+01
      vertex   2.410906e+01 3.858636e+01 1.500000e+01
    endloop
  endfacet
  facet normal 0.000000e+00 0.000000e+00 1.000000e+00
    outer loop
      vertex   2.410906e+01 3.858636e+01 1.500000e+01
      vertex   2.361360e+01 1.890909e+01 1.500000e+01
      vertex   2.420728e+01 1.912625e+01 1.500000e+01
    endloop
  endfacet
  facet normal 0.000000e+00 0.000000e+00 1.000000e+00
    outer loop
      vertex   2.410906e+01 3.858636e+01 1.500000e+01
      vertex   2.420728e+01 1.912625e+01 1.500000e+01
      vertex   2.477931e+01 1.939805e+01 1.500000e+01
    endloop
  endfacet
  facet normal 0.000000e+00 0.000000e+00 1.000000e+00
    outer loop
      vertex   2.410906e+01 3.858636e+01 1.500000e+01
      vertex   2.477931e+01 1.939805e+01 1.500000e+01
      vertex   2.519564e+01 3.807769e+01 1.500000e+01
    endloop
  endfacet
  facet normal 0.000000e+00 0.000000e+00 1.000000e+00
    outer loop
      vertex   2.519564e+01 3.807769e+01 1.500000e+01
      vertex   2.477931e+01 1.939805e+01 1.500000e+01
      vertex   2.533262e+01 1.971706e+01 1.500000e+01
    endloop
  endfacet
  facet normal 0.000000e+00 0.000000e+00 1.000000e+00
    outer loop
      vertex   2.519564e+01 3.807769e+01 1.500000e+01
      vertex   2.533262e+01 1.971706e+01 1.500000e+01
      vertex   2.587097e+01 2.007383e+01 1.500000e+01
    endloop
  endfacet
  facet normal 0.000000e+00 0.000000e+00 1.000000e+00
    outer loop
      vertex   2.519564e+01 3.807769e+01 1.500000e+01
      vertex   2.587097e+01 2.007383e+01 1.500000e+01
      vertex   2.631291e+01 3.730405e+01 1.500000e+01
    endloop
  endfacet
  facet normal 0.000000e+00 0.000000e+00 1.000000e+00
    outer loop
      vertex   2.631291e+01 3.730405e+01 1.500000e+01
      vertex   2.587097e+01 2.007383e+01 1.500000e+01
      vertex   2.639810e+01 2.045892e+01 1.500000e+01
    endloop
  endfacet
  facet normal 0.000000e+00 0.000000e+00 1.000000e+00
    outer loop
      vertex   2.631291e+01 3.730405e+01 1.500000e+01
      vertex   2.639810e+01 2.045892e+01 1.500000e+01
      vertex   2.683999e+01 3.688632e+01 1.500000e+01
    endloop
  endfacet
  facet normal 3.542597e-15 -9.529333e-17 1.000000e+00
    outer loop
      vertex   2.683999e+01 3.688632e+01 1.500000e+01
      vertex   2.639810e+01 2.045892e+01 1.500000e+01
      vertex   2.732918e+01 3.643149e+01 1.500000e+01
    endloop
  endfacet
  facet normal -9.201731e-17 1.165768e-16 1.000000e+00
    outer loop
      vertex   2.732918e+01 3.643149e+01 1.500000e+01
      vertex   2.639810e+01 2.045892e+01 1.500000e+01
      vertex   2.743365e+01 2.127631e+01 1.500000e+01
    endloop
  endfacet
  facet normal -1.524075e-16 1.161605e-16 1.000000e+00
    outer loop
      vertex   2.732918e+01 3.643149e+01 1.500000e+01
      vertex   2.743365e+01 2.127631e+01 1.500000e+01
      vertex   2.807652e+01 2.211978e+01 1.500000e+01
    endloop
  endfacet
  facet normal 0.000000e+00 0.000000e+00 1.000000e+00
    outer loop
      vertex   2.868165e+01 2.297769e+01 1.500000e+01
      vertex   2.817811e+01 3.539506e+01 1.500000e+01
      vertex   2.807652e+01 2.211978e+01 1.500000e+01
    endloop
  endfacet
  facet normal 0.000000e+00 -0.000000e+00 1.000000e+00
    outer loop
      vertex   2.807652e+01 2.211978e+01 1.500000e+01
      vertex   2.817811e+01 3.539506e+01 1.500000e+01
      vertex   2.777236e+01 3.593160e+01 1.500000e+01
    endloop
  endfacet
  facet normal -4.110299e-15 -9.051486e-17 1.000000e+00
    outer loop
      vertex   2.807652e+01 2.211978e+01 1.500000e+01
      vertex   2.777236e+01 3.593160e+01 1.500000e+01
      vertex   2.732918e+01 3.643149e+01 1.500000e+01
    endloop
  endfacet
  facet normal 0.000000e+00 -0.000000e+00 1.000000e+00
    outer loop
      vertex   2.921133e+01 2.386448e+01 1.500000e+01
      vertex   2.950275e+01 3.298166e+01 1.500000e+01
      vertex   2.868165e+01 2.297769e+01 1.500000e+01
    endloop
  endfacet
  facet normal 0.000000e+00 0.000000e+00 1.000000e+00
    outer loop
      vertex   2.868165e+01 2.297769e+01 1.500000e+01
      vertex   2.950275e+01 3.298166e+01 1.500000e+01
      vertex   2.892724e+01 3.426089e+01 1.500000e+01
    endloop
  endfacet
  facet normal 0.000000e+00 -0.000000e+00 1.000000e+00
    outer loop
      vertex   2.868165e+01 2.297769e+01 1.500000e+01
      vertex   2.892724e+01 3.426089e+01 1.500000e+01
      vertex   2.817811e+01 3.539506e+01 1.500000e+01
    endloop
  endfacet
  facet normal 0.000000e+00 0.000000e+00 1.000000e+00
    outer loop
      vertex   2.921133e+01 2.386448e+01 1.500000e+01
      vertex   2.943608e+01 2.432322e+01 1.500000e+01
      vertex   2.950275e+01 3.298166e+01 1.500000e+01
    endloop
  endfacet
  facet normal 0.000000e+00 0.000000e+00 1.000000e+00
    outer loop
      vertex   2.950275e+01 3.298166e+01 1.500000e+01
      vertex   2.943608e+01 2.432322e+01 1.500000e+01
      vertex   2.962787e+01 2.479458e+01 1.500000e+01
    endloop
  endfacet
  facet normal 0.000000e+00 0.000000e+00 1.000000e+00
    outer loop
      vertex   2.950275e+01 3.298166e+01 1.500000e+01
      vertex   2.962787e+01 2.479458e+01 1.500000e+01
      vertex   2.978538e+01 2.527906e+01 1.500000e+01
    endloop
  endfacet
  facet normal 0.000000e+00 -0.000000e+00 1.000000e+00
    outer loop
      vertex   2.978538e+01 2.527906e+01 1.500000e+01
      vertex   2.991249e+01 2.577518e+01 1.500000e+01
      vertex   2.950275e+01 3.298166e+01 1.500000e+01
    endloop
  endfacet
  facet normal 0.000000e+00 0.000000e+00 1.000000e+00
    outer loop
      vertex   2.950275e+01 3.298166e+01 1.500000e+01
      vertex   2.991249e+01 2.577518e+01 1.500000e+01
      vertex   3.009290e+01 2.679567e+01 1.500000e+01
    endloop
  endfacet
  facet normal 0.000000e+00 0.000000e+00 1.000000e+00
    outer loop
      vertex   2.950275e+01 3.298166e+01 1.500000e+01
      vertex   3.009290e+01 2.679567e+01 1.500000e+01
      vertex   3.020383e+01 2.784275e+01 1.500000e+01
    endloop
  endfacet
  facet normal 0.000000e+00 0.000000e+00 1.000000e+00
    outer loop
      vertex   3.028003e+01 2.890314e+01 1.500000e+01
      vertex   3.017798e+01 3.030249e+01 1.500000e+01
      vertex   3.020383e+01 2.784275e+01 1.500000e+01
    endloop
  endfacet
  facet normal 0.000000e+00 0.000000e+00 1.000000e+00
    outer loop
      vertex   3.020383e+01 2.784275e+01 1.500000e+01
      vertex   3.017798e+01 3.030249e+01 1.500000e+01
      vertex   2.974979e+01 3.233172e+01 1.500000e+01
    endloop
  endfacet
  facet normal 0.000000e+00 0.000000e+00 1.000000e+00
    outer loop
      vertex   3.020383e+01 2.784275e+01 1.500000e+01
      vertex   2.974979e+01 3.233172e+01 1.500000e+01
      vertex   2.950275e+01 3.298166e+01 1.500000e+01
    endloop
  endfacet
  facet normal 0.000000e+00 0.000000e+00 1.000000e+00
    outer loop
      vertex   3.017798e+01 3.030249e+01 1.500000e+01
      vertex   3.008696e+01 3.099202e+01 1.500000e+01
      vertex   2.974979e+01 3.233172e+01 1.500000e+01
    endloop
  endfacet
  facet normal 0.000000e+00 0.000000e+00 1.000000e+00
    outer loop
      vertex   2.974979e+01 3.233172e+01 1.500000e+01
      vertex   3.008696e+01 3.099202e+01 1.500000e+01
      vertex   2.994796e+01 3.166938e+01 1.500000e+01
    endloop
  endfacet
  facet normal 4.151702e-15 -0.000000e+00 1.000000e+00
    outer loop
      vertex   2.300000e+01 4.426486e+01 1.500000e+01
      vertex   2.342786e+01 4.443498e+01 1.500000e+01
      vertex   2.300000e+01 6.106052e+01 1.500000e+01
    endloop
  endfacet
  facet normal -4.173738e-15 -2.142572e-16 1.000000e+00
    outer loop
      vertex   2.300000e+01 6.106052e+01 1.500000e+01
      vertex   2.342786e+01 4.443498e+01 1.500000e+01
      vertex   2.343422e+01 6.089260e+01 1.500000e+01
    endloop
  endfacet
  facet normal -4.191332e-15 -2.142504e-16 1.000000e+00
    outer loop
      vertex   2.343422e+01 6.089260e+01 1.500000e+01
      vertex   2.342786e+01 4.443498e+01 1.500000e+01
      vertex   2.384121e+01 4.463973e+01 1.500000e+01
    endloop
  endfacet
  facet normal 4.234585e-15 -3.256346e-18 1.000000e+00
    outer loop
      vertex   2.343422e+01 6.089260e+01 1.500000e+01
      vertex   2.384121e+01 4.463973e+01 1.500000e+01
      vertex   2.385355e+01 6.068895e+01 1.500000e+01
    endloop
  endfacet
  facet normal 0.000000e+00 0.000000e+00 1.000000e+00
    outer loop
      vertex   2.385355e+01 6.068895e+01 1.500000e+01
      vertex   2.384121e+01 4.463973e+01 1.500000e+01
      vertex   2.463203e+01 4.513488e+01 1.500000e+01
    endloop
  endfacet
  facet normal 0.000000e+00 0.000000e+00 1.000000e+00
    outer loop
      vertex   2.385355e+01 6.068895e+01 1.500000e+01
      vertex   2.463203e+01 4.513488e+01 1.500000e+01
      vertex   2.465505e+01 6.019244e+01 1.500000e+01
    endloop
  endfacet
  facet normal 0.000000e+00 0.000000e+00 1.000000e+00
    outer loop
      vertex   2.465505e+01 6.019244e+01 1.500000e+01
      vertex   2.463203e+01 4.513488e+01 1.500000e+01
      vertex   2.538907e+01 4.571062e+01 1.500000e+01
    endloop
  endfacet
  facet normal 0.000000e+00 0.000000e+00 1.000000e+00
    outer loop
      vertex   2.465505e+01 6.019244e+01 1.500000e+01
      vertex   2.538907e+01 4.571062e+01 1.500000e+01
      vertex   2.542155e+01 5.961198e+01 1.500000e+01
    endloop
  endfacet
  facet normal 0.000000e+00 0.000000e+00 1.000000e+00
    outer loop
      vertex   2.542155e+01 5.961198e+01 1.500000e+01
      vertex   2.538907e+01 4.571062e+01 1.500000e+01
      vertex   2.612923e+01 4.632667e+01 1.500000e+01
    endloop
  endfacet
  facet normal 0.000000e+00 0.000000e+00 1.000000e+00
    outer loop
      vertex   2.542155e+01 5.961198e+01 1.500000e+01
      vertex   2.612923e+01 4.632667e+01 1.500000e+01
      vertex   2.617057e+01 5.898953e+01 1.500000e+01
    endloop
  endfacet
  facet normal -3.220118e-15 1.051306e-17 1.000000e+00
    outer loop
      vertex   2.617057e+01 5.898953e+01 1.500000e+01
      vertex   2.612923e+01 4.632667e+01 1.500000e+01
      vertex   2.668311e+01 4.701360e+01 1.500000e+01
    endloop
  endfacet
  facet normal 2.003361e-16 1.569012e-16 1.000000e+00
    outer loop
      vertex   2.617057e+01 5.898953e+01 1.500000e+01
      vertex   2.668311e+01 4.701360e+01 1.500000e+01
      vertex   2.672301e+01 5.828416e+01 1.500000e+01
    endloop
  endfacet
  facet normal 3.196235e-15 1.462973e-16 1.000000e+00
    outer loop
      vertex   2.672301e+01 5.828416e+01 1.500000e+01
      vertex   2.668311e+01 4.701360e+01 1.500000e+01
      vertex   2.720688e+01 4.771281e+01 1.500000e+01
    endloop
  endfacet
  facet normal 0.000000e+00 0.000000e+00 1.000000e+00
    outer loop
      vertex   2.672301e+01 5.828416e+01 1.500000e+01
      vertex   2.720688e+01 4.771281e+01 1.500000e+01
      vertex   2.724455e+01 5.756658e+01 1.500000e+01
    endloop
  endfacet
  facet normal 0.000000e+00 0.000000e+00 1.000000e+00
    outer loop
      vertex   2.724455e+01 5.756658e+01 1.500000e+01
      vertex   2.720688e+01 4.771281e+01 1.500000e+01
      vertex   2.767039e+01 4.843656e+01 1.500000e+01
    endloop
  endfacet
  facet normal 0.000000e+00 0.000000e+00 1.000000e+00
    outer loop
      vertex   2.724455e+01 5.756658e+01 1.500000e+01
      vertex   2.767039e+01 4.843656e+01 1.500000e+01
      vertex   2.804353e+01 4.919714e+01 1.500000e+01
    endloop
  endfacet
  facet normal 0.000000e+00 -0.000000e+00 1.000000e+00
    outer loop
      vertex   2.804353e+01 4.919714e+01 1.500000e+01
      vertex   2.830655e+01 5.000258e+01 1.500000e+01
      vertex   2.724455e+01 5.756658e+01 1.500000e+01
    endloop
  endfacet
  facet normal 0.000000e+00 0.000000e+00 1.000000e+00
    outer loop
      vertex   2.724455e+01 5.756658e+01 1.500000e+01
      vertex   2.830655e+01 5.000258e+01 1.500000e+01
      vertex   2.847974e+01 5.084462e+01 1.500000e+01
    endloop
  endfacet
  facet normal 0.000000e+00 0.000000e+00 1.000000e+00
    outer loop
      vertex   2.724455e+01 5.756658e+01 1.500000e+01
      vertex   2.847974e+01 5.084462e+01 1.500000e+01
      vertex   2.859306e+01 5.171106e+01 1.500000e+01
    endloop
  endfacet
  facet normal 0.000000e+00 0.000000e+00 1.000000e+00
    outer loop
      vertex   2.867643e+01 5.258970e+01 1.500000e+01
      vertex   2.859982e+01 5.348327e+01 1.500000e+01
      vertex   2.859306e+01 5.171106e+01 1.500000e+01
    endloop
  endfacet
  facet normal 0.000000e+00 -0.000000e+00 1.000000e+00
    outer loop
      vertex   2.859306e+01 5.171106e+01 1.500000e+01
      vertex   2.859982e+01 5.348327e+01 1.500000e+01
      vertex   2.724455e+01 5.756658e+01 1.500000e+01
    endloop
  endfacet
  facet normal 0.000000e+00 0.000000e+00 1.000000e+00
    outer loop
      vertex   2.859982e+01 5.348327e+01 1.500000e+01
      vertex   2.849335e+01 5.436503e+01 1.500000e+01
      vertex   2.724455e+01 5.756658e+01 1.500000e+01
    endloop
  endfacet
  facet normal 0.000000e+00 0.000000e+00 1.000000e+00
    outer loop
      vertex   2.724455e+01 5.756658e+01 1.500000e+01
      vertex   2.849335e+01 5.436503e+01 1.500000e+01
      vertex   2.770429e+01 5.682455e+01 1.500000e+01
    endloop
  endfacet
  facet normal 0.000000e+00 0.000000e+00 1.000000e+00
    outer loop
      vertex   2.770429e+01 5.682455e+01 1.500000e+01
      vertex   2.849335e+01 5.436503e+01 1.500000e+01
      vertex   2.790133e+01 5.644055e+01 1.500000e+01
    endloop
  endfacet
  facet normal 0.000000e+00 0.000000e+00 1.000000e+00
    outer loop
      vertex   2.790133e+01 5.644055e+01 1.500000e+01
      vertex   2.849335e+01 5.436503e+01 1.500000e+01
      vertex   2.807135e+01 5.604586e+01 1.500000e+01
    endloop
  endfacet
  facet normal 0.000000e+00 0.000000e+00 1.000000e+00
    outer loop
      vertex   2.807135e+01 5.604586e+01 1.500000e+01
      vertex   2.849335e+01 5.436503e+01 1.500000e+01
      vertex   2.832715e+01 5.522316e+01 1.500000e+01
    endloop
  endfacet
  facet normal 0.000000e+00 -0.000000e+00 1.000000e+00
    outer loop
      vertex   2.500000e+00 0.000000e+00 1.500000e+01
      vertex   3.750000e+01 0.000000e+00 1.500000e+01
      vertex   2.012274e+00 4.803680e-02 1.500000e+01
    endloop
  endfacet
  facet normal -0.000000e+00 0.000000e+00 1.000000e+00
    outer loop
      vertex   2.012274e+00 4.803680e-02 1.500000e+01
      vertex   3.750000e+01 0.000000e+00 1.500000e+01
      vertex   3.798773e+01 4.803680e-02 1.500000e+01
    endloop
  endfacet
  facet normal 0.000000e+00 -0.000000e+00 1.000000e+00
    outer loop
      vertex   2.012274e+00 4.803680e-02 1.500000e+01
      vertex   3.798773e+01 4.803680e-02 1.500000e+01
      vertex   1.543291e+00 1.903012e-01 1.500000e+01
    endloop
  endfacet
  facet normal -0.000000e+00 0.000000e+00 1.000000e+00
    outer loop
      vertex   1.543291e+00 1.903012e-01 1.500000e+01
      vertex   3.798773e+01 4.803680e-02 1.500000e+01
      vertex   3.845671e+01 1.903012e-01 1.500000e+01
    endloop
  endfacet
  facet normal 0.000000e+00 -0.000000e+00 1.000000e+00
    outer loop
      vertex   1.543291e+00 1.903012e-01 1.500000e+01
      vertex   3.845671e+01 1.903012e-01 1.500000e+01
      vertex   1.111074e+00 4.213260e-01 1.500000e+01
    endloop
  endfacet
  facet normal -0.000000e+00 0.000000e+00 1.000000e+00
    outer loop
      vertex   1.111074e+00 4.213260e-01 1.500000e+01
      vertex   3.845671e+01 1.903012e-01 1.500000e+01
      vertex   3.888893e+01 4.213260e-01 1.500000e+01
    endloop
  endfacet
  facet normal 0.000000e+00 -0.000000e+00 1.000000e+00
    outer loop
      vertex   1.111074e+00 4.213260e-01 1.500000e+01
      vertex   3.888893e+01 4.213260e-01 1.500000e+01
      vertex   7.322330e-01 7.322330e-01 1.500000e+01
    endloop
  endfacet
  facet normal -0.000000e+00 0.000000e+00 1.000000e+00
    outer loop
      vertex   7.322330e-01 7.322330e-01 1.500000e+01
      vertex   3.888893e+01 4.213260e-01 1.500000e+01
      vertex   3.926777e+01 7.322330e-01 1.500000e+01
    endloop
  endfacet
  facet normal 0.000000e+00 -0.000000e+00 1.000000e+00
    outer loop
      vertex   7.322330e-01 7.322330e-01 1.500000e+01
      vertex   3.926777e+01 7.322330e-01 1.500000e+01
      vertex   4.213260e-01 1.111074e+00 1.500000e+01
    endloop
  endfacet
  facet normal -0.000000e+00 0.000000e+00 1.000000e+00
    outer loop
      vertex   4.213260e-01 1.111074e+00 1.500000e+01
      vertex   3.926777e+01 7.322330e-01 1.500000e+01
      vertex   3.957867e+01 1.111074e+00 1.500000e+01
    endloop
  endfacet
  facet normal 0.000000e+00 -0.000000e+00 1.000000e+00
    outer loop
      vertex   4.213260e-01 1.111074e+00 1.500000e+01
      vertex   3.957867e+01 1.111074e+00 1.500000e+01
      vertex   1.903012e-01 1.543291e+00 1.500000e+01
    endloop
  endfacet
  facet normal -0.000000e+00 0.000000e+00 1.000000e+00
    outer loop
      vertex   1.903012e-01 1.543291e+00 1.500000e+01
      vertex   3.957867e+01 1.111074e+00 1.500000e+01
      vertex   3.980970e+01 1.543291e+00 1.500000e+01
    endloop
  endfacet
  facet normal 0.000000e+00 -0.000000e+00 1.000000e+00
    outer loop
      vertex   1.903012e-01 1.543291e+00 1.500000e+01
      vertex   3.980970e+01 1.543291e+00 1.500000e+01
      vertex   4.803680e-02 2.012274e+00 1.500000e+01
    endloop
  endfacet
  facet normal -0.000000e+00 0.000000e+00 1.000000e+00
    outer loop
      vertex   4.803680e-02 2.012274e+00 1.500000e+01
      vertex   3.980970e+01 1.543291e+00 1.500000e+01
      vertex   3.995196e+01 2.012274e+00 1.500000e+01
    endloop
  endfacet
  facet normal 0.000000e+00 -0.000000e+00 1.000000e+00
    outer loop
      vertex   4.803680e-02 2.012274e+00 1.500000e+01
      vertex   3.995196e+01 2.012274e+00 1.500000e+01
      vertex   0.000000e+00 2.500000e+00 1.500000e+01
    endloop
  endfacet
  facet normal -0.000000e+00 0.000000e+00 1.000000e+00
    outer loop
      vertex   0.000000e+00 2.500000e+00 1.500000e+01
      vertex   3.995196e+01 2.012274e+00 1.500000e+01
      vertex   4.000000e+01 2.500000e+00 1.500000e+01
    endloop
  endfacet
  facet normal 0.000000e+00 0.000000e+00 1.000000e+00
    outer loop
      vertex   0.000000e+00 2.500000e+00 1.500000e+01
      vertex   4.000000e+01 2.500000e+00 1.500000e+01
      vertex   1.700000e+01 1.442773e+01 1.500000e+01
    endloop
  endfacet
  facet normal 0.000000e+00 0.000000e+00 1.000000e+00
    outer loop
      vertex   3.995196e+01 7.798773e+01 1.500000e+01
      vertex   3.980970e+01 7.845671e+01 1.500000e+01
      vertex   4.000000e+01 7.750000e+01 1.500000e+01
    endloop
  endfacet
  facet normal 0.000000e+00 0.000000e+00 1.000000e+00
    outer loop
      vertex   4.000000e+01 7.750000e+01 1.500000e+01
      vertex   3.980970e+01 7.845671e+01 1.500000e+01
      vertex   3.957867e+01 7.888893e+01 1.500000e+01
    endloop
  endfacet
  facet normal 0.000000e+00 0.000000e+00 1.000000e+00
    outer loop
      vertex   4.000000e+01 7.750000e+01 1.500000e+01
      vertex   3.957867e+01 7.888893e+01 1.500000e+01
      vertex   3.926777e+01 7.926777e+01 1.500000e+01
    endloop
  endfacet
  facet normal 0.000000e+00 0.000000e+00 1.000000e+00
    outer loop
      vertex   3.926777e+01 7.926777e+01 1.500000e+01
      vertex   3.888893e+01 7.957867e+01 1.500000e+01
      vertex   4.000000e+01 7.750000e+01 1.500000e+01
    endloop
  endfacet
  facet normal 0.000000e+00 0.000000e+00 1.000000e+00
    outer loop
      vertex   4.000000e+01 7.750000e+01 1.500000e+01
      vertex   3.888893e+01 7.957867e+01 1.500000e+01
      vertex   3.845671e+01 7.980970e+01 1.500000e+01
    endloop
  endfacet
  facet normal 0.000000e+00 0.000000e+00 1.000000e+00
    outer loop
      vertex   4.000000e+01 7.750000e+01 1.500000e+01
      vertex   3.845671e+01 7.980970e+01 1.500000e+01
      vertex   3.798773e+01 7.995196e+01 1.500000e+01
    endloop
  endfacet
  facet normal 0.000000e+00 0.000000e+00 1.000000e+00
    outer loop
      vertex   3.798773e+01 7.995196e+01 1.500000e+01
      vertex   3.750000e+01 8.000000e+01 1.500000e+01
      vertex   4.000000e+01 7.750000e+01 1.500000e+01
    endloop
  endfacet
  facet normal 0.000000e+00 0.000000e+00 1.000000e+00
    outer loop
      vertex   2.500000e+00 8.000000e+01 1.500000e+01
      vertex   2.012274e+00 7.995196e+01 1.500000e+01
      vertex   0.000000e+00 7.750000e+01 1.500000e+01
    endloop
  endfacet
  facet normal 0.000000e+00 0.000000e+00 1.000000e+00
    outer loop
      vertex   0.000000e+00 7.750000e+01 1.500000e+01
      vertex   2.012274e+00 7.995196e+01 1.500000e+01
      vertex   1.543291e+00 7.980970e+01 1.500000e+01
    endloop
  endfacet
  facet normal 0.000000e+00 0.000000e+00 1.000000e+00
    outer loop
      vertex   0.000000e+00 7.750000e+01 1.500000e+01
      vertex   1.543291e+00 7.980970e+01 1.500000e+01
      vertex   1.111074e+00 7.957867e+01 1.500000e+01
    endloop
  endfacet
  facet normal 0.000000e+00 0.000000e+00 1.000000e+00
    outer loop
      vertex   1.111074e+00 7.957867e+01 1.500000e+01
      vertex   7.322330e-01 7.926777e+01 1.500000e+01
      vertex   0.000000e+00 7.750000e+01 1.500000e+01
    endloop
  endfacet
  facet normal 0.000000e+00 0.000000e+00 1.000000e+00
    outer loop
      vertex   0.000000e+00 7.750000e+01 1.500000e+01
      vertex   7.322330e-01 7.926777e+01 1.500000e+01
      vertex   4.213260e-01 7.888893e+01 1.500000e+01
    endloop
  endfacet
  facet normal 0.000000e+00 0.000000e+00 1.000000e+00
    outer loop
      vertex   0.000000e+00 7.750000e+01 1.500000e+01
      vertex   4.213260e-01 7.888893e+01 1.500000e+01
      vertex   1.903012e-01 7.845671e+01 1.500000e+01
    endloop
  endfacet
  facet normal 0.000000e+00 0.000000e+00 1.000000e+00
    outer loop
      vertex   1.903012e-01 7.845671e+01 1.500000e+01
      vertex   4.803680e-02 7.798773e+01 1.500000e+01
      vertex   0.000000e+00 7.750000e+01 1.500000e+01
    endloop
  endfacet
  facet normal 0.000000e+00 0.000000e+00 1.000000e+00
    outer loop
      vertex   0.000000e+00 2.500000e+00 1.500000e+01
      vertex   4.935254e+00 2.920532e+01 1.500000e+01
      vertex   0.000000e+00 7.750000e+01 1.500000e+01
    endloop
  endfacet
  facet normal 0.000000e+00 0.000000e+00 1.000000e+00
    outer loop
      vertex   0.000000e+00 7.750000e+01 1.500000e+01
      vertex   4.935254e+00 2.920532e+01 1.500000e+01
      vertex   5.018995e+00 3.028616e+01 1.500000e+01
    endloop
  endfacet
  facet normal 0.000000e+00 0.000000e+00 1.000000e+00
    outer loop
      vertex   0.000000e+00 7.750000e+01 1.500000e+01
      vertex   5.018995e+00 3.028616e+01 1.500000e+01
      vertex   5.133245e+00 3.135713e+01 1.500000e+01
    endloop
  endfacet
  facet normal 0.000000e+00 0.000000e+00 1.000000e+00
    outer loop
      vertex   1.208843e+01 4.106647e+01 1.500000e+01
      vertex   1.203699e+01 4.278290e+01 1.500000e+01
      vertex   1.196755e+01 4.100053e+01 1.500000e+01
    endloop
  endfacet
  facet normal 0.000000e+00 -0.000000e+00 1.000000e+00
    outer loop
      vertex   1.196755e+01 4.100053e+01 1.500000e+01
      vertex   1.203699e+01 4.278290e+01 1.500000e+01
      vertex   1.153625e+01 4.308170e+01 1.500000e+01
    endloop
  endfacet
  facet normal 0.000000e+00 0.000000e+00 1.000000e+00
    outer loop
      vertex   1.196755e+01 4.100053e+01 1.500000e+01
      vertex   1.153625e+01 4.308170e+01 1.500000e+01
      vertex   1.131009e+01 4.067530e+01 1.500000e+01
    endloop
  endfacet
  facet normal 0.000000e+00 -0.000000e+00 1.000000e+00
    outer loop
      vertex   1.131009e+01 4.067530e+01 1.500000e+01
      vertex   1.153625e+01 4.308170e+01 1.500000e+01
      vertex   1.106025e+01 4.341283e+01 1.500000e+01
    endloop
  endfacet
  facet normal 0.000000e+00 0.000000e+00 1.000000e+00
    outer loop
      vertex   1.131009e+01 4.067530e+01 1.500000e+01
      vertex   1.106025e+01 4.341283e+01 1.500000e+01
      vertex   1.068229e+01 4.030765e+01 1.500000e+01
    endloop
  endfacet
  facet normal 0.000000e+00 -0.000000e+00 1.000000e+00
    outer loop
      vertex   1.068229e+01 4.030765e+01 1.500000e+01
      vertex   1.106025e+01 4.341283e+01 1.500000e+01
      vertex   1.061264e+01 4.378107e+01 1.500000e+01
    endloop
  endfacet
  facet normal 0.000000e+00 0.000000e+00 1.000000e+00
    outer loop
      vertex   1.068229e+01 4.030765e+01 1.500000e+01
      vertex   1.061264e+01 4.378107e+01 1.500000e+01
      vertex   1.009098e+01 3.988781e+01 1.500000e+01
    endloop
  endfacet
  facet normal 0.000000e+00 0.000000e+00 1.000000e+00
    outer loop
      vertex   1.009098e+01 3.988781e+01 1.500000e+01
      vertex   1.061264e+01 4.378107e+01 1.500000e+01
      vertex   1.019028e+01 4.418230e+01 1.500000e+01
    endloop
  endfacet
  facet normal 0.000000e+00 -0.000000e+00 1.000000e+00
    outer loop
      vertex   1.009098e+01 3.988781e+01 1.500000e+01
      vertex   1.019028e+01 4.418230e+01 1.500000e+01
      vertex   9.535043e+00 3.941738e+01 1.500000e+01
    endloop
  endfacet
  facet normal 0.000000e+00 -0.000000e+00 1.000000e+00
    outer loop
      vertex   9.535043e+00 3.941738e+01 1.500000e+01
      vertex   1.019028e+01 4.418230e+01 1.500000e+01
      vertex   9.401110e+00 4.505733e+01 1.500000e+01
    endloop
  endfacet
  facet normal 0.000000e+00 0.000000e+00 1.000000e+00
    outer loop
      vertex   9.535043e+00 3.941738e+01 1.500000e+01
      vertex   9.401110e+00 4.505733e+01 1.500000e+01
      vertex   9.007506e+00 3.890634e+01 1.500000e+01
    endloop
  endfacet
  facet normal 0.000000e+00 -0.000000e+00 1.000000e+00
    outer loop
      vertex   9.007506e+00 3.890634e+01 1.500000e+01
      vertex   9.401110e+00 4.505733e+01 1.500000e+01
      vertex   8.652330e+00 4.598515e+01 1.500000e+01
    endloop
  endfacet
  facet normal 0.000000e+00 0.000000e+00 1.000000e+00
    outer loop
      vertex   1.203699e+01 4.278290e+01 1.500000e+01
      vertex   1.208843e+01 4.106647e+01 1.500000e+01
      vertex   1.215231e+01 4.270781e+01 1.500000e+01
    endloop
  endfacet
  facet normal 0.000000e+00 0.000000e+00 1.000000e+00
    outer loop
      vertex   1.215231e+01 4.270781e+01 1.500000e+01
      vertex   1.208843e+01 4.106647e+01 1.500000e+01
      vertex   1.219902e+01 4.114830e+01 1.500000e+01
    endloop
  endfacet
  facet normal 0.000000e+00 0.000000e+00 1.000000e+00
    outer loop
      vertex   1.215231e+01 4.270781e+01 1.500000e+01
      vertex   1.219902e+01 4.114830e+01 1.500000e+01
      vertex   1.225604e+01 4.261779e+01 1.500000e+01
    endloop
  endfacet
  facet normal 0.000000e+00 0.000000e+00 1.000000e+00
    outer loop
      vertex   1.225604e+01 4.261779e+01 1.500000e+01
      vertex   1.219902e+01 4.114830e+01 1.500000e+01
      vertex   1.229747e+01 4.124470e+01 1.500000e+01
    endloop
  endfacet
  facet normal 0.000000e+00 0.000000e+00 1.000000e+00
    outer loop
      vertex   1.225604e+01 4.261779e+01 1.500000e+01
      vertex   1.229747e+01 4.124470e+01 1.500000e+01
      vertex   1.234667e+01 4.251412e+01 1.500000e+01
    endloop
  endfacet
  facet normal 0.000000e+00 0.000000e+00 1.000000e+00
    outer loop
      vertex   1.234667e+01 4.251412e+01 1.500000e+01
      vertex   1.229747e+01 4.124470e+01 1.500000e+01
      vertex   1.238160e+01 4.135352e+01 1.500000e+01
    endloop
  endfacet
  facet normal 0.000000e+00 0.000000e+00 1.000000e+00
    outer loop
      vertex   1.234667e+01 4.251412e+01 1.500000e+01
      vertex   1.238160e+01 4.135352e+01 1.500000e+01
      vertex   1.242212e+01 4.239915e+01 1.500000e+01
    endloop
  endfacet
  facet normal 0.000000e+00 0.000000e+00 1.000000e+00
    outer loop
      vertex   1.242212e+01 4.239915e+01 1.500000e+01
      vertex   1.238160e+01 4.135352e+01 1.500000e+01
      vertex   1.245011e+01 4.147306e+01 1.500000e+01
    endloop
  endfacet
  facet normal 0.000000e+00 0.000000e+00 1.000000e+00
    outer loop
      vertex   1.242212e+01 4.239915e+01 1.500000e+01
      vertex   1.245011e+01 4.147306e+01 1.500000e+01
      vertex   1.248102e+01 4.227505e+01 1.500000e+01
    endloop
  endfacet
  facet normal 0.000000e+00 0.000000e+00 1.000000e+00
    outer loop
      vertex   1.248102e+01 4.227505e+01 1.500000e+01
      vertex   1.245011e+01 4.147306e+01 1.500000e+01
      vertex   1.250144e+01 4.160057e+01 1.500000e+01
    endloop
  endfacet
  facet normal 0.000000e+00 0.000000e+00 1.000000e+00
    outer loop
      vertex   1.248102e+01 4.227505e+01 1.500000e+01
      vertex   1.250144e+01 4.160057e+01 1.500000e+01
      vertex   1.252244e+01 4.214368e+01 1.500000e+01
    endloop
  endfacet
  facet normal 0.000000e+00 0.000000e+00 1.000000e+00
    outer loop
      vertex   1.252244e+01 4.214368e+01 1.500000e+01
      vertex   1.250144e+01 4.160057e+01 1.500000e+01
      vertex   1.253478e+01 4.173386e+01 1.500000e+01
    endloop
  endfacet
  facet normal 9.411833e-14 2.832781e-15 1.000000e+00
    outer loop
      vertex   1.252244e+01 4.214368e+01 1.500000e+01
      vertex   1.253478e+01 4.173386e+01 1.500000e+01
      vertex   1.254540e+01 4.200816e+01 1.500000e+01
    endloop
  endfacet
  facet normal -9.364626e-14 1.010068e-14 1.000000e+00
    outer loop
      vertex   1.254540e+01 4.200816e+01 1.500000e+01
      vertex   1.253478e+01 4.173386e+01 1.500000e+01
      vertex   1.254955e+01 4.187082e+01 1.500000e+01
    endloop
  endfacet
  facet normal 0.000000e+00 -0.000000e+00 1.000000e+00
    outer loop
      vertex   1.700000e+01 4.427881e+01 1.500000e+01
      vertex   1.700000e+01 6.109887e+01 1.500000e+01
      vertex   1.632679e+01 4.457604e+01 1.500000e+01
    endloop
  endfacet
  facet normal 4.055275e-15 -1.652287e-16 1.000000e+00
    outer loop
      vertex   1.632679e+01 4.457604e+01 1.500000e+01
      vertex   1.700000e+01 6.109887e+01 1.500000e+01
      vertex   1.655530e+01 6.093539e+01 1.500000e+01
    endloop
  endfacet
  facet normal -4.116852e-15 -5.107827e-17 1.000000e+00
    outer loop
      vertex   1.632679e+01 4.457604e+01 1.500000e+01
      vertex   1.655530e+01 6.093539e+01 1.500000e+01
      vertex   1.612631e+01 6.073427e+01 1.500000e+01
    endloop
  endfacet
  facet normal 0.000000e+00 0.000000e+00 1.000000e+00
    outer loop
      vertex   1.612631e+01 6.073427e+01 1.500000e+01
      vertex   1.571153e+01 6.049912e+01 1.500000e+01
      vertex   1.632679e+01 4.457604e+01 1.500000e+01
    endloop
  endfacet
  facet normal 0.000000e+00 0.000000e+00 1.000000e+00
    outer loop
      vertex   1.632679e+01 4.457604e+01 1.500000e+01
      vertex   1.571153e+01 6.049912e+01 1.500000e+01
      vertex   1.566178e+01 4.490348e+01 1.500000e+01
    endloop
  endfacet
  facet normal 0.000000e+00 -0.000000e+00 1.000000e+00
    outer loop
      vertex   1.566178e+01 4.490348e+01 1.500000e+01
      vertex   1.571153e+01 6.049912e+01 1.500000e+01
      vertex   1.530858e+01 6.023559e+01 1.500000e+01
    endloop
  endfacet
  facet normal 0.000000e+00 0.000000e+00 1.000000e+00
    outer loop
      vertex   1.566178e+01 4.490348e+01 1.500000e+01
      vertex   1.530858e+01 6.023559e+01 1.500000e+01
      vertex   1.471780e+01 4.555853e+01 1.500000e+01
    endloop
  endfacet
  facet normal -4.698506e-15 1.891231e-16 1.000000e+00
    outer loop
      vertex   1.471780e+01 4.555853e+01 1.500000e+01
      vertex   1.530858e+01 6.023559e+01 1.500000e+01
      vertex   1.452871e+01 5.964615e+01 1.500000e+01
    endloop
  endfacet
  facet normal 2.013029e-16 2.548889e-16 1.000000e+00
    outer loop
      vertex   1.471780e+01 4.555853e+01 1.500000e+01
      vertex   1.452871e+01 5.964615e+01 1.500000e+01
      vertex   1.427120e+01 4.591124e+01 1.500000e+01
    endloop
  endfacet
  facet normal 2.339876e-16 2.542761e-16 1.000000e+00
    outer loop
      vertex   1.427120e+01 4.591124e+01 1.500000e+01
      vertex   1.452871e+01 5.964615e+01 1.500000e+01
      vertex   1.385507e+01 4.629418e+01 1.500000e+01
    endloop
  endfacet
  facet normal 4.642355e-15 3.186009e-17 1.000000e+00
    outer loop
      vertex   1.385507e+01 4.629418e+01 1.500000e+01
      vertex   1.452871e+01 5.964615e+01 1.500000e+01
      vertex   1.376779e+01 5.901133e+01 1.500000e+01
    endloop
  endfacet
  facet normal -3.229878e-15 -2.216638e-17 1.000000e+00
    outer loop
      vertex   1.385507e+01 4.629418e+01 1.500000e+01
      vertex   1.376779e+01 5.901133e+01 1.500000e+01
      vertex   1.322269e+01 5.830102e+01 1.500000e+01
    endloop
  endfacet
  facet normal 3.270002e-15 1.315037e-16 1.000000e+00
    outer loop
      vertex   1.270851e+01 5.757872e+01 1.500000e+01
      vertex   1.312735e+01 4.716374e+01 1.500000e+01
      vertex   1.322269e+01 5.830102e+01 1.500000e+01
    endloop
  endfacet
  facet normal 2.034862e-16 1.577545e-16 1.000000e+00
    outer loop
      vertex   1.322269e+01 5.830102e+01 1.500000e+01
      vertex   1.312735e+01 4.716374e+01 1.500000e+01
      vertex   1.347606e+01 4.671393e+01 1.500000e+01
    endloop
  endfacet
  facet normal 1.740033e-16 1.571098e-16 1.000000e+00
    outer loop
      vertex   1.322269e+01 5.830102e+01 1.500000e+01
      vertex   1.347606e+01 4.671393e+01 1.500000e+01
      vertex   1.385507e+01 4.629418e+01 1.500000e+01
    endloop
  endfacet
  facet normal 0.000000e+00 0.000000e+00 1.000000e+00
    outer loop
      vertex   1.312735e+01 4.716374e+01 1.500000e+01
      vertex   1.270851e+01 5.757872e+01 1.500000e+01
      vertex   1.248040e+01 4.811342e+01 1.500000e+01
    endloop
  endfacet
  facet normal 0.000000e+00 -0.000000e+00 1.000000e+00
    outer loop
      vertex   1.248040e+01 4.811342e+01 1.500000e+01
      vertex   1.270851e+01 5.757872e+01 1.500000e+01
      vertex   1.225617e+01 5.683243e+01 1.500000e+01
    endloop
  endfacet
  facet normal 0.000000e+00 0.000000e+00 1.000000e+00
    outer loop
      vertex   1.248040e+01 4.811342e+01 1.500000e+01
      vertex   1.225617e+01 5.683243e+01 1.500000e+01
      vertex   1.198366e+01 4.917880e+01 1.500000e+01
    endloop
  endfacet
  facet normal 0.000000e+00 -0.000000e+00 1.000000e+00
    outer loop
      vertex   1.198366e+01 4.917880e+01 1.500000e+01
      vertex   1.225617e+01 5.683243e+01 1.500000e+01
      vertex   1.148670e+01 5.436565e+01 1.500000e+01
    endloop
  endfacet
  facet normal 0.000000e+00 0.000000e+00 1.000000e+00
    outer loop
      vertex   1.198366e+01 4.917880e+01 1.500000e+01
      vertex   1.148670e+01 5.436565e+01 1.500000e+01
      vertex   1.138488e+01 5.348339e+01 1.500000e+01
    endloop
  endfacet
  facet normal 2.435261e-14 -7.596404e-15 1.000000e+00
    outer loop
      vertex   1.225617e+01 5.683243e+01 1.500000e+01
      vertex   1.206285e+01 5.644654e+01 1.500000e+01
      vertex   1.148670e+01 5.436565e+01 1.500000e+01
    endloop
  endfacet
  facet normal -2.544289e-14 6.190977e-15 1.000000e+00
    outer loop
      vertex   1.148670e+01 5.436565e+01 1.500000e+01
      vertex   1.206285e+01 5.644654e+01 1.500000e+01
      vertex   1.189659e+01 5.605016e+01 1.500000e+01
    endloop
  endfacet
  facet normal 0.000000e+00 0.000000e+00 1.000000e+00
    outer loop
      vertex   1.148670e+01 5.436565e+01 1.500000e+01
      vertex   1.189659e+01 5.605016e+01 1.500000e+01
      vertex   1.164744e+01 5.522505e+01 1.500000e+01
    endloop
  endfacet
  facet normal -0.000000e+00 0.000000e+00 1.000000e+00
    outer loop
      vertex   1.131254e+01 5.258970e+01 1.500000e+01
      vertex   1.140071e+01 5.141720e+01 1.500000e+01
      vertex   1.138488e+01 5.348339e+01 1.500000e+01
    endloop
  endfacet
  facet normal 0.000000e+00 0.000000e+00 1.000000e+00
    outer loop
      vertex   1.138488e+01 5.348339e+01 1.500000e+01
      vertex   1.140071e+01 5.141720e+01 1.500000e+01
      vertex   1.147931e+01 5.084000e+01 1.500000e+01
    endloop
  endfacet
  facet normal 0.000000e+00 0.000000e+00 1.000000e+00
    outer loop
      vertex   1.138488e+01 5.348339e+01 1.500000e+01
      vertex   1.147931e+01 5.084000e+01 1.500000e+01
      vertex   1.159934e+01 5.027366e+01 1.500000e+01
    endloop
  endfacet
  facet normal -0.000000e+00 -0.000000e+00 1.000000e+00
    outer loop
      vertex   1.159934e+01 5.027366e+01 1.500000e+01
      vertex   1.177042e+01 4.972071e+01 1.500000e+01
      vertex   1.138488e+01 5.348339e+01 1.500000e+01
    endloop
  endfacet
  facet normal 0.000000e+00 0.000000e+00 1.000000e+00
    outer loop
      vertex   1.138488e+01 5.348339e+01 1.500000e+01
      vertex   1.177042e+01 4.972071e+01 1.500000e+01
      vertex   1.198366e+01 4.917880e+01 1.500000e+01
    endloop
  endfacet
  facet normal 0.000000e+00 0.000000e+00 1.000000e+00
    outer loop
      vertex   1.637366e+01 3.890005e+01 1.500000e+01
      vertex   1.576848e+01 3.867945e+01 1.500000e+01
      vertex   1.636668e+01 1.886255e+01 1.500000e+01
    endloop
  endfacet
  facet normal 0.000000e+00 0.000000e+00 1.000000e+00
    outer loop
      vertex   1.636668e+01 1.886255e+01 1.500000e+01
      vertex   1.576848e+01 3.867945e+01 1.500000e+01
      vertex   1.575353e+01 1.907322e+01 1.500000e+01
    endloop
  endfacet
  facet normal 0.000000e+00 -0.000000e+00 1.000000e+00
    outer loop
      vertex   1.575353e+01 1.907322e+01 1.500000e+01
      vertex   1.576848e+01 3.867945e+01 1.500000e+01
      vertex   1.518681e+01 3.840127e+01 1.500000e+01
    endloop
  endfacet
  facet normal 3.049941e-15 8.942689e-17 1.000000e+00
    outer loop
      vertex   1.575353e+01 1.907322e+01 1.500000e+01
      vertex   1.518681e+01 3.840127e+01 1.500000e+01
      vertex   1.516323e+01 1.934172e+01 1.500000e+01
    endloop
  endfacet
  facet normal -5.459292e-17 9.326788e-17 1.000000e+00
    outer loop
      vertex   1.516323e+01 1.934172e+01 1.500000e+01
      vertex   1.518681e+01 3.840127e+01 1.500000e+01
      vertex   1.462567e+01 3.807281e+01 1.500000e+01
    endloop
  endfacet
  facet normal -3.113612e-15 5.476484e-18 1.000000e+00
    outer loop
      vertex   1.516323e+01 1.934172e+01 1.500000e+01
      vertex   1.462567e+01 3.807281e+01 1.500000e+01
      vertex   1.459328e+01 1.966169e+01 1.500000e+01
    endloop
  endfacet
  facet normal 0.000000e+00 -0.000000e+00 1.000000e+00
    outer loop
      vertex   1.459328e+01 1.966169e+01 1.500000e+01
      vertex   1.462567e+01 3.807281e+01 1.500000e+01
      vertex   1.408093e+01 3.770413e+01 1.500000e+01
    endloop
  endfacet
  facet normal 0.000000e+00 0.000000e+00 1.000000e+00
    outer loop
      vertex   1.459328e+01 1.966169e+01 1.500000e+01
      vertex   1.408093e+01 3.770413e+01 1.500000e+01
      vertex   1.403961e+01 2.002286e+01 1.500000e+01
    endloop
  endfacet
  facet normal 0.000000e+00 -0.000000e+00 1.000000e+00
    outer loop
      vertex   1.403961e+01 2.002286e+01 1.500000e+01
      vertex   1.408093e+01 3.770413e+01 1.500000e+01
      vertex   1.354852e+01 3.730528e+01 1.500000e+01
    endloop
  endfacet
  facet normal 0.000000e+00 0.000000e+00 1.000000e+00
    outer loop
      vertex   1.403961e+01 2.002286e+01 1.500000e+01
      vertex   1.354852e+01 3.730528e+01 1.500000e+01
      vertex   1.349814e+01 2.041491e+01 1.500000e+01
    endloop
  endfacet
  facet normal 0.000000e+00 -0.000000e+00 1.000000e+00
    outer loop
      vertex   1.349814e+01 2.041491e+01 1.500000e+01
      vertex   1.354852e+01 3.730528e+01 1.500000e+01
      vertex   1.250421e+01 3.645731e+01 1.500000e+01
    endloop
  endfacet
  facet normal 0.000000e+00 0.000000e+00 1.000000e+00
    outer loop
      vertex   1.349814e+01 2.041491e+01 1.500000e+01
      vertex   1.250421e+01 3.645731e+01 1.500000e+01
      vertex   1.186087e+01 3.562273e+01 1.500000e+01
    endloop
  endfacet
  facet normal -0.000000e+00 0.000000e+00 1.000000e+00
    outer loop
      vertex   1.125423e+01 3.477388e+01 1.500000e+01
      vertex   1.179493e+01 2.209779e+01 1.500000e+01
      vertex   1.186087e+01 3.562273e+01 1.500000e+01
    endloop
  endfacet
  facet normal 0.000000e+00 0.000000e+00 1.000000e+00
    outer loop
      vertex   1.186087e+01 3.562273e+01 1.500000e+01
      vertex   1.179493e+01 2.209779e+01 1.500000e+01
      vertex   1.243555e+01 2.125050e+01 1.500000e+01
    endloop
  endfacet
  facet normal 0.000000e+00 0.000000e+00 1.000000e+00
    outer loop
      vertex   1.186087e+01 3.562273e+01 1.500000e+01
      vertex   1.243555e+01 2.125050e+01 1.500000e+01
      vertex   1.349814e+01 2.041491e+01 1.500000e+01
    endloop
  endfacet
  facet normal -8.895794e-15 3.381820e-15 1.000000e+00
    outer loop
      vertex   1.072100e+01 3.389649e+01 1.500000e+01
      vertex   9.817197e+00 3.099380e+01 1.500000e+01
      vertex   1.125423e+01 3.477388e+01 1.500000e+01
    endloop
  endfacet
  facet normal 0.000000e+00 0.000000e+00 1.000000e+00
    outer loop
      vertex   1.125423e+01 3.477388e+01 1.500000e+01
      vertex   9.817197e+00 3.099380e+01 1.500000e+01
      vertex   9.698579e+00 2.995523e+01 1.500000e+01
    endloop
  endfacet
  facet normal 0.000000e+00 0.000000e+00 1.000000e+00
    outer loop
      vertex   1.125423e+01 3.477388e+01 1.500000e+01
      vertex   9.698579e+00 2.995523e+01 1.500000e+01
      vertex   9.687789e+00 2.784049e+01 1.500000e+01
    endloop
  endfacet
  facet normal 0.000000e+00 -0.000000e+00 1.000000e+00
    outer loop
      vertex   9.687789e+00 2.784049e+01 1.500000e+01
      vertex   9.698579e+00 2.995523e+01 1.500000e+01
      vertex   9.614736e+00 2.890314e+01 1.500000e+01
    endloop
  endfacet
  facet normal 1.736431e-14 -4.794696e-15 1.000000e+00
    outer loop
      vertex   1.072100e+01 3.389649e+01 1.500000e+01
      vertex   1.049338e+01 3.344264e+01 1.500000e+01
      vertex   9.817197e+00 3.099380e+01 1.500000e+01
    endloop
  endfacet
  facet normal 0.000000e+00 0.000000e+00 1.000000e+00
    outer loop
      vertex   9.817197e+00 3.099380e+01 1.500000e+01
      vertex   1.049338e+01 3.344264e+01 1.500000e+01
      vertex   1.000537e+01 3.200533e+01 1.500000e+01
    endloop
  endfacet
  facet normal 0.000000e+00 0.000000e+00 1.000000e+00
    outer loop
      vertex   1.000537e+01 3.200533e+01 1.500000e+01
      vertex   1.049338e+01 3.344264e+01 1.500000e+01
      vertex   1.013640e+01 3.249674e+01 1.500000e+01
    endloop
  endfacet
  facet normal 9.096967e-14 -3.433156e-14 1.000000e+00
    outer loop
      vertex   1.013640e+01 3.249674e+01 1.500000e+01
      vertex   1.049338e+01 3.344264e+01 1.500000e+01
      vertex   1.029786e+01 3.297631e+01 1.500000e+01
    endloop
  endfacet
  facet normal 0.000000e+00 0.000000e+00 1.000000e+00
    outer loop
      vertex   1.125423e+01 3.477388e+01 1.500000e+01
      vertex   9.687789e+00 2.784049e+01 1.500000e+01
      vertex   1.066570e+01 2.385007e+01 1.500000e+01
    endloop
  endfacet
  facet normal 0.000000e+00 0.000000e+00 1.000000e+00
    outer loop
      vertex   1.066570e+01 2.385007e+01 1.500000e+01
      vertex   9.687789e+00 2.784049e+01 1.500000e+01
      vertex   9.795452e+00 2.679097e+01 1.500000e+01
    endloop
  endfacet
  facet normal 0.000000e+00 0.000000e+00 1.000000e+00
    outer loop
      vertex   1.066570e+01 2.385007e+01 1.500000e+01
      vertex   9.795452e+00 2.679097e+01 1.500000e+01
      vertex   1.044279e+01 2.431067e+01 1.500000e+01
    endloop
  endfacet
  facet normal 0.000000e+00 0.000000e+00 1.000000e+00
    outer loop
      vertex   1.044279e+01 2.431067e+01 1.500000e+01
      vertex   9.795452e+00 2.679097e+01 1.500000e+01
      vertex   1.025305e+01 2.478387e+01 1.500000e+01
    endloop
  endfacet
  facet normal 0.000000e+00 0.000000e+00 1.000000e+00
    outer loop
      vertex   1.025305e+01 2.478387e+01 1.500000e+01
      vertex   9.795452e+00 2.679097e+01 1.500000e+01
      vertex   1.009755e+01 2.527005e+01 1.500000e+01
    endloop
  endfacet
  facet normal -6.738038e-14 -1.338363e-14 1.000000e+00
    outer loop
      vertex   1.009755e+01 2.527005e+01 1.500000e+01
      vertex   9.795452e+00 2.679097e+01 1.500000e+01
      vertex   9.972335e+00 2.576772e+01 1.500000e+01
    endloop
  endfacet
  facet normal -0.000000e+00 0.000000e+00 1.000000e+00
    outer loop
      vertex   1.066570e+01 2.385007e+01 1.500000e+01
      vertex   1.119231e+01 2.295951e+01 1.500000e+01
      vertex   1.125423e+01 3.477388e+01 1.500000e+01
    endloop
  endfacet
  facet normal 0.000000e+00 0.000000e+00 1.000000e+00
    outer loop
      vertex   1.125423e+01 3.477388e+01 1.500000e+01
      vertex   1.119231e+01 2.295951e+01 1.500000e+01
      vertex   1.179493e+01 2.209779e+01 1.500000e+01
    endloop
  endfacet
  facet normal 0.000000e+00 0.000000e+00 1.000000e+00
    outer loop
      vertex   1.700000e+01 1.442773e+01 1.500000e+01
      vertex   1.636722e+01 1.453149e+01 1.500000e+01
      vertex   0.000000e+00 2.500000e+00 1.500000e+01
    endloop
  endfacet
  facet normal 0.000000e+00 0.000000e+00 1.000000e+00
    outer loop
      vertex   0.000000e+00 2.500000e+00 1.500000e+01
      vertex   1.636722e+01 1.453149e+01 1.500000e+01
      vertex   1.574196e+01 1.466692e+01 1.500000e+01
    endloop
  endfacet
  facet normal 0.000000e+00 0.000000e+00 1.000000e+00
    outer loop
      vertex   0.000000e+00 2.500000e+00 1.500000e+01
      vertex   1.574196e+01 1.466692e+01 1.500000e+01
      vertex   1.512496e+01 1.483723e+01 1.500000e+01
    endloop
  endfacet
  facet normal 0.000000e+00 0.000000e+00 1.000000e+00
    outer loop
      vertex   1.512496e+01 1.483723e+01 1.500000e+01
      vertex   1.451516e+01 1.503786e+01 1.500000e+01
      vertex   0.000000e+00 2.500000e+00 1.500000e+01
    endloop
  endfacet
  facet normal 0.000000e+00 0.000000e+00 1.000000e+00
    outer loop
      vertex   0.000000e+00 2.500000e+00 1.500000e+01
      vertex   1.451516e+01 1.503786e+01 1.500000e+01
      vertex   1.331138e+01 1.550582e+01 1.500000e+01
    endloop
  endfacet
  facet normal 0.000000e+00 0.000000e+00 1.000000e+00
    outer loop
      vertex   0.000000e+00 2.500000e+00 1.500000e+01
      vertex   1.331138e+01 1.550582e+01 1.500000e+01
      vertex   1.211910e+01 1.602229e+01 1.500000e+01
    endloop
  endfacet
  facet normal 0.000000e+00 0.000000e+00 1.000000e+00
    outer loop
      vertex   1.211910e+01 1.602229e+01 1.500000e+01
      vertex   1.051838e+01 1.706580e+01 1.500000e+01
      vertex   0.000000e+00 2.500000e+00 1.500000e+01
    endloop
  endfacet
  facet normal -1.525536e-15 1.101633e-15 1.000000e+00
    outer loop
      vertex   0.000000e+00 2.500000e+00 1.500000e+01
      vertex   1.051838e+01 1.706580e+01 1.500000e+01
      vertex   9.764680e+00 1.763455e+01 1.500000e+01
    endloop
  endfacet
  facet normal 1.679964e-15 -9.665267e-16 1.000000e+00
    outer loop
      vertex   0.000000e+00 2.500000e+00 1.500000e+01
      vertex   9.764680e+00 1.763455e+01 1.500000e+01
      vertex   9.066975e+00 1.825972e+01 1.500000e+01
    endloop
  endfacet
  facet normal 0.000000e+00 0.000000e+00 1.000000e+00
    outer loop
      vertex   9.066975e+00 1.825972e+01 1.500000e+01
      vertex   8.437534e+00 1.895365e+01 1.500000e+01
      vertex   0.000000e+00 2.500000e+00 1.500000e+01
    endloop
  endfacet
  facet normal 0.000000e+00 0.000000e+00 1.000000e+00
    outer loop
      vertex   0.000000e+00 2.500000e+00 1.500000e+01
      vertex   8.437534e+00 1.895365e+01 1.500000e+01
      vertex   7.863805e+00 1.970370e+01 1.500000e+01
    endloop
  endfacet
  facet normal 0.000000e+00 0.000000e+00 1.000000e+00
    outer loop
      vertex   0.000000e+00 2.500000e+00 1.500000e+01
      vertex   7.863805e+00 1.970370e+01 1.500000e+01
      vertex   6.809202e+00 2.129735e+01 1.500000e+01
    endloop
  endfacet
  facet normal 0.000000e+00 0.000000e+00 1.000000e+00
    outer loop
      vertex   6.809202e+00 2.129735e+01 1.500000e+01
      vertex   5.993855e+00 2.319061e+01 1.500000e+01
      vertex   0.000000e+00 2.500000e+00 1.500000e+01
    endloop
  endfacet
  facet normal 0.000000e+00 0.000000e+00 1.000000e+00
    outer loop
      vertex   0.000000e+00 2.500000e+00 1.500000e+01
      vertex   5.993855e+00 2.319061e+01 1.500000e+01
      vertex   5.646790e+00 2.415187e+01 1.500000e+01
    endloop
  endfacet
  facet normal 0.000000e+00 0.000000e+00 1.000000e+00
    outer loop
      vertex   0.000000e+00 2.500000e+00 1.500000e+01
      vertex   5.646790e+00 2.415187e+01 1.500000e+01
      vertex   5.372435e+00 2.513068e+01 1.500000e+01
    endloop
  endfacet
  facet normal -4.170035e-15 9.899499e-16 1.000000e+00
    outer loop
      vertex   5.372435e+00 2.513068e+01 1.500000e+01
      vertex   5.183728e+00 2.613017e+01 1.500000e+01
      vertex   0.000000e+00 2.500000e+00 1.500000e+01
    endloop
  endfacet
  facet normal 5.393657e-15 -1.108028e-15 1.000000e+00
    outer loop
      vertex   0.000000e+00 2.500000e+00 1.500000e+01
      vertex   5.183728e+00 2.613017e+01 1.500000e+01
      vertex   5.063088e+00 2.714609e+01 1.500000e+01
    endloop
  endfacet
  facet normal 0.000000e+00 0.000000e+00 1.000000e+00
    outer loop
      vertex   0.000000e+00 2.500000e+00 1.500000e+01
      vertex   5.063088e+00 2.714609e+01 1.500000e+01
      vertex   4.935254e+00 2.920532e+01 1.500000e+01
    endloop
  endfacet
  facet normal 6.078963e-15 6.762650e-16 1.000000e+00
    outer loop
      vertex   5.133245e+00 3.135713e+01 1.500000e+01
      vertex   5.308514e+00 3.240836e+01 1.500000e+01
      vertex   0.000000e+00 7.750000e+01 1.500000e+01
    endloop
  endfacet
  facet normal -5.504202e-01 8.348878e-01 0.000000e+00
    outer loop
      vertex   2.809459e+01 4.278097e+01 -3.581598e-16
      vertex   2.798033e+01 4.270564e+01 -3.563313e-16
      vertex   2.809459e+01 4.278097e+01 7.500000e+00
    endloop
  endfacet
  facet normal -6.126448e-01 7.903572e-01 1.395272e-03
    outer loop
      vertex   2.809459e+01 4.278097e+01 7.500000e+00
      vertex   2.798033e+01 4.270564e+01 -3.563313e-16
      vertex   2.790097e+01 4.263750e+01 3.750000e+00
    endloop
  endfacet
  facet normal -5.953406e-01 8.034735e-01 -5.643633e-16
    outer loop
      vertex   2.809459e+01 4.278097e+01 7.500000e+00
      vertex   2.790097e+01 4.263750e+01 3.750000e+00
      vertex   2.790097e+01 4.263750e+01 7.500000e+00
    endloop
  endfacet
  facet normal -7.696226e-01 6.384991e-01 -7.291330e-16
    outer loop
      vertex   2.790097e+01 4.263750e+01 7.500000e+00
      vertex   2.790097e+01 4.263750e+01 3.750000e+00
      vertex   2.774529e+01 4.244986e+01 3.750000e+00
    endloop
  endfacet
  facet normal -7.696226e-01 6.384991e-01 -7.285564e-16
    outer loop
      vertex   2.790097e+01 4.263750e+01 7.500000e+00
      vertex   2.774529e+01 4.244986e+01 3.750000e+00
      vertex   2.774529e+01 4.244986e+01 7.500000e+00
    endloop
  endfacet
  facet normal -9.002006e-01 4.354755e-01 -8.528413e-16
    outer loop
      vertex   2.774529e+01 4.244986e+01 7.500000e+00
      vertex   2.774529e+01 4.244986e+01 3.750000e+00
      vertex   2.763930e+01 4.223076e+01 3.750000e+00
    endloop
  endfacet
  facet normal -9.002006e-01 4.354755e-01 -8.514793e-16
    outer loop
      vertex   2.774529e+01 4.244986e+01 7.500000e+00
      vertex   2.763930e+01 4.223076e+01 3.750000e+00
      vertex   2.763930e+01 4.223076e+01 7.500000e+00
    endloop
  endfacet
  facet normal -9.714723e-01 2.371530e-01 -9.203635e-16
    outer loop
      vertex   2.763930e+01 4.223076e+01 7.500000e+00
      vertex   2.763930e+01 4.223076e+01 3.750000e+00
      vertex   2.759959e+01 4.206808e+01 3.750000e+00
    endloop
  endfacet
  facet normal -9.714723e-01 2.371530e-01 -1.841182e-15
    outer loop
      vertex   2.763930e+01 4.223076e+01 7.500000e+00
      vertex   2.759959e+01 4.206808e+01 3.750000e+00
      vertex   2.759959e+01 4.206808e+01 7.500000e+00
    endloop
  endfacet
  facet normal -9.974252e-01 7.171491e-02 -1.889902e-15
    outer loop
      vertex   2.759959e+01 4.206808e+01 7.500000e+00
      vertex   2.759959e+01 4.206808e+01 3.750000e+00
      vertex   2.758756e+01 4.190077e+01 3.750000e+00
    endloop
  endfacet
  facet normal -9.974252e-01 7.171491e-02 0.000000e+00
    outer loop
      vertex   2.759959e+01 4.206808e+01 7.500000e+00
      vertex   2.758756e+01 4.190077e+01 3.750000e+00
      vertex   2.758756e+01 4.190077e+01 7.500000e+00
    endloop
  endfacet
  facet normal -9.968851e-01 -7.886784e-02 -0.000000e+00
    outer loop
      vertex   2.758756e+01 4.190077e+01 7.500000e+00
      vertex   2.758756e+01 4.190077e+01 3.750000e+00
      vertex   2.759865e+01 4.176064e+01 3.750000e+00
    endloop
  endfacet
  facet normal -9.968851e-01 -7.886784e-02 0.000000e+00
    outer loop
      vertex   2.758756e+01 4.190077e+01 7.500000e+00
      vertex   2.759865e+01 4.176064e+01 3.750000e+00
      vertex   2.759865e+01 4.176064e+01 7.500000e+00
    endloop
  endfacet
  facet normal -9.765136e-01 -2.154557e-01 -0.000000e+00
    outer loop
      vertex   2.759865e+01 4.176064e+01 7.500000e+00
      vertex   2.759865e+01 4.176064e+01 3.750000e+00
      vertex   2.762890e+01 4.162351e+01 3.750000e+00
    endloop
  endfacet
  facet normal -9.765136e-01 -2.154557e-01 0.000000e+00
    outer loop
      vertex   2.759865e+01 4.176064e+01 7.500000e+00
      vertex   2.762890e+01 4.162351e+01 3.750000e+00
      vertex   2.762890e+01 4.162351e+01 7.500000e+00
    endloop
  endfacet
  facet normal -9.361346e-01 -3.516419e-01 -0.000000e+00
    outer loop
      vertex   2.762890e+01 4.162351e+01 7.500000e+00
      vertex   2.762890e+01 4.162351e+01 3.750000e+00
      vertex   2.767821e+01 4.149224e+01 3.750000e+00
    endloop
  endfacet
  facet normal -9.361346e-01 -3.516419e-01 -6.663601e-16
    outer loop
      vertex   2.762890e+01 4.162351e+01 7.500000e+00
      vertex   2.767821e+01 4.149224e+01 3.750000e+00
      vertex   2.767821e+01 4.149224e+01 7.500000e+00
    endloop
  endfacet
  facet normal -8.756166e-01 -4.830067e-01 -9.151918e-16
    outer loop
      vertex   2.767821e+01 4.149224e+01 7.500000e+00
      vertex   2.767821e+01 4.149224e+01 3.750000e+00
      vertex   2.774595e+01 4.136943e+01 3.750000e+00
    endloop
  endfacet
  facet normal -8.756166e-01 -4.830067e-01 -9.136431e-16
    outer loop
      vertex   2.767821e+01 4.149224e+01 7.500000e+00
      vertex   2.774595e+01 4.136943e+01 3.750000e+00
      vertex   2.774595e+01 4.136943e+01 7.500000e+00
    endloop
  endfacet
  facet normal -7.992909e-01 -6.009443e-01 -1.138658e-15
    outer loop
      vertex   2.774595e+01 4.136943e+01 7.500000e+00
      vertex   2.774595e+01 4.136943e+01 3.750000e+00
      vertex   2.783034e+01 4.125719e+01 3.750000e+00
    endloop
  endfacet
  facet normal -7.992909e-01 -6.009443e-01 -1.139799e-15
    outer loop
      vertex   2.774595e+01 4.136943e+01 7.500000e+00
      vertex   2.783034e+01 4.125719e+01 3.750000e+00
      vertex   2.783034e+01 4.125719e+01 7.500000e+00
    endloop
  endfacet
  facet normal -7.091102e-01 -7.050976e-01 -1.336005e-15
    outer loop
      vertex   2.783034e+01 4.125719e+01 7.500000e+00
      vertex   2.783034e+01 4.125719e+01 3.750000e+00
      vertex   2.792943e+01 4.115754e+01 3.750000e+00
    endloop
  endfacet
  facet normal -7.091102e-01 -7.050976e-01 -1.336418e-15
    outer loop
      vertex   2.783034e+01 4.125719e+01 7.500000e+00
      vertex   2.792943e+01 4.115754e+01 3.750000e+00
      vertex   2.792943e+01 4.115754e+01 7.500000e+00
    endloop
  endfacet
  facet normal -6.052635e-01 -7.960252e-01 -1.508293e-15
    outer loop
      vertex   2.792943e+01 4.115754e+01 7.500000e+00
      vertex   2.792943e+01 4.115754e+01 3.750000e+00
      vertex   2.804128e+01 4.107249e+01 3.750000e+00
    endloop
  endfacet
  facet normal -6.052635e-01 -7.960252e-01 0.000000e+00
    outer loop
      vertex   2.792943e+01 4.115754e+01 7.500000e+00
      vertex   2.804128e+01 4.107249e+01 3.750000e+00
      vertex   2.804128e+01 4.107249e+01 7.500000e+00
    endloop
  endfacet
  facet normal -4.870941e-01 -8.733495e-01 -0.000000e+00
    outer loop
      vertex   2.804128e+01 4.107249e+01 7.500000e+00
      vertex   2.804128e+01 4.107249e+01 3.750000e+00
      vertex   2.816394e+01 4.100408e+01 7.500000e+00
    endloop
  endfacet
  facet normal -4.870941e-01 -8.733495e-01 0.000000e+00
    outer loop
      vertex   2.804128e+01 4.107249e+01 7.500000e+00
      vertex   2.816394e+01 4.100408e+01 7.500000e+00
      vertex   2.804128e+01 4.107249e+01 1.125000e+01
    endloop
  endfacet
  facet normal -4.903351e-01 -8.715340e-01 -1.391321e-04
    outer loop
      vertex   2.804128e+01 4.107249e+01 1.125000e+01
      vertex   2.816394e+01 4.100408e+01 7.500000e+00
      vertex   2.804416e+01 4.107028e+01 1.500000e+01
    endloop
  endfacet
  facet normal -5.985431e-01 -8.010906e-01 -1.451731e-05
    outer loop
      vertex   2.804128e+01 4.107249e+01 1.125000e+01
      vertex   2.804416e+01 4.107028e+01 1.500000e+01
      vertex   2.793473e+01 4.115203e+01 1.500000e+01
    endloop
  endfacet
  facet normal -6.591584e-01 7.520041e-01 -2.859473e-04
    outer loop
      vertex   2.798033e+01 4.270564e+01 -3.563313e-16
      vertex   2.787761e+01 4.261560e+01 -4.962154e-16
      vertex   2.790097e+01 4.263750e+01 3.750000e+00
    endloop
  endfacet
  facet normal -7.556006e-01 6.550321e-01 8.811511e-04
    outer loop
      vertex   2.790097e+01 4.263750e+01 3.750000e+00
      vertex   2.787761e+01 4.261560e+01 -4.962154e-16
      vertex   2.778791e+01 4.251213e+01 -5.551115e-16
    endloop
  endfacet
  facet normal -7.696213e-01 6.384980e-01 1.856635e-03
    outer loop
      vertex   2.790097e+01 4.263750e+01 3.750000e+00
      vertex   2.778791e+01 4.251213e+01 -5.551115e-16
      vertex   2.774529e+01 4.244986e+01 3.750000e+00
    endloop
  endfacet
  facet normal -8.379632e-01 5.457265e-01 -4.607641e-04
    outer loop
      vertex   2.774529e+01 4.244986e+01 3.750000e+00
      vertex   2.778791e+01 4.251213e+01 -5.551115e-16
      vertex   2.771327e+01 4.239752e+01 -5.551115e-16
    endloop
  endfacet
  facet normal -9.001994e-01 4.354750e-01 1.609464e-03
    outer loop
      vertex   2.774529e+01 4.244986e+01 3.750000e+00
      vertex   2.771327e+01 4.239752e+01 -5.551115e-16
      vertex   2.763930e+01 4.223076e+01 3.750000e+00
    endloop
  endfacet
  facet normal -9.045551e-01 4.263552e-01 1.117995e-03
    outer loop
      vertex   2.763930e+01 4.223076e+01 3.750000e+00
      vertex   2.771327e+01 4.239752e+01 -5.551115e-16
      vertex   2.765503e+01 4.227395e+01 -5.551115e-16
    endloop
  endfacet
  facet normal -9.542799e-01 2.989140e-01 -5.583045e-04
    outer loop
      vertex   2.763930e+01 4.223076e+01 3.750000e+00
      vertex   2.765503e+01 4.227395e+01 -5.551115e-16
      vertex   2.761408e+01 4.214322e+01 -5.551115e-16
    endloop
  endfacet
  facet normal -9.714718e-01 2.371529e-01 9.989625e-04
    outer loop
      vertex   2.763930e+01 4.223076e+01 3.750000e+00
      vertex   2.761408e+01 4.214322e+01 -5.551115e-16
      vertex   2.759959e+01 4.206808e+01 3.750000e+00
    endloop
  endfacet
  facet normal -9.861550e-01 1.658256e-01 -4.871110e-04
    outer loop
      vertex   2.759959e+01 4.206808e+01 3.750000e+00
      vertex   2.761408e+01 4.214322e+01 -5.551115e-16
      vertex   2.759141e+01 4.200841e+01 -5.551115e-16
    endloop
  endfacet
  facet normal -9.974246e-01 7.171487e-02 1.034979e-03
    outer loop
      vertex   2.759959e+01 4.206808e+01 3.750000e+00
      vertex   2.759141e+01 4.200841e+01 -5.551115e-16
      vertex   2.758756e+01 4.190077e+01 3.750000e+00
    endloop
  endfacet
  facet normal -9.995554e-01 2.981429e-02 -1.698692e-04
    outer loop
      vertex   2.758756e+01 4.190077e+01 3.750000e+00
      vertex   2.759141e+01 4.200841e+01 -5.551115e-16
      vertex   2.758733e+01 4.187183e+01 -5.551115e-16
    endloop
  endfacet
  facet normal -9.968849e-01 -7.886782e-02 6.688142e-04
    outer loop
      vertex   2.758756e+01 4.190077e+01 3.750000e+00
      vertex   2.758733e+01 4.187183e+01 -5.551115e-16
      vertex   2.759865e+01 4.176064e+01 3.750000e+00
    endloop
  endfacet
  facet normal -9.942688e-01 -1.069090e-01 -1.705019e-04
    outer loop
      vertex   2.759865e+01 4.176064e+01 3.750000e+00
      vertex   2.758733e+01 4.187183e+01 -5.551115e-16
      vertex   2.760198e+01 4.173561e+01 -5.551115e-16
    endloop
  endfacet
  facet normal -9.765134e-01 -2.154557e-01 5.699004e-04
    outer loop
      vertex   2.759865e+01 4.176064e+01 3.750000e+00
      vertex   2.760198e+01 4.173561e+01 -5.551115e-16
      vertex   2.762890e+01 4.162351e+01 3.750000e+00
    endloop
  endfacet
  facet normal -9.703659e-01 -2.416403e-01 -2.569284e-04
    outer loop
      vertex   2.762890e+01 4.162351e+01 3.750000e+00
      vertex   2.760198e+01 4.173561e+01 -5.551115e-16
      vertex   2.763500e+01 4.160300e+01 -5.551115e-16
    endloop
  endfacet
  facet normal -9.361345e-01 -3.516419e-01 4.005548e-04
    outer loop
      vertex   2.762890e+01 4.162351e+01 3.750000e+00
      vertex   2.763500e+01 4.160300e+01 -5.551115e-16
      vertex   2.767821e+01 4.149224e+01 3.750000e+00
    endloop
  endfacet
  facet normal -9.283569e-01 -3.716899e-01 -2.811971e-04
    outer loop
      vertex   2.767821e+01 4.149224e+01 3.750000e+00
      vertex   2.763500e+01 4.160300e+01 -5.551115e-16
      vertex   2.768581e+01 4.147610e+01 -5.551115e-16
    endloop
  endfacet
  facet normal -8.756166e-01 -4.830067e-01 3.045366e-04
    outer loop
      vertex   2.767821e+01 4.149224e+01 3.750000e+00
      vertex   2.768581e+01 4.147610e+01 -5.551115e-16
      vertex   2.774595e+01 4.136943e+01 3.750000e+00
    endloop
  endfacet
  facet normal -8.689116e-01 -4.949673e-01 -1.432327e-04
    outer loop
      vertex   2.774595e+01 4.136943e+01 3.750000e+00
      vertex   2.768581e+01 4.147610e+01 -5.551115e-16
      vertex   2.775363e+01 4.135704e+01 -5.551115e-16
    endloop
  endfacet
  facet normal -7.992908e-01 -6.009443e-01 3.496946e-04
    outer loop
      vertex   2.774595e+01 4.136943e+01 3.750000e+00
      vertex   2.775363e+01 4.135704e+01 -5.551115e-16
      vertex   2.783034e+01 4.125719e+01 3.750000e+00
    endloop
  endfacet
  facet normal -7.931545e-01 -6.090205e-01 9.142205e-06
    outer loop
      vertex   2.783034e+01 4.125719e+01 3.750000e+00
      vertex   2.775363e+01 4.135704e+01 -5.551115e-16
      vertex   2.783695e+01 4.124852e+01 -5.551115e-16
    endloop
  endfacet
  facet normal -7.091102e-01 -7.050976e-01 3.793786e-04
    outer loop
      vertex   2.783034e+01 4.125719e+01 3.750000e+00
      vertex   2.783695e+01 4.124852e+01 -5.551115e-16
      vertex   2.792943e+01 4.115754e+01 3.750000e+00
    endloop
  endfacet
  facet normal -7.025270e-01 -7.116571e-01 5.787330e-05
    outer loop
      vertex   2.792943e+01 4.115754e+01 3.750000e+00
      vertex   2.783695e+01 4.124852e+01 -5.551115e-16
      vertex   2.793448e+01 4.115225e+01 -6.063111e-16
    endloop
  endfacet
  facet normal -6.052635e-01 -7.960251e-01 3.075543e-04
    outer loop
      vertex   2.792943e+01 4.115754e+01 3.750000e+00
      vertex   2.793448e+01 4.115225e+01 -6.063111e-16
      vertex   2.804128e+01 4.107249e+01 3.750000e+00
    endloop
  endfacet
  facet normal -5.987124e-01 -8.009641e-01 1.591919e-05
    outer loop
      vertex   2.804128e+01 4.107249e+01 3.750000e+00
      vertex   2.793448e+01 4.115225e+01 -6.063111e-16
      vertex   2.804409e+01 4.107032e+01 -1.178625e-15
    endloop
  endfacet
  facet normal -4.837117e-01 -8.752274e-01 1.448990e-04
    outer loop
      vertex   2.804128e+01 4.107249e+01 3.750000e+00
      vertex   2.804409e+01 4.107032e+01 -1.178625e-15
      vertex   2.816394e+01 4.100408e+01 -4.493162e-16
    endloop
  endfacet
  facet normal -4.870941e-01 -8.733495e-01 2.307341e-16
    outer loop
      vertex   2.816394e+01 4.100408e+01 -4.493162e-16
      vertex   2.816394e+01 4.100408e+01 7.500000e+00
      vertex   2.804128e+01 4.107249e+01 3.750000e+00
    endloop
  endfacet
  facet normal -4.836758e-01 -8.752472e-01 -2.291149e-16
    outer loop
      vertex   2.816394e+01 4.100408e+01 7.500000e+00
      vertex   2.816394e+01 4.100408e+01 1.500000e+01
      vertex   2.804416e+01 4.107028e+01 1.500000e+01
    endloop
  endfacet
  facet normal -6.052635e-01 -7.960251e-01 -3.129064e-04
    outer loop
      vertex   2.804128e+01 4.107249e+01 1.125000e+01
      vertex   2.793473e+01 4.115203e+01 1.500000e+01
      vertex   2.792943e+01 4.115754e+01 1.125000e+01
    endloop
  endfacet
  facet normal -7.022500e-01 -7.119304e-01 -5.241075e-05
    outer loop
      vertex   2.792943e+01 4.115754e+01 1.125000e+01
      vertex   2.793473e+01 4.115203e+01 1.500000e+01
      vertex   2.783724e+01 4.124820e+01 1.500000e+01
    endloop
  endfacet
  facet normal -7.091102e-01 -7.050976e-01 -3.862537e-04
    outer loop
      vertex   2.792943e+01 4.115754e+01 1.125000e+01
      vertex   2.783724e+01 4.124820e+01 1.500000e+01
      vertex   2.783034e+01 4.125719e+01 1.125000e+01
    endloop
  endfacet
  facet normal -7.928811e-01 -6.093763e-01 -2.545222e-06
    outer loop
      vertex   2.783034e+01 4.125719e+01 1.125000e+01
      vertex   2.783724e+01 4.124820e+01 1.500000e+01
      vertex   2.775389e+01 4.135665e+01 1.500000e+01
    endloop
  endfacet
  facet normal -7.992908e-01 -6.009443e-01 -3.568447e-04
    outer loop
      vertex   2.783034e+01 4.125719e+01 1.125000e+01
      vertex   2.775389e+01 4.135665e+01 1.500000e+01
      vertex   2.774595e+01 4.136943e+01 1.125000e+01
    endloop
  endfacet
  facet normal -8.685746e-01 -4.955585e-01 1.491598e-04
    outer loop
      vertex   2.774595e+01 4.136943e+01 1.125000e+01
      vertex   2.775389e+01 4.135665e+01 1.500000e+01
      vertex   2.768620e+01 4.147530e+01 1.500000e+01
    endloop
  endfacet
  facet normal -8.756166e-01 -4.830067e-01 -3.174204e-04
    outer loop
      vertex   2.774595e+01 4.136943e+01 1.125000e+01
      vertex   2.768620e+01 4.147530e+01 1.500000e+01
      vertex   2.767821e+01 4.149224e+01 1.125000e+01
    endloop
  endfacet
  facet normal -9.280803e-01 -3.723801e-01 2.938640e-04
    outer loop
      vertex   2.767821e+01 4.149224e+01 1.125000e+01
      vertex   2.768620e+01 4.147530e+01 1.500000e+01
      vertex   2.763518e+01 4.160244e+01 1.500000e+01
    endloop
  endfacet
  facet normal -9.361345e-01 -3.516419e-01 -4.079744e-04
    outer loop
      vertex   2.767821e+01 4.149224e+01 1.125000e+01
      vertex   2.763518e+01 4.160244e+01 1.500000e+01
      vertex   2.762890e+01 4.162351e+01 1.125000e+01
    endloop
  endfacet
  facet normal -9.702311e-01 -2.421808e-01 2.643312e-04
    outer loop
      vertex   2.762890e+01 4.162351e+01 1.125000e+01
      vertex   2.763518e+01 4.160244e+01 1.500000e+01
      vertex   2.760208e+01 4.173508e+01 1.500000e+01
    endloop
  endfacet
  facet normal -9.765134e-01 -2.154557e-01 -5.757019e-04
    outer loop
      vertex   2.762890e+01 4.162351e+01 1.125000e+01
      vertex   2.760208e+01 4.173508e+01 1.500000e+01
      vertex   2.759865e+01 4.176064e+01 1.125000e+01
    endloop
  endfacet
  facet normal -9.941913e-01 -1.076277e-01 1.754624e-04
    outer loop
      vertex   2.759865e+01 4.176064e+01 1.125000e+01
      vertex   2.760208e+01 4.173508e+01 1.500000e+01
      vertex   2.758737e+01 4.187092e+01 1.500000e+01
    endloop
  endfacet
  facet normal -9.968849e-01 -7.886782e-02 -6.784428e-04
    outer loop
      vertex   2.759865e+01 4.176064e+01 1.125000e+01
      vertex   2.758737e+01 4.187092e+01 1.500000e+01
      vertex   2.758756e+01 4.190077e+01 1.125000e+01
    endloop
  endfacet
  facet normal -9.995767e-01 2.909171e-02 1.807006e-04
    outer loop
      vertex   2.758756e+01 4.190077e+01 1.125000e+01
      vertex   2.758737e+01 4.187092e+01 1.500000e+01
      vertex   2.759136e+01 4.200787e+01 1.500000e+01
    endloop
  endfacet
  facet normal -9.974246e-01 7.171487e-02 -1.038811e-03
    outer loop
      vertex   2.758756e+01 4.190077e+01 1.125000e+01
      vertex   2.759136e+01 4.200787e+01 1.500000e+01
      vertex   2.759959e+01 4.206808e+01 1.125000e+01
    endloop
  endfacet
  facet normal -9.862472e-01 1.652761e-01 4.878107e-04
    outer loop
      vertex   2.759959e+01 4.206808e+01 1.125000e+01
      vertex   2.759136e+01 4.200787e+01 1.500000e+01
      vertex   2.761394e+01 4.214265e+01 1.500000e+01
    endloop
  endfacet
  facet normal -9.714718e-01 2.371529e-01 -9.981141e-04
    outer loop
      vertex   2.759959e+01 4.206808e+01 1.125000e+01
      vertex   2.761394e+01 4.214265e+01 1.500000e+01
      vertex   2.763930e+01 4.223076e+01 1.125000e+01
    endloop
  endfacet
  facet normal -9.545019e-01 2.982043e-01 5.510361e-04
    outer loop
      vertex   2.763930e+01 4.223076e+01 1.125000e+01
      vertex   2.761394e+01 4.214265e+01 1.500000e+01
      vertex   2.765470e+01 4.227312e+01 1.500000e+01
    endloop
  endfacet
  facet normal -9.048451e-01 4.257395e-01 -1.093554e-03
    outer loop
      vertex   2.763930e+01 4.223076e+01 1.125000e+01
      vertex   2.765470e+01 4.227312e+01 1.500000e+01
      vertex   2.771304e+01 4.239711e+01 1.500000e+01
    endloop
  endfacet
  facet normal -9.001994e-01 4.354750e-01 -1.616778e-03
    outer loop
      vertex   2.763930e+01 4.223076e+01 1.125000e+01
      vertex   2.771304e+01 4.239711e+01 1.500000e+01
      vertex   2.774529e+01 4.244986e+01 1.125000e+01
    endloop
  endfacet
  facet normal -8.382080e-01 5.453505e-01 4.618377e-04
    outer loop
      vertex   2.774529e+01 4.244986e+01 1.125000e+01
      vertex   2.771304e+01 4.239711e+01 1.500000e+01
      vertex   2.778765e+01 4.251178e+01 1.500000e+01
    endloop
  endfacet
  facet normal -7.696213e-01 6.384980e-01 -1.851152e-03
    outer loop
      vertex   2.774529e+01 4.244986e+01 1.125000e+01
      vertex   2.778765e+01 4.251178e+01 1.500000e+01
      vertex   2.790097e+01 4.263750e+01 1.125000e+01
    endloop
  endfacet
  facet normal -7.558553e-01 6.547381e-01 -8.907104e-04
    outer loop
      vertex   2.790097e+01 4.263750e+01 1.125000e+01
      vertex   2.778765e+01 4.251178e+01 1.500000e+01
      vertex   2.787737e+01 4.261536e+01 1.500000e+01
    endloop
  endfacet
  facet normal -6.593173e-01 7.518648e-01 2.902342e-04
    outer loop
      vertex   2.790097e+01 4.263750e+01 1.125000e+01
      vertex   2.787737e+01 4.261536e+01 1.500000e+01
      vertex   2.798026e+01 4.270559e+01 1.500000e+01
    endloop
  endfacet
  facet normal -5.504544e-01 8.348652e-01 1.581886e-15
    outer loop
      vertex   2.809459e+01 4.278097e+01 1.500000e+01
      vertex   2.809459e+01 4.278097e+01 7.500000e+00
      vertex   2.798026e+01 4.270559e+01 1.500000e+01
    endloop
  endfacet
  facet normal -6.126468e-01 7.903556e-01 -1.395437e-03
    outer loop
      vertex   2.798026e+01 4.270559e+01 1.500000e+01
      vertex   2.809459e+01 4.278097e+01 7.500000e+00
      vertex   2.790097e+01 4.263750e+01 1.125000e+01
    endloop
  endfacet
  facet normal -5.953406e-01 8.034735e-01 5.643633e-16
    outer loop
      vertex   2.809459e+01 4.278097e+01 7.500000e+00
      vertex   2.790097e+01 4.263750e+01 7.500000e+00
      vertex   2.790097e+01 4.263750e+01 1.125000e+01
    endloop
  endfacet
  facet normal -7.696226e-01 6.384991e-01 7.291330e-16
    outer loop
      vertex   2.790097e+01 4.263750e+01 1.125000e+01
      vertex   2.790097e+01 4.263750e+01 7.500000e+00
      vertex   2.774529e+01 4.244986e+01 7.500000e+00
    endloop
  endfacet
  facet normal -7.696226e-01 6.384991e-01 7.285564e-16
    outer loop
      vertex   2.790097e+01 4.263750e+01 1.125000e+01
      vertex   2.774529e+01 4.244986e+01 7.500000e+00
      vertex   2.774529e+01 4.244986e+01 1.125000e+01
    endloop
  endfacet
  facet normal -9.002006e-01 4.354755e-01 8.528413e-16
    outer loop
      vertex   2.774529e+01 4.244986e+01 1.125000e+01
      vertex   2.774529e+01 4.244986e+01 7.500000e+00
      vertex   2.763930e+01 4.223076e+01 7.500000e+00
    endloop
  endfacet
  facet normal -9.002006e-01 4.354755e-01 8.552806e-16
    outer loop
      vertex   2.774529e+01 4.244986e+01 1.125000e+01
      vertex   2.763930e+01 4.223076e+01 7.500000e+00
      vertex   2.763930e+01 4.223076e+01 1.125000e+01
    endloop
  endfacet
  facet normal -9.714723e-01 2.371530e-01 9.203635e-16
    outer loop
      vertex   2.763930e+01 4.223076e+01 1.125000e+01
      vertex   2.763930e+01 4.223076e+01 7.500000e+00
      vertex   2.759959e+01 4.206808e+01 7.500000e+00
    endloop
  endfacet
  facet normal -9.714723e-01 2.371530e-01 1.841182e-15
    outer loop
      vertex   2.763930e+01 4.223076e+01 1.125000e+01
      vertex   2.759959e+01 4.206808e+01 7.500000e+00
      vertex   2.759959e+01 4.206808e+01 1.125000e+01
    endloop
  endfacet
  facet normal -9.974252e-01 7.171491e-02 1.889902e-15
    outer loop
      vertex   2.759959e+01 4.206808e+01 1.125000e+01
      vertex   2.759959e+01 4.206808e+01 7.500000e+00
      vertex   2.758756e+01 4.190077e+01 7.500000e+00
    endloop
  endfacet
  facet normal -9.974252e-01 7.171491e-02 0.000000e+00
    outer loop
      vertex   2.759959e+01 4.206808e+01 1.125000e+01
      vertex   2.758756e+01 4.190077e+01 7.500000e+00
      vertex   2.758756e+01 4.190077e+01 1.125000e+01
    endloop
  endfacet
  facet normal -9.968851e-01 -7.886784e-02 -0.000000e+00
    outer loop
      vertex   2.758756e+01 4.190077e+01 1.125000e+01
      vertex   2.758756e+01 4.190077e+01 7.500000e+00
      vertex   2.759865e+01 4.176064e+01 7.500000e+00
    endloop
  endfacet
  facet normal -9.968851e-01 -7.886784e-02 0.000000e+00
    outer loop
      vertex   2.758756e+01 4.190077e+01 1.125000e+01
      vertex   2.759865e+01 4.176064e+01 7.500000e+00
      vertex   2.759865e+01 4.176064e+01 1.125000e+01
    endloop
  endfacet
  facet normal -9.765136e-01 -2.154557e-01 -0.000000e+00
    outer loop
      vertex   2.759865e+01 4.176064e+01 1.125000e+01
      vertex   2.759865e+01 4.176064e+01 7.500000e+00
      vertex   2.762890e+01 4.162351e+01 7.500000e+00
    endloop
  endfacet
  facet normal -9.765136e-01 -2.154557e-01 0.000000e+00
    outer loop
      vertex   2.759865e+01 4.176064e+01 1.125000e+01
      vertex   2.762890e+01 4.162351e+01 7.500000e+00
      vertex   2.762890e+01 4.162351e+01 1.125000e+01
    endloop
  endfacet
  facet normal -9.361346e-01 -3.516419e-01 -0.000000e+00
    outer loop
      vertex   2.762890e+01 4.162351e+01 1.125000e+01
      vertex   2.762890e+01 4.162351e+01 7.500000e+00
      vertex   2.767821e+01 4.149224e+01 7.500000e+00
    endloop
  endfacet
  facet normal -9.361346e-01 -3.516419e-01 6.663601e-16
    outer loop
      vertex   2.762890e+01 4.162351e+01 1.125000e+01
      vertex   2.767821e+01 4.149224e+01 7.500000e+00
      vertex   2.767821e+01 4.149224e+01 1.125000e+01
    endloop
  endfacet
  facet normal -8.756166e-01 -4.830067e-01 9.151918e-16
    outer loop
      vertex   2.767821e+01 4.149224e+01 1.125000e+01
      vertex   2.767821e+01 4.149224e+01 7.500000e+00
      vertex   2.774595e+01 4.136943e+01 7.500000e+00
    endloop
  endfacet
  facet normal -8.756166e-01 -4.830067e-01 9.169414e-16
    outer loop
      vertex   2.767821e+01 4.149224e+01 1.125000e+01
      vertex   2.774595e+01 4.136943e+01 7.500000e+00
      vertex   2.774595e+01 4.136943e+01 1.125000e+01
    endloop
  endfacet
  facet normal -7.992909e-01 -6.009443e-01 1.138658e-15
    outer loop
      vertex   2.774595e+01 4.136943e+01 1.125000e+01
      vertex   2.774595e+01 4.136943e+01 7.500000e+00
      vertex   2.783034e+01 4.125719e+01 7.500000e+00
    endloop
  endfacet
  facet normal -7.992909e-01 -6.009443e-01 1.139799e-15
    outer loop
      vertex   2.774595e+01 4.136943e+01 1.125000e+01
      vertex   2.783034e+01 4.125719e+01 7.500000e+00
      vertex   2.783034e+01 4.125719e+01 1.125000e+01
    endloop
  endfacet
  facet normal -7.091102e-01 -7.050976e-01 1.336005e-15
    outer loop
      vertex   2.783034e+01 4.125719e+01 1.125000e+01
      vertex   2.783034e+01 4.125719e+01 7.500000e+00
      vertex   2.792943e+01 4.115754e+01 7.500000e+00
    endloop
  endfacet
  facet normal -7.091102e-01 -7.050976e-01 1.333126e-15
    outer loop
      vertex   2.783034e+01 4.125719e+01 1.125000e+01
      vertex   2.792943e+01 4.115754e+01 7.500000e+00
      vertex   2.792943e+01 4.115754e+01 1.125000e+01
    endloop
  endfacet
  facet normal -6.052635e-01 -7.960252e-01 1.508293e-15
    outer loop
      vertex   2.792943e+01 4.115754e+01 1.125000e+01
      vertex   2.792943e+01 4.115754e+01 7.500000e+00
      vertex   2.804128e+01 4.107249e+01 7.500000e+00
    endloop
  endfacet
  facet normal -6.052635e-01 -7.960252e-01 0.000000e+00
    outer loop
      vertex   2.792943e+01 4.115754e+01 1.125000e+01
      vertex   2.804128e+01 4.107249e+01 7.500000e+00
      vertex   2.804128e+01 4.107249e+01 1.125000e+01
    endloop
  endfacet
  facet normal -5.172220e-01 8.558513e-01 0.000000e+00
    outer loop
      vertex   2.809459e+01 4.278097e+01 -3.581598e-16
      vertex   2.809459e+01 4.278097e+01 7.500000e+00
      vertex   2.859246e+01 4.308185e+01 0.000000e+00
    endloop
  endfacet
  facet normal -5.173188e-01 8.557928e-01 -8.768745e-06
    outer loop
      vertex   2.859246e+01 4.308185e+01 0.000000e+00
      vertex   2.809459e+01 4.278097e+01 7.500000e+00
      vertex   2.859497e+01 4.308352e+01 1.500000e+01
    endloop
  endfacet
  facet normal -5.751517e-01 8.180468e-01 5.107468e-06
    outer loop
      vertex   2.859246e+01 4.308185e+01 0.000000e+00
      vertex   2.859497e+01 4.308352e+01 1.500000e+01
      vertex   2.906685e+01 4.341539e+01 0.000000e+00
    endloop
  endfacet
  facet normal -5.755076e-01 8.177964e-01 -1.162575e-05
    outer loop
      vertex   2.906685e+01 4.341539e+01 0.000000e+00
      vertex   2.859497e+01 4.308352e+01 1.500000e+01
      vertex   2.907035e+01 4.341806e+01 1.500000e+01
    endloop
  endfacet
  facet normal -6.395160e-01 7.687778e-01 1.206233e-05
    outer loop
      vertex   2.906685e+01 4.341539e+01 0.000000e+00
      vertex   2.907035e+01 4.341806e+01 1.500000e+01
      vertex   2.951392e+01 4.378728e+01 0.000000e+00
    endloop
  endfacet
  facet normal -6.399489e-01 7.684175e-01 -9.607163e-06
    outer loop
      vertex   2.951392e+01 4.378728e+01 0.000000e+00
      vertex   2.907035e+01 4.341806e+01 1.500000e+01
      vertex   2.951669e+01 4.378977e+01 1.500000e+01
    endloop
  endfacet
  facet normal -6.938669e-01 7.201033e-01 8.380678e-06
    outer loop
      vertex   2.951392e+01 4.378728e+01 0.000000e+00
      vertex   2.951669e+01 4.378977e+01 1.500000e+01
      vertex   2.993477e+01 4.419280e+01 0.000000e+00
    endloop
  endfacet
  facet normal -6.941384e-01 7.198415e-01 -6.222732e-06
    outer loop
      vertex   2.993477e+01 4.419280e+01 0.000000e+00
      vertex   2.951669e+01 4.378977e+01 1.500000e+01
      vertex   2.993687e+01 4.419495e+01 1.500000e+01
    endloop
  endfacet
  facet normal -7.485320e-01 6.630986e-01 9.505570e-06
    outer loop
      vertex   2.993477e+01 4.419280e+01 0.000000e+00
      vertex   2.993687e+01 4.419495e+01 1.500000e+01
      vertex   3.071873e+01 4.507776e+01 0.000000e+00
    endloop
  endfacet
  facet normal -7.486443e-01 6.629719e-01 -3.800406e-06
    outer loop
      vertex   3.071873e+01 4.507776e+01 0.000000e+00
      vertex   2.993687e+01 4.419495e+01 1.500000e+01
      vertex   3.071969e+01 4.507894e+01 1.500000e+01
    endloop
  endfacet
  facet normal -7.845338e-01 6.200860e-01 1.880618e-06
    outer loop
      vertex   3.071873e+01 4.507776e+01 0.000000e+00
      vertex   3.071969e+01 4.507894e+01 1.500000e+01
      vertex   3.146067e+01 4.601647e+01 0.000000e+00
    endloop
  endfacet
  facet normal -7.845484e-01 6.200675e-01 0.000000e+00
    outer loop
      vertex   3.146067e+01 4.601647e+01 0.000000e+00
      vertex   3.071969e+01 4.507894e+01 1.500000e+01
      vertex   3.146067e+01 4.601647e+01 1.500000e+01
    endloop
  endfacet
  facet normal -5.174150e-01 8.557346e-01 1.621429e-15
    outer loop
      vertex   2.809459e+01 4.278097e+01 7.500000e+00
      vertex   2.809459e+01 4.278097e+01 1.500000e+01
      vertex   2.859497e+01 4.308352e+01 1.500000e+01
    endloop
  endfacet
  facet normal 9.951847e-01 -9.801714e-02 0.000000e+00
    outer loop
      vertex   4.000000e+01 2.500000e+00 0.000000e+00
      vertex   4.000000e+01 2.500000e+00 1.500000e+01
      vertex   3.995196e+01 2.012274e+00 7.500000e+00
    endloop
  endfacet
  facet normal 9.951847e-01 -9.801714e-02 0.000000e+00
    outer loop
      vertex   3.995196e+01 2.012274e+00 7.500000e+00
      vertex   4.000000e+01 2.500000e+00 1.500000e+01
      vertex   3.995196e+01 2.012274e+00 1.500000e+01
    endloop
  endfacet
  facet normal 9.569403e-01 -2.902847e-01 0.000000e+00
    outer loop
      vertex   3.995196e+01 2.012274e+00 7.500000e+00
      vertex   3.995196e+01 2.012274e+00 1.500000e+01
      vertex   3.980970e+01 1.543291e+00 7.500000e+00
    endloop
  endfacet
  facet normal 9.569403e-01 -2.902847e-01 -9.323785e-16
    outer loop
      vertex   3.980970e+01 1.543291e+00 7.500000e+00
      vertex   3.995196e+01 2.012274e+00 1.500000e+01
      vertex   3.980970e+01 1.543291e+00 1.500000e+01
    endloop
  endfacet
  facet normal 8.819213e-01 -4.713967e-01 -8.773921e-16
    outer loop
      vertex   3.980970e+01 1.543291e+00 7.500000e+00
      vertex   3.980970e+01 1.543291e+00 1.500000e+01
      vertex   3.957867e+01 1.111074e+00 7.500000e+00
    endloop
  endfacet
  facet normal 8.819213e-01 -4.713967e-01 0.000000e+00
    outer loop
      vertex   3.957867e+01 1.111074e+00 7.500000e+00
      vertex   3.980970e+01 1.543291e+00 1.500000e+01
      vertex   3.957867e+01 1.111074e+00 1.500000e+01
    endloop
  endfacet
  facet normal 7.730105e-01 -6.343933e-01 0.000000e+00
    outer loop
      vertex   3.957867e+01 1.111074e+00 7.500000e+00
      vertex   3.957867e+01 1.111074e+00 1.500000e+01
      vertex   3.926777e+01 7.322330e-01 7.500000e+00
    endloop
  endfacet
  facet normal 7.730105e-01 -6.343933e-01 -4.695454e-17
    outer loop
      vertex   3.926777e+01 7.322330e-01 7.500000e+00
      vertex   3.957867e+01 1.111074e+00 1.500000e+01
      vertex   3.926777e+01 7.322330e-01 1.500000e+01
    endloop
  endfacet
  facet normal 6.343933e-01 -7.730105e-01 -5.721427e-17
    outer loop
      vertex   3.926777e+01 7.322330e-01 7.500000e+00
      vertex   3.926777e+01 7.322330e-01 1.500000e+01
      vertex   3.888893e+01 4.213260e-01 7.500000e+00
    endloop
  endfacet
  facet normal 6.343933e-01 -7.730105e-01 1.144285e-16
    outer loop
      vertex   3.888893e+01 4.213260e-01 7.500000e+00
      vertex   3.926777e+01 7.322330e-01 1.500000e+01
      vertex   3.888893e+01 4.213260e-01 1.500000e+01
    endloop
  endfacet
  facet normal 4.713967e-01 -8.819213e-01 1.305506e-16
    outer loop
      vertex   3.888893e+01 4.213260e-01 7.500000e+00
      vertex   3.888893e+01 4.213260e-01 1.500000e+01
      vertex   3.845671e+01 1.903012e-01 7.500000e+00
    endloop
  endfacet
  facet normal 4.713967e-01 -8.819213e-01 3.263764e-17
    outer loop
      vertex   3.845671e+01 1.903012e-01 7.500000e+00
      vertex   3.888893e+01 4.213260e-01 1.500000e+01
      vertex   3.845671e+01 1.903012e-01 1.500000e+01
    endloop
  endfacet
  facet normal 2.902847e-01 -9.569403e-01 3.541391e-17
    outer loop
      vertex   3.845671e+01 1.903012e-01 7.500000e+00
      vertex   3.845671e+01 1.903012e-01 1.500000e+01
      vertex   3.798773e+01 4.803680e-02 7.500000e+00
    endloop
  endfacet
  facet normal 2.902847e-01 -9.569403e-01 -1.062417e-16
    outer loop
      vertex   3.798773e+01 4.803680e-02 7.500000e+00
      vertex   3.845671e+01 1.903012e-01 1.500000e+01
      vertex   3.798773e+01 4.803680e-02 1.500000e+01
    endloop
  endfacet
  facet normal 9.801714e-02 -9.951847e-01 -1.104877e-16
    outer loop
      vertex   3.798773e+01 4.803680e-02 7.500000e+00
      vertex   3.798773e+01 4.803680e-02 1.500000e+01
      vertex   3.750000e+01 0.000000e+00 1.500000e+01
    endloop
  endfacet
  facet normal 9.801714e-02 -9.951847e-01 0.000000e+00
    outer loop
      vertex   3.750000e+01 0.000000e+00 1.500000e+01
      vertex   3.750000e+01 0.000000e+00 0.000000e+00
      vertex   3.798773e+01 4.803680e-02 7.500000e+00
    endloop
  endfacet
  facet normal 9.801714e-02 -9.951847e-01 1.104877e-16
    outer loop
      vertex   3.798773e+01 4.803680e-02 7.500000e+00
      vertex   3.750000e+01 0.000000e+00 0.000000e+00
      vertex   3.798773e+01 4.803680e-02 0.000000e+00
    endloop
  endfacet
  facet normal 2.902847e-01 -9.569403e-01 1.062417e-16
    outer loop
      vertex   3.798773e+01 4.803680e-02 7.500000e+00
      vertex   3.798773e+01 4.803680e-02 0.000000e+00
      vertex   3.845671e+01 1.903012e-01 7.500000e+00
    endloop
  endfacet
  facet normal 2.902847e-01 -9.569403e-01 -3.541391e-17
    outer loop
      vertex   3.845671e+01 1.903012e-01 7.500000e+00
      vertex   3.798773e+01 4.803680e-02 0.000000e+00
      vertex   3.845671e+01 1.903012e-01 0.000000e+00
    endloop
  endfacet
  facet normal 4.713967e-01 -8.819213e-01 -3.263764e-17
    outer loop
      vertex   3.845671e+01 1.903012e-01 7.500000e+00
      vertex   3.845671e+01 1.903012e-01 0.000000e+00
      vertex   3.888893e+01 4.213260e-01 7.500000e+00
    endloop
  endfacet
  facet normal 4.713967e-01 -8.819213e-01 -1.305506e-16
    outer loop
      vertex   3.888893e+01 4.213260e-01 7.500000e+00
      vertex   3.845671e+01 1.903012e-01 0.000000e+00
      vertex   3.888893e+01 4.213260e-01 0.000000e+00
    endloop
  endfacet
  facet normal 6.343933e-01 -7.730105e-01 -1.144285e-16
    outer loop
      vertex   3.888893e+01 4.213260e-01 7.500000e+00
      vertex   3.888893e+01 4.213260e-01 0.000000e+00
      vertex   3.926777e+01 7.322330e-01 7.500000e+00
    endloop
  endfacet
  facet normal 6.343933e-01 -7.730105e-01 5.721427e-17
    outer loop
      vertex   3.926777e+01 7.322330e-01 7.500000e+00
      vertex   3.888893e+01 4.213260e-01 0.000000e+00
      vertex   3.926777e+01 7.322330e-01 0.000000e+00
    endloop
  endfacet
  facet normal 7.730105e-01 -6.343933e-01 4.695454e-17
    outer loop
      vertex   3.926777e+01 7.322330e-01 7.500000e+00
      vertex   3.926777e+01 7.322330e-01 0.000000e+00
      vertex   3.957867e+01 1.111074e+00 7.500000e+00
    endloop
  endfacet
  facet normal 7.730105e-01 -6.343933e-01 0.000000e+00
    outer loop
      vertex   3.957867e+01 1.111074e+00 7.500000e+00
      vertex   3.926777e+01 7.322330e-01 0.000000e+00
      vertex   3.957867e+01 1.111074e+00 0.000000e+00
    endloop
  endfacet
  facet normal 8.819213e-01 -4.713967e-01 0.000000e+00
    outer loop
      vertex   3.957867e+01 1.111074e+00 7.500000e+00
      vertex   3.957867e+01 1.111074e+00 0.000000e+00
      vertex   3.980970e+01 1.543291e+00 7.500000e+00
    endloop
  endfacet
  facet normal 8.819213e-01 -4.713967e-01 8.773921e-16
    outer loop
      vertex   3.980970e+01 1.543291e+00 7.500000e+00
      vertex   3.957867e+01 1.111074e+00 0.000000e+00
      vertex   3.980970e+01 1.543291e+00 0.000000e+00
    endloop
  endfacet
  facet normal 9.569403e-01 -2.902847e-01 9.323785e-16
    outer loop
      vertex   3.980970e+01 1.543291e+00 7.500000e+00
      vertex   3.980970e+01 1.543291e+00 0.000000e+00
      vertex   3.995196e+01 2.012274e+00 7.500000e+00
    endloop
  endfacet
  facet normal 9.569403e-01 -2.902847e-01 0.000000e+00
    outer loop
      vertex   3.995196e+01 2.012274e+00 7.500000e+00
      vertex   3.980970e+01 1.543291e+00 0.000000e+00
      vertex   3.995196e+01 2.012274e+00 0.000000e+00
    endloop
  endfacet
  facet normal 9.951847e-01 -9.801714e-02 0.000000e+00
    outer loop
      vertex   3.995196e+01 2.012274e+00 7.500000e+00
      vertex   3.995196e+01 2.012274e+00 0.000000e+00
      vertex   4.000000e+01 2.500000e+00 0.000000e+00
    endloop
  endfacet
  facet normal -0.000000e+00 -1.000000e+00 -0.000000e+00
    outer loop
      vertex   3.750000e+01 0.000000e+00 1.500000e+01
      vertex   2.500000e+00 0.000000e+00 1.500000e+01
      vertex   3.750000e+01 0.000000e+00 0.000000e+00
    endloop
  endfacet
  facet normal 0.000000e+00 -1.000000e+00 0.000000e+00
    outer loop
      vertex   3.750000e+01 0.000000e+00 0.000000e+00
      vertex   2.500000e+00 0.000000e+00 1.500000e+01
      vertex   2.500000e+00 0.000000e+00 0.000000e+00
    endloop
  endfacet
  facet normal -9.801714e-02 -9.951847e-01 0.000000e+00
    outer loop
      vertex   2.500000e+00 0.000000e+00 0.000000e+00
      vertex   2.500000e+00 0.000000e+00 1.500000e+01
      vertex   2.012274e+00 4.803680e-02 7.500000e+00
    endloop
  endfacet
  facet normal -9.801714e-02 -9.951847e-01 0.000000e+00
    outer loop
      vertex   2.012274e+00 4.803680e-02 7.500000e+00
      vertex   2.500000e+00 0.000000e+00 1.500000e+01
      vertex   2.012274e+00 4.803680e-02 1.500000e+01
    endloop
  endfacet
  facet normal -2.902847e-01 -9.569403e-01 0.000000e+00
    outer loop
      vertex   2.012274e+00 4.803680e-02 7.500000e+00
      vertex   2.012274e+00 4.803680e-02 1.500000e+01
      vertex   1.543291e+00 1.903012e-01 7.500000e+00
    endloop
  endfacet
  facet normal -2.902847e-01 -9.569403e-01 0.000000e+00
    outer loop
      vertex   1.543291e+00 1.903012e-01 7.500000e+00
      vertex   2.012274e+00 4.803680e-02 1.500000e+01
      vertex   1.543291e+00 1.903012e-01 1.500000e+01
    endloop
  endfacet
  facet normal -4.713967e-01 -8.819213e-01 0.000000e+00
    outer loop
      vertex   1.543291e+00 1.903012e-01 7.500000e+00
      vertex   1.543291e+00 1.903012e-01 1.500000e+01
      vertex   1.111074e+00 4.213260e-01 7.500000e+00
    endloop
  endfacet
  facet normal -4.713967e-01 -8.819213e-01 0.000000e+00
    outer loop
      vertex   1.111074e+00 4.213260e-01 7.500000e+00
      vertex   1.543291e+00 1.903012e-01 1.500000e+01
      vertex   1.111074e+00 4.213260e-01 1.500000e+01
    endloop
  endfacet
  facet normal -6.343933e-01 -7.730105e-01 0.000000e+00
    outer loop
      vertex   1.111074e+00 4.213260e-01 7.500000e+00
      vertex   1.111074e+00 4.213260e-01 1.500000e+01
      vertex   7.322330e-01 7.322330e-01 7.500000e+00
    endloop
  endfacet
  facet normal -6.343933e-01 -7.730105e-01 0.000000e+00
    outer loop
      vertex   7.322330e-01 7.322330e-01 7.500000e+00
      vertex   1.111074e+00 4.213260e-01 1.500000e+01
      vertex   7.322330e-01 7.322330e-01 1.500000e+01
    endloop
  endfacet
  facet normal -7.730105e-01 -6.343933e-01 0.000000e+00
    outer loop
      vertex   7.322330e-01 7.322330e-01 7.500000e+00
      vertex   7.322330e-01 7.322330e-01 1.500000e+01
      vertex   4.213260e-01 1.111074e+00 7.500000e+00
    endloop
  endfacet
  facet normal -7.730105e-01 -6.343933e-01 0.000000e+00
    outer loop
      vertex   4.213260e-01 1.111074e+00 7.500000e+00
      vertex   7.322330e-01 7.322330e-01 1.500000e+01
      vertex   4.213260e-01 1.111074e+00 1.500000e+01
    endloop
  endfacet
  facet normal -8.819213e-01 -4.713967e-01 0.000000e+00
    outer loop
      vertex   4.213260e-01 1.111074e+00 7.500000e+00
      vertex   4.213260e-01 1.111074e+00 1.500000e+01
      vertex   1.903012e-01 1.543291e+00 7.500000e+00
    endloop
  endfacet
  facet normal -8.819213e-01 -4.713967e-01 0.000000e+00
    outer loop
      vertex   1.903012e-01 1.543291e+00 7.500000e+00
      vertex   4.213260e-01 1.111074e+00 1.500000e+01
      vertex   1.903012e-01 1.543291e+00 1.500000e+01
    endloop
  endfacet
  facet normal -9.569403e-01 -2.902847e-01 0.000000e+00
    outer loop
      vertex   1.903012e-01 1.543291e+00 7.500000e+00
      vertex   1.903012e-01 1.543291e+00 1.500000e+01
      vertex   4.803680e-02 2.012274e+00 7.500000e+00
    endloop
  endfacet
  facet normal -9.569403e-01 -2.902847e-01 0.000000e+00
    outer loop
      vertex   4.803680e-02 2.012274e+00 7.500000e+00
      vertex   1.903012e-01 1.543291e+00 1.500000e+01
      vertex   4.803680e-02 2.012274e+00 1.500000e+01
    endloop
  endfacet
  facet normal -9.951847e-01 -9.801714e-02 0.000000e+00
    outer loop
      vertex   4.803680e-02 2.012274e+00 7.500000e+00
      vertex   4.803680e-02 2.012274e+00 1.500000e+01
      vertex   0.000000e+00 2.500000e+00 1.500000e+01
    endloop
  endfacet
  facet normal -9.951847e-01 -9.801714e-02 -0.000000e+00
    outer loop
      vertex   0.000000e+00 2.500000e+00 1.500000e+01
      vertex   0.000000e+00 2.500000e+00 0.000000e+00
      vertex   4.803680e-02 2.012274e+00 7.500000e+00
    endloop
  endfacet
  facet normal -9.951847e-01 -9.801714e-02 -0.000000e+00
    outer loop
      vertex   4.803680e-02 2.012274e+00 7.500000e+00
      vertex   0.000000e+00 2.500000e+00 0.000000e+00
      vertex   4.803680e-02 2.012274e+00 0.000000e+00
    endloop
  endfacet
  facet normal -9.569403e-01 -2.902847e-01 -0.000000e+00
    outer loop
      vertex   4.803680e-02 2.012274e+00 7.500000e+00
      vertex   4.803680e-02 2.012274e+00 0.000000e+00
      vertex   1.903012e-01 1.543291e+00 7.500000e+00
    endloop
  endfacet
  facet normal -9.569403e-01 -2.902847e-01 -0.000000e+00
    outer loop
      vertex   1.903012e-01 1.543291e+00 7.500000e+00
      vertex   4.803680e-02 2.012274e+00 0.000000e+00
      vertex   1.903012e-01 1.543291e+00 0.000000e+00
    endloop
  endfacet
  facet normal -8.819213e-01 -4.713967e-01 -0.000000e+00
    outer loop
      vertex   1.903012e-01 1.543291e+00 7.500000e+00
      vertex   1.903012e-01 1.543291e+00 0.000000e+00
      vertex   4.213260e-01 1.111074e+00 7.500000e+00
    endloop
  endfacet
  facet normal -8.819213e-01 -4.713967e-01 -0.000000e+00
    outer loop
      vertex   4.213260e-01 1.111074e+00 7.500000e+00
      vertex   1.903012e-01 1.543291e+00 0.000000e+00
      vertex   4.213260e-01 1.111074e+00 0.000000e+00
    endloop
  endfacet
  facet normal -7.730105e-01 -6.343933e-01 -0.000000e+00
    outer loop
      vertex   4.213260e-01 1.111074e+00 7.500000e+00
      vertex   4.213260e-01 1.111074e+00 0.000000e+00
      vertex   7.322330e-01 7.322330e-01 7.500000e+00
    endloop
  endfacet
  facet normal -7.730105e-01 -6.343933e-01 -0.000000e+00
    outer loop
      vertex   7.322330e-01 7.322330e-01 7.500000e+00
      vertex   4.213260e-01 1.111074e+00 0.000000e+00
      vertex   7.322330e-01 7.322330e-01 0.000000e+00
    endloop
  endfacet
  facet normal -6.343933e-01 -7.730105e-01 -0.000000e+00
    outer loop
      vertex   7.322330e-01 7.322330e-01 7.500000e+00
      vertex   7.322330e-01 7.322330e-01 0.000000e+00
      vertex   1.111074e+00 4.213260e-01 7.500000e+00
    endloop
  endfacet
  facet normal -6.343933e-01 -7.730105e-01 -0.000000e+00
    outer loop
      vertex   1.111074e+00 4.213260e-01 7.500000e+00
      vertex   7.322330e-01 7.322330e-01 0.000000e+00
      vertex   1.111074e+00 4.213260e-01 0.000000e+00
    endloop
  endfacet
  facet normal -4.713967e-01 -8.819213e-01 -0.000000e+00
    outer loop
      vertex   1.111074e+00 4.213260e-01 7.500000e+00
      vertex   1.111074e+00 4.213260e-01 0.000000e+00
      vertex   1.543291e+00 1.903012e-01 7.500000e+00
    endloop
  endfacet
  facet normal -4.713967e-01 -8.819213e-01 -0.000000e+00
    outer loop
      vertex   1.543291e+00 1.903012e-01 7.500000e+00
      vertex   1.111074e+00 4.213260e-01 0.000000e+00
      vertex   1.543291e+00 1.903012e-01 0.000000e+00
    endloop
  endfacet
  facet normal -2.902847e-01 -9.569403e-01 -0.000000e+00
    outer loop
      vertex   1.543291e+00 1.903012e-01 7.500000e+00
      vertex   1.543291e+00 1.903012e-01 0.000000e+00
      vertex   2.012274e+00 4.803680e-02 7.500000e+00
    endloop
  endfacet
  facet normal -2.902847e-01 -9.569403e-01 -0.000000e+00
    outer loop
      vertex   2.012274e+00 4.803680e-02 7.500000e+00
      vertex   1.543291e+00 1.903012e-01 0.000000e+00
      vertex   2.012274e+00 4.803680e-02 0.000000e+00
    endloop
  endfacet
  facet normal -9.801714e-02 -9.951847e-01 -0.000000e+00
    outer loop
      vertex   2.012274e+00 4.803680e-02 7.500000e+00
      vertex   2.012274e+00 4.803680e-02 0.000000e+00
      vertex   2.500000e+00 0.000000e+00 0.000000e+00
    endloop
  endfacet
  facet normal -1.000000e+00 0.000000e+00 0.000000e+00
    outer loop
      vertex   0.000000e+00 2.500000e+00 1.500000e+01
      vertex   0.000000e+00 7.750000e+01 1.500000e+01
      vertex   0.000000e+00 2.500000e+00 0.000000e+00
    endloop
  endfacet
  facet normal -1.000000e+00 0.000000e+00 0.000000e+00
    outer loop
      vertex   0.000000e+00 2.500000e+00 0.000000e+00
      vertex   0.000000e+00 7.750000e+01 1.500000e+01
      vertex   0.000000e+00 7.750000e+01 0.000000e+00
    endloop
  endfacet
  facet normal -9.951847e-01 9.801714e-02 0.000000e+00
    outer loop
      vertex   0.000000e+00 7.750000e+01 0.000000e+00
      vertex   0.000000e+00 7.750000e+01 1.500000e+01
      vertex   4.803680e-02 7.798773e+01 7.500000e+00
    endloop
  endfacet
  facet normal -9.951847e-01 9.801714e-02 3.682923e-17
    outer loop
      vertex   4.803680e-02 7.798773e+01 7.500000e+00
      vertex   0.000000e+00 7.750000e+01 1.500000e+01
      vertex   4.803680e-02 7.798773e+01 1.500000e+01
    endloop
  endfacet
  facet normal -9.569403e-01 2.902847e-01 3.541391e-17
    outer loop
      vertex   4.803680e-02 7.798773e+01 7.500000e+00
      vertex   4.803680e-02 7.798773e+01 1.500000e+01
      vertex   1.903012e-01 7.845671e+01 7.500000e+00
    endloop
  endfacet
  facet normal -9.569403e-01 2.902847e-01 -1.770695e-16
    outer loop
      vertex   1.903012e-01 7.845671e+01 7.500000e+00
      vertex   4.803680e-02 7.798773e+01 1.500000e+01
      vertex   1.903012e-01 7.845671e+01 1.500000e+01
    endloop
  endfacet
  facet normal -8.819213e-01 4.713967e-01 -1.631882e-16
    outer loop
      vertex   1.903012e-01 7.845671e+01 7.500000e+00
      vertex   1.903012e-01 7.845671e+01 1.500000e+01
      vertex   4.213260e-01 7.888893e+01 7.500000e+00
    endloop
  endfacet
  facet normal -8.819213e-01 4.713967e-01 -3.263764e-16
    outer loop
      vertex   4.213260e-01 7.888893e+01 7.500000e+00
      vertex   1.903012e-01 7.845671e+01 1.500000e+01
      vertex   4.213260e-01 7.888893e+01 1.500000e+01
    endloop
  endfacet
  facet normal -7.730105e-01 6.343933e-01 -2.860713e-16
    outer loop
      vertex   4.213260e-01 7.888893e+01 7.500000e+00
      vertex   4.213260e-01 7.888893e+01 1.500000e+01
      vertex   7.322330e-01 7.926777e+01 7.500000e+00
    endloop
  endfacet
  facet normal -7.730105e-01 6.343933e-01 1.716428e-16
    outer loop
      vertex   7.322330e-01 7.926777e+01 7.500000e+00
      vertex   4.213260e-01 7.888893e+01 1.500000e+01
      vertex   7.322330e-01 7.926777e+01 1.500000e+01
    endloop
  endfacet
  facet normal -6.343933e-01 7.730105e-01 1.408636e-16
    outer loop
      vertex   7.322330e-01 7.926777e+01 7.500000e+00
      vertex   7.322330e-01 7.926777e+01 1.500000e+01
      vertex   1.111074e+00 7.957867e+01 7.500000e+00
    endloop
  endfacet
  facet normal -6.343933e-01 7.730105e-01 0.000000e+00
    outer loop
      vertex   1.111074e+00 7.957867e+01 7.500000e+00
      vertex   7.322330e-01 7.926777e+01 1.500000e+01
      vertex   1.111074e+00 7.957867e+01 1.500000e+01
    endloop
  endfacet
  facet normal -4.713967e-01 8.819213e-01 0.000000e+00
    outer loop
      vertex   1.111074e+00 7.957867e+01 7.500000e+00
      vertex   1.111074e+00 7.957867e+01 1.500000e+01
      vertex   1.543291e+00 7.980970e+01 7.500000e+00
    endloop
  endfacet
  facet normal -4.713967e-01 8.819213e-01 4.186844e-17
    outer loop
      vertex   1.543291e+00 7.980970e+01 7.500000e+00
      vertex   1.111074e+00 7.957867e+01 1.500000e+01
      vertex   1.543291e+00 7.980970e+01 1.500000e+01
    endloop
  endfacet
  facet normal -2.902847e-01 9.569403e-01 2.578246e-17
    outer loop
      vertex   1.543291e+00 7.980970e+01 7.500000e+00
      vertex   1.543291e+00 7.980970e+01 1.500000e+01
      vertex   2.012274e+00 7.995196e+01 7.500000e+00
    endloop
  endfacet
  facet normal -2.902847e-01 9.569403e-01 -5.156492e-17
    outer loop
      vertex   2.012274e+00 7.995196e+01 7.500000e+00
      vertex   1.543291e+00 7.980970e+01 1.500000e+01
      vertex   2.012274e+00 7.995196e+01 1.500000e+01
    endloop
  endfacet
  facet normal -9.801714e-02 9.951847e-01 -1.741134e-17
    outer loop
      vertex   2.012274e+00 7.995196e+01 7.500000e+00
      vertex   2.012274e+00 7.995196e+01 1.500000e+01
      vertex   2.500000e+00 8.000000e+01 1.500000e+01
    endloop
  endfacet
  facet normal -9.801714e-02 9.951847e-01 0.000000e+00
    outer loop
      vertex   2.500000e+00 8.000000e+01 1.500000e+01
      vertex   2.500000e+00 8.000000e+01 0.000000e+00
      vertex   2.012274e+00 7.995196e+01 7.500000e+00
    endloop
  endfacet
  facet normal -9.801714e-02 9.951847e-01 1.741134e-17
    outer loop
      vertex   2.012274e+00 7.995196e+01 7.500000e+00
      vertex   2.500000e+00 8.000000e+01 0.000000e+00
      vertex   2.012274e+00 7.995196e+01 0.000000e+00
    endloop
  endfacet
  facet normal -2.902847e-01 9.569403e-01 5.156492e-17
    outer loop
      vertex   2.012274e+00 7.995196e+01 7.500000e+00
      vertex   2.012274e+00 7.995196e+01 0.000000e+00
      vertex   1.543291e+00 7.980970e+01 7.500000e+00
    endloop
  endfacet
  facet normal -2.902847e-01 9.569403e-01 -2.578246e-17
    outer loop
      vertex   1.543291e+00 7.980970e+01 7.500000e+00
      vertex   2.012274e+00 7.995196e+01 0.000000e+00
      vertex   1.543291e+00 7.980970e+01 0.000000e+00
    endloop
  endfacet
  facet normal -4.713967e-01 8.819213e-01 -4.186844e-17
    outer loop
      vertex   1.543291e+00 7.980970e+01 7.500000e+00
      vertex   1.543291e+00 7.980970e+01 0.000000e+00
      vertex   1.111074e+00 7.957867e+01 7.500000e+00
    endloop
  endfacet
  facet normal -4.713967e-01 8.819213e-01 0.000000e+00
    outer loop
      vertex   1.111074e+00 7.957867e+01 7.500000e+00
      vertex   1.543291e+00 7.980970e+01 0.000000e+00
      vertex   1.111074e+00 7.957867e+01 0.000000e+00
    endloop
  endfacet
  facet normal -6.343933e-01 7.730105e-01 0.000000e+00
    outer loop
      vertex   1.111074e+00 7.957867e+01 7.500000e+00
      vertex   1.111074e+00 7.957867e+01 0.000000e+00
      vertex   7.322330e-01 7.926777e+01 7.500000e+00
    endloop
  endfacet
  facet normal -6.343933e-01 7.730105e-01 -1.408636e-16
    outer loop
      vertex   7.322330e-01 7.926777e+01 7.500000e+00
      vertex   1.111074e+00 7.957867e+01 0.000000e+00
      vertex   7.322330e-01 7.926777e+01 0.000000e+00
    endloop
  endfacet
  facet normal -7.730105e-01 6.343933e-01 -1.716428e-16
    outer loop
      vertex   7.322330e-01 7.926777e+01 7.500000e+00
      vertex   7.322330e-01 7.926777e+01 0.000000e+00
      vertex   4.213260e-01 7.888893e+01 7.500000e+00
    endloop
  endfacet
  facet normal -7.730105e-01 6.343933e-01 2.860713e-16
    outer loop
      vertex   4.213260e-01 7.888893e+01 7.500000e+00
      vertex   7.322330e-01 7.926777e+01 0.000000e+00
      vertex   4.213260e-01 7.888893e+01 0.000000e+00
    endloop
  endfacet
  facet normal -8.819213e-01 4.713967e-01 3.263764e-16
    outer loop
      vertex   4.213260e-01 7.888893e+01 7.500000e+00
      vertex   4.213260e-01 7.888893e+01 0.000000e+00
      vertex   1.903012e-01 7.845671e+01 7.500000e+00
    endloop
  endfacet
  facet normal -8.819213e-01 4.713967e-01 1.631882e-16
    outer loop
      vertex   1.903012e-01 7.845671e+01 7.500000e+00
      vertex   4.213260e-01 7.888893e+01 0.000000e+00
      vertex   1.903012e-01 7.845671e+01 0.000000e+00
    endloop
  endfacet
  facet normal -9.569403e-01 2.902847e-01 1.770695e-16
    outer loop
      vertex   1.903012e-01 7.845671e+01 7.500000e+00
      vertex   1.903012e-01 7.845671e+01 0.000000e+00
      vertex   4.803680e-02 7.798773e+01 7.500000e+00
    endloop
  endfacet
  facet normal -9.569403e-01 2.902847e-01 -3.541391e-17
    outer loop
      vertex   4.803680e-02 7.798773e+01 7.500000e+00
      vertex   1.903012e-01 7.845671e+01 0.000000e+00
      vertex   4.803680e-02 7.798773e+01 0.000000e+00
    endloop
  endfacet
  facet normal -9.951847e-01 9.801714e-02 -3.682923e-17
    outer loop
      vertex   4.803680e-02 7.798773e+01 7.500000e+00
      vertex   4.803680e-02 7.798773e+01 0.000000e+00
      vertex   0.000000e+00 7.750000e+01 0.000000e+00
    endloop
  endfacet
  facet normal -0.000000e+00 1.000000e+00 0.000000e+00
    outer loop
      vertex   2.500000e+00 8.000000e+01 1.500000e+01
      vertex   3.750000e+01 8.000000e+01 1.500000e+01
      vertex   2.500000e+00 8.000000e+01 0.000000e+00
    endloop
  endfacet
  facet normal 0.000000e+00 1.000000e+00 0.000000e+00
    outer loop
      vertex   2.500000e+00 8.000000e+01 0.000000e+00
      vertex   3.750000e+01 8.000000e+01 1.500000e+01
      vertex   3.750000e+01 8.000000e+01 0.000000e+00
    endloop
  endfacet
  facet normal 9.801714e-02 9.951847e-01 -0.000000e+00
    outer loop
      vertex   3.750000e+01 8.000000e+01 0.000000e+00
      vertex   3.750000e+01 8.000000e+01 1.500000e+01
      vertex   3.798773e+01 7.995196e+01 7.500000e+00
    endloop
  endfacet
  facet normal 9.801714e-02 9.951847e-01 -1.885657e-15
    outer loop
      vertex   3.798773e+01 7.995196e+01 7.500000e+00
      vertex   3.750000e+01 8.000000e+01 1.500000e+01
      vertex   3.798773e+01 7.995196e+01 1.500000e+01
    endloop
  endfacet
  facet normal 2.902847e-01 9.569403e-01 -1.813192e-15
    outer loop
      vertex   3.798773e+01 7.995196e+01 7.500000e+00
      vertex   3.798773e+01 7.995196e+01 1.500000e+01
      vertex   3.845671e+01 7.980970e+01 7.500000e+00
    endloop
  endfacet
  facet normal 2.902847e-01 9.569403e-01 -0.000000e+00
    outer loop
      vertex   3.845671e+01 7.980970e+01 7.500000e+00
      vertex   3.798773e+01 7.995196e+01 1.500000e+01
      vertex   3.845671e+01 7.980970e+01 1.500000e+01
    endloop
  endfacet
  facet normal 4.713967e-01 8.819213e-01 -0.000000e+00
    outer loop
      vertex   3.845671e+01 7.980970e+01 7.500000e+00
      vertex   3.845671e+01 7.980970e+01 1.500000e+01
      vertex   3.888893e+01 7.957867e+01 7.500000e+00
    endloop
  endfacet
  facet normal 4.713967e-01 8.819213e-01 -0.000000e+00
    outer loop
      vertex   3.888893e+01 7.957867e+01 7.500000e+00
      vertex   3.845671e+01 7.980970e+01 1.500000e+01
      vertex   3.888893e+01 7.957867e+01 1.500000e+01
    endloop
  endfacet
  facet normal 6.343933e-01 7.730105e-01 -0.000000e+00
    outer loop
      vertex   3.888893e+01 7.957867e+01 7.500000e+00
      vertex   3.888893e+01 7.957867e+01 1.500000e+01
      vertex   3.926777e+01 7.926777e+01 7.500000e+00
    endloop
  endfacet
  facet normal 6.343933e-01 7.730105e-01 -0.000000e+00
    outer loop
      vertex   3.926777e+01 7.926777e+01 7.500000e+00
      vertex   3.888893e+01 7.957867e+01 1.500000e+01
      vertex   3.926777e+01 7.926777e+01 1.500000e+01
    endloop
  endfacet
  facet normal 7.730105e-01 6.343933e-01 -0.000000e+00
    outer loop
      vertex   3.926777e+01 7.926777e+01 7.500000e+00
      vertex   3.926777e+01 7.926777e+01 1.500000e+01
      vertex   3.957867e+01 7.888893e+01 7.500000e+00
    endloop
  endfacet
  facet normal 7.730105e-01 6.343933e-01 -0.000000e+00
    outer loop
      vertex   3.957867e+01 7.888893e+01 7.500000e+00
      vertex   3.926777e+01 7.926777e+01 1.500000e+01
      vertex   3.957867e+01 7.888893e+01 1.500000e+01
    endloop
  endfacet
  facet normal 8.819213e-01 4.713967e-01 -0.000000e+00
    outer loop
      vertex   3.957867e+01 7.888893e+01 7.500000e+00
      vertex   3.957867e+01 7.888893e+01 1.500000e+01
      vertex   3.980970e+01 7.845671e+01 7.500000e+00
    endloop
  endfacet
  facet normal 8.819213e-01 4.713967e-01 -8.355237e-16
    outer loop
      vertex   3.980970e+01 7.845671e+01 7.500000e+00
      vertex   3.957867e+01 7.888893e+01 1.500000e+01
      vertex   3.980970e+01 7.845671e+01 1.500000e+01
    endloop
  endfacet
  facet normal 9.569403e-01 2.902847e-01 -9.065960e-16
    outer loop
      vertex   3.980970e+01 7.845671e+01 7.500000e+00
      vertex   3.980970e+01 7.845671e+01 1.500000e+01
      vertex   3.995196e+01 7.798773e+01 7.500000e+00
    endloop
  endfacet
  facet normal 9.569403e-01 2.902847e-01 -0.000000e+00
    outer loop
      vertex   3.995196e+01 7.798773e+01 7.500000e+00
      vertex   3.980970e+01 7.845671e+01 1.500000e+01
      vertex   3.995196e+01 7.798773e+01 1.500000e+01
    endloop
  endfacet
  facet normal 9.951847e-01 9.801714e-02 -0.000000e+00
    outer loop
      vertex   3.995196e+01 7.798773e+01 7.500000e+00
      vertex   3.995196e+01 7.798773e+01 1.500000e+01
      vertex   4.000000e+01 7.750000e+01 1.500000e+01
    endloop
  endfacet
  facet normal 9.951847e-01 9.801714e-02 0.000000e+00
    outer loop
      vertex   4.000000e+01 7.750000e+01 1.500000e+01
      vertex   4.000000e+01 7.750000e+01 0.000000e+00
      vertex   3.995196e+01 7.798773e+01 7.500000e+00
    endloop
  endfacet
  facet normal 9.951847e-01 9.801714e-02 0.000000e+00
    outer loop
      vertex   3.995196e+01 7.798773e+01 7.500000e+00
      vertex   4.000000e+01 7.750000e+01 0.000000e+00
      vertex   3.995196e+01 7.798773e+01 0.000000e+00
    endloop
  endfacet
  facet normal 9.569403e-01 2.902847e-01 0.000000e+00
    outer loop
      vertex   3.995196e+01 7.798773e+01 7.500000e+00
      vertex   3.995196e+01 7.798773e+01 0.000000e+00
      vertex   3.980970e+01 7.845671e+01 7.500000e+00
    endloop
  endfacet
  facet normal 9.569403e-01 2.902847e-01 9.065960e-16
    outer loop
      vertex   3.980970e+01 7.845671e+01 7.500000e+00
      vertex   3.995196e+01 7.798773e+01 0.000000e+00
      vertex   3.980970e+01 7.845671e+01 0.000000e+00
    endloop
  endfacet
  facet normal 8.819213e-01 4.713967e-01 8.355237e-16
    outer loop
      vertex   3.980970e+01 7.845671e+01 7.500000e+00
      vertex   3.980970e+01 7.845671e+01 0.000000e+00
      vertex   3.957867e+01 7.888893e+01 7.500000e+00
    endloop
  endfacet
  facet normal 8.819213e-01 4.713967e-01 0.000000e+00
    outer loop
      vertex   3.957867e+01 7.888893e+01 7.500000e+00
      vertex   3.980970e+01 7.845671e+01 0.000000e+00
      vertex   3.957867e+01 7.888893e+01 0.000000e+00
    endloop
  endfacet
  facet normal 7.730105e-01 6.343933e-01 0.000000e+00
    outer loop
      vertex   3.957867e+01 7.888893e+01 7.500000e+00
      vertex   3.957867e+01 7.888893e+01 0.000000e+00
      vertex   3.926777e+01 7.926777e+01 7.500000e+00
    endloop
  endfacet
  facet normal 7.730105e-01 6.343933e-01 0.000000e+00
    outer loop
      vertex   3.926777e+01 7.926777e+01 7.500000e+00
      vertex   3.957867e+01 7.888893e+01 0.000000e+00
      vertex   3.926777e+01 7.926777e+01 0.000000e+00
    endloop
  endfacet
  facet normal 6.343933e-01 7.730105e-01 0.000000e+00
    outer loop
      vertex   3.926777e+01 7.926777e+01 7.500000e+00
      vertex   3.926777e+01 7.926777e+01 0.000000e+00
      vertex   3.888893e+01 7.957867e+01 7.500000e+00
    endloop
  endfacet
  facet normal 6.343933e-01 7.730105e-01 0.000000e+00
    outer loop
      vertex   3.888893e+01 7.957867e+01 7.500000e+00
      vertex   3.926777e+01 7.926777e+01 0.000000e+00
      vertex   3.888893e+01 7.957867e+01 0.000000e+00
    endloop
  endfacet
  facet normal 4.713967e-01 8.819213e-01 0.000000e+00
    outer loop
      vertex   3.888893e+01 7.957867e+01 7.500000e+00
      vertex   3.888893e+01 7.957867e+01 0.000000e+00
      vertex   3.845671e+01 7.980970e+01 7.500000e+00
    endloop
  endfacet
  facet normal 4.713967e-01 8.819213e-01 0.000000e+00
    outer loop
      vertex   3.845671e+01 7.980970e+01 7.500000e+00
      vertex   3.888893e+01 7.957867e+01 0.000000e+00
      vertex   3.845671e+01 7.980970e+01 0.000000e+00
    endloop
  endfacet
  facet normal 2.902847e-01 9.569403e-01 0.000000e+00
    outer loop
      vertex   3.845671e+01 7.980970e+01 7.500000e+00
      vertex   3.845671e+01 7.980970e+01 0.000000e+00
      vertex   3.798773e+01 7.995196e+01 7.500000e+00
    endloop
  endfacet
  facet normal 2.902847e-01 9.569403e-01 1.813192e-15
    outer loop
      vertex   3.798773e+01 7.995196e+01 7.500000e+00
      vertex   3.845671e+01 7.980970e+01 0.000000e+00
      vertex   3.798773e+01 7.995196e+01 0.000000e+00
    endloop
  endfacet
  facet normal 9.801714e-02 9.951847e-01 1.885657e-15
    outer loop
      vertex   3.798773e+01 7.995196e+01 7.500000e+00
      vertex   3.798773e+01 7.995196e+01 0.000000e+00
      vertex   3.750000e+01 8.000000e+01 0.000000e+00
    endloop
  endfacet
  facet normal 1.000000e+00 0.000000e+00 -0.000000e+00
    outer loop
      vertex   2.300000e+01 1.874222e+01 0.000000e+00
      vertex   2.300000e+01 1.874222e+01 1.500000e+01
      vertex   2.300000e+01 1.445904e+01 0.000000e+00
    endloop
  endfacet
  facet normal 1.000000e+00 0.000000e+00 -0.000000e+00
    outer loop
      vertex   2.300000e+01 1.445904e+01 0.000000e+00
      vertex   2.300000e+01 1.874222e+01 1.500000e+01
      vertex   2.300000e+01 1.445904e+01 1.500000e+01
    endloop
  endfacet
  facet normal 1.000000e+00 -0.000000e+00 0.000000e+00
    outer loop
      vertex   2.300000e+01 6.106052e+01 1.500000e+01
      vertex   2.300000e+01 6.106052e+01 0.000000e+00
      vertex   2.300000e+01 6.550345e+01 1.500000e+01
    endloop
  endfacet
  facet normal 1.000000e+00 0.000000e+00 0.000000e+00
    outer loop
      vertex   2.300000e+01 6.550345e+01 1.500000e+01
      vertex   2.300000e+01 6.106052e+01 0.000000e+00
      vertex   2.300000e+01 6.550345e+01 0.000000e+00
    endloop
  endfacet
  facet normal 1.000000e+00 0.000000e+00 -0.000000e+00
    outer loop
      vertex   2.300000e+01 4.426486e+01 0.000000e+00
      vertex   2.300000e+01 4.426486e+01 1.500000e+01
      vertex   2.300000e+01 3.900855e+01 0.000000e+00
    endloop
  endfacet
  facet normal 1.000000e+00 0.000000e+00 0.000000e+00
    outer loop
      vertex   2.300000e+01 3.900855e+01 0.000000e+00
      vertex   2.300000e+01 4.426486e+01 1.500000e+01
      vertex   2.300000e+01 3.900855e+01 1.500000e+01
    endloop
  endfacet
  facet normal -1.000000e+00 0.000000e+00 0.000000e+00
    outer loop
      vertex   1.700000e+01 6.109887e+01 0.000000e+00
      vertex   1.700000e+01 6.109887e+01 1.500000e+01
      vertex   1.700000e+01 6.550271e+01 0.000000e+00
    endloop
  endfacet
  facet normal -1.000000e+00 0.000000e+00 0.000000e+00
    outer loop
      vertex   1.700000e+01 6.550271e+01 0.000000e+00
      vertex   1.700000e+01 6.109887e+01 1.500000e+01
      vertex   1.700000e+01 6.550271e+01 1.500000e+01
    endloop
  endfacet
  facet normal -1.000000e+00 -0.000000e+00 -0.000000e+00
    outer loop
      vertex   1.700000e+01 1.870293e+01 1.500000e+01
      vertex   1.700000e+01 1.870293e+01 0.000000e+00
      vertex   1.700000e+01 1.442773e+01 1.500000e+01
    endloop
  endfacet
  facet normal -1.000000e+00 0.000000e+00 -0.000000e+00
    outer loop
      vertex   1.700000e+01 1.442773e+01 1.500000e+01
      vertex   1.700000e+01 1.870293e+01 0.000000e+00
      vertex   1.700000e+01 1.442773e+01 0.000000e+00
    endloop
  endfacet
  facet normal -1.000000e+00 -0.000000e+00 -0.000000e+00
    outer loop
      vertex   1.700000e+01 4.427881e+01 1.500000e+01
      vertex   1.700000e+01 4.427881e+01 0.000000e+00
      vertex   1.700000e+01 3.906880e+01 1.500000e+01
    endloop
  endfacet
  facet normal -1.000000e+00 0.000000e+00 -0.000000e+00
    outer loop
      vertex   1.700000e+01 3.906880e+01 1.500000e+01
      vertex   1.700000e+01 4.427881e+01 0.000000e+00
      vertex   1.700000e+01 3.906880e+01 0.000000e+00
    endloop
  endfacet
  facet normal 1.618127e-01 9.868215e-01 -1.168631e-16
    outer loop
      vertex   1.700000e+01 1.442773e+01 1.500000e+01
      vertex   1.700000e+01 1.442773e+01 0.000000e+00
      vertex   1.636722e+01 1.453149e+01 1.500000e+01
    endloop
  endfacet
  facet normal 1.618475e-01 9.868158e-01 1.508102e-06
    outer loop
      vertex   1.636722e+01 1.453149e+01 1.500000e+01
      vertex   1.700000e+01 1.442773e+01 0.000000e+00
      vertex   1.636629e+01 1.453166e+01 -8.356869e-16
    endloop
  endfacet
  facet normal 2.116930e-01 9.773362e-01 -1.701483e-06
    outer loop
      vertex   1.636722e+01 1.453149e+01 1.500000e+01
      vertex   1.636629e+01 1.453166e+01 -8.356869e-16
      vertex   1.574196e+01 1.466692e+01 1.500000e+01
    endloop
  endfacet
  facet normal 2.117428e-01 9.773254e-01 4.706136e-07
    outer loop
      vertex   1.574196e+01 1.466692e+01 1.500000e+01
      vertex   1.636629e+01 1.453166e+01 -8.356869e-16
      vertex   1.574055e+01 1.466723e+01 0.000000e+00
    endloop
  endfacet
  facet normal 2.648256e-01 9.642963e-01 -4.765695e-06
    outer loop
      vertex   1.574196e+01 1.466692e+01 1.500000e+01
      vertex   1.574055e+01 1.466723e+01 0.000000e+00
      vertex   1.512954e+01 1.483503e+01 0.000000e+00
    endloop
  endfacet
  facet normal 2.660805e-01 9.639508e-01 -5.987512e-05
    outer loop
      vertex   1.574196e+01 1.466692e+01 1.500000e+01
      vertex   1.512954e+01 1.483503e+01 0.000000e+00
      vertex   1.512496e+01 1.483723e+01 1.500000e+01
    endloop
  endfacet
  facet normal 3.109827e-01 9.504156e-01 -4.418455e-05
    outer loop
      vertex   1.512496e+01 1.483723e+01 1.500000e+01
      vertex   1.512954e+01 1.483503e+01 0.000000e+00
      vertex   1.453017e+01 1.503115e+01 0.000000e+00
    endloop
  endfacet
  facet normal 3.125254e-01 9.499094e-01 -1.119006e-04
    outer loop
      vertex   1.512496e+01 1.483723e+01 1.500000e+01
      vertex   1.453017e+01 1.503115e+01 0.000000e+00
      vertex   1.451516e+01 1.503786e+01 1.500000e+01
    endloop
  endfacet
  facet normal 3.618858e-01 9.322224e-01 -5.460166e-05
    outer loop
      vertex   1.451516e+01 1.503786e+01 1.500000e+01
      vertex   1.453017e+01 1.503115e+01 0.000000e+00
      vertex   1.334035e+01 1.549304e+01 0.000000e+00
    endloop
  endfacet
  facet normal 3.623251e-01 9.320518e-01 -9.418651e-05
    outer loop
      vertex   1.451516e+01 1.503786e+01 1.500000e+01
      vertex   1.334035e+01 1.549304e+01 0.000000e+00
      vertex   1.331138e+01 1.550582e+01 1.500000e+01
    endloop
  endfacet
  facet normal 3.976315e-01 9.175452e-01 -1.363768e-05
    outer loop
      vertex   1.331138e+01 1.550582e+01 1.500000e+01
      vertex   1.334035e+01 1.549304e+01 0.000000e+00
      vertex   1.211910e+01 1.602229e+01 0.000000e+00
    endloop
  endfacet
  facet normal 3.974871e-01 9.176078e-01 0.000000e+00
    outer loop
      vertex   1.331138e+01 1.550582e+01 1.500000e+01
      vertex   1.211910e+01 1.602229e+01 0.000000e+00
      vertex   1.211910e+01 1.602229e+01 1.500000e+01
    endloop
  endfacet
  facet normal 2.373531e-01 -9.714234e-01 0.000000e+00
    outer loop
      vertex   1.700000e+01 6.550271e+01 1.500000e+01
      vertex   1.600588e+01 6.525981e+01 1.500000e+01
      vertex   1.700000e+01 6.550271e+01 0.000000e+00
    endloop
  endfacet
  facet normal 2.371687e-01 -9.714685e-01 -1.294681e-05
    outer loop
      vertex   1.700000e+01 6.550271e+01 0.000000e+00
      vertex   1.600588e+01 6.525981e+01 1.500000e+01
      vertex   1.600670e+01 6.526021e+01 0.000000e+00
    endloop
  endfacet
  facet normal 3.287598e-01 -9.444136e-01 -7.218516e-06
    outer loop
      vertex   1.600670e+01 6.526021e+01 0.000000e+00
      vertex   1.600588e+01 6.525981e+01 1.500000e+01
      vertex   1.504267e+01 6.492462e+01 0.000000e+00
    endloop
  endfacet
  facet normal 3.293671e-01 -9.442020e-01 -5.094396e-05
    outer loop
      vertex   1.504267e+01 6.492462e+01 0.000000e+00
      vertex   1.600588e+01 6.525981e+01 1.500000e+01
      vertex   1.503591e+01 6.492145e+01 1.500000e+01
    endloop
  endfacet
  facet normal 3.895884e-01 -9.209891e-01 -1.887041e-05
    outer loop
      vertex   1.504267e+01 6.492462e+01 0.000000e+00
      vertex   1.503591e+01 6.492145e+01 1.500000e+01
      vertex   1.409225e+01 6.452258e+01 0.000000e+00
    endloop
  endfacet
  facet normal 3.896976e-01 -9.209429e-01 -2.697016e-05
    outer loop
      vertex   1.409225e+01 6.452258e+01 0.000000e+00
      vertex   1.503591e+01 6.492145e+01 1.500000e+01
      vertex   1.408240e+01 6.451798e+01 1.500000e+01
    endloop
  endfacet
  facet normal 4.189158e-01 -9.080251e-01 -3.823935e-06
    outer loop
      vertex   1.409225e+01 6.452258e+01 0.000000e+00
      vertex   1.408240e+01 6.451798e+01 1.500000e+01
      vertex   1.313713e+01 6.408194e+01 0.000000e+00
    endloop
  endfacet
  facet normal 4.188658e-01 -9.080482e-01 0.000000e+00
    outer loop
      vertex   1.313713e+01 6.408194e+01 0.000000e+00
      vertex   1.408240e+01 6.451798e+01 1.500000e+01
      vertex   1.313713e+01 6.408194e+01 1.500000e+01
    endloop
  endfacet
  facet normal 1.000000e+00 0.000000e+00 0.000000e+00
    outer loop
      vertex   4.000000e+01 2.500000e+00 0.000000e+00
      vertex   4.000000e+01 7.750000e+01 0.000000e+00
      vertex   4.000000e+01 2.500000e+00 1.500000e+01
    endloop
  endfacet
  facet normal 1.000000e+00 -0.000000e+00 0.000000e+00
    outer loop
      vertex   4.000000e+01 2.500000e+00 1.500000e+01
      vertex   4.000000e+01 7.750000e+01 0.000000e+00
      vertex   4.000000e+01 7.750000e+01 1.500000e+01
    endloop
  endfacet
  facet normal -5.489774e-01 -8.358372e-01 -0.000000e+00
    outer loop
      vertex   2.683581e+01 6.410749e+01 1.500000e+01
      vertex   2.683581e+01 6.410749e+01 0.000000e+00
      vertex   2.828020e+01 6.315882e+01 1.500000e+01
    endloop
  endfacet
  facet normal -5.489775e-01 -8.358371e-01 1.348765e-08
    outer loop
      vertex   2.828020e+01 6.315882e+01 1.500000e+01
      vertex   2.683581e+01 6.410749e+01 0.000000e+00
      vertex   2.828020e+01 6.315882e+01 0.000000e+00
    endloop
  endfacet
  facet normal -6.008398e-01 -7.993695e-01 -1.192092e-08
    outer loop
      vertex   2.828020e+01 6.315882e+01 1.500000e+01
      vertex   2.828020e+01 6.315882e+01 0.000000e+00
      vertex   2.896397e+01 6.264487e+01 1.500000e+01
    endloop
  endfacet
  facet normal -6.008402e-01 -7.993691e-01 2.043590e-08
    outer loop
      vertex   2.896397e+01 6.264487e+01 1.500000e+01
      vertex   2.828020e+01 6.315882e+01 0.000000e+00
      vertex   2.896398e+01 6.264486e+01 0.000000e+00
    endloop
  endfacet
  facet normal -6.608565e-01 -7.505123e-01 -2.571764e-08
    outer loop
      vertex   2.896397e+01 6.264487e+01 1.500000e+01
      vertex   2.896398e+01 6.264486e+01 0.000000e+00
      vertex   2.960164e+01 6.208338e+01 1.500000e+01
    endloop
  endfacet
  facet normal -6.608574e-01 -7.505115e-01 3.771925e-08
    outer loop
      vertex   2.960164e+01 6.208338e+01 1.500000e+01
      vertex   2.896398e+01 6.264486e+01 0.000000e+00
      vertex   2.960164e+01 6.208337e+01 0.000000e+00
    endloop
  endfacet
  facet normal -7.293221e-01 -6.841705e-01 -3.777388e-08
    outer loop
      vertex   2.960164e+01 6.208338e+01 1.500000e+01
      vertex   2.960164e+01 6.208337e+01 0.000000e+00
      vertex   3.018251e+01 6.146417e+01 0.000000e+00
    endloop
  endfacet
  facet normal -7.293975e-01 -6.840901e-01 -6.273717e-06
    outer loop
      vertex   2.960164e+01 6.208338e+01 1.500000e+01
      vertex   3.018251e+01 6.146417e+01 0.000000e+00
      vertex   3.018284e+01 6.146368e+01 1.500000e+01
    endloop
  endfacet
  facet normal -7.802434e-01 -6.254760e-01 -3.237493e-06
    outer loop
      vertex   3.018284e+01 6.146368e+01 1.500000e+01
      vertex   3.018251e+01 6.146417e+01 0.000000e+00
      vertex   3.071687e+01 6.079759e+01 0.000000e+00
    endloop
  endfacet
  facet normal -7.803022e-01 -6.254026e-01 -8.588950e-06
    outer loop
      vertex   3.018284e+01 6.146368e+01 1.500000e+01
      vertex   3.071687e+01 6.079759e+01 0.000000e+00
      vertex   3.071777e+01 6.079627e+01 1.500000e+01
    endloop
  endfacet
  facet normal -8.185156e-01 -5.744843e-01 -1.804464e-06
    outer loop
      vertex   3.071777e+01 6.079627e+01 1.500000e+01
      vertex   3.071687e+01 6.079759e+01 0.000000e+00
      vertex   3.171048e+01 5.938191e+01 0.000000e+00
    endloop
  endfacet
  facet normal -8.185066e-01 -5.744971e-01 0.000000e+00
    outer loop
      vertex   3.071777e+01 6.079627e+01 1.500000e+01
      vertex   3.171048e+01 5.938191e+01 0.000000e+00
      vertex   3.171048e+01 5.938191e+01 1.500000e+01
    endloop
  endfacet
  facet normal -9.032105e-01 -4.291979e-01 -0.000000e+00
    outer loop
      vertex   3.171048e+01 5.938191e+01 1.500000e+01
      vertex   3.171048e+01 5.938191e+01 0.000000e+00
      vertex   3.246493e+01 5.779423e+01 1.500000e+01
    endloop
  endfacet
  facet normal -9.031746e-01 -4.292734e-01 -9.793309e-06
    outer loop
      vertex   3.246493e+01 5.779423e+01 1.500000e+01
      vertex   3.171048e+01 5.938191e+01 0.000000e+00
      vertex   3.246867e+01 5.778671e+01 1.110048e-15
    endloop
  endfacet
  facet normal -9.282959e-01 -3.718423e-01 -4.486092e-05
    outer loop
      vertex   3.246493e+01 5.779423e+01 1.500000e+01
      vertex   3.246867e+01 5.778671e+01 1.110048e-15
      vertex   3.278863e+01 5.698613e+01 1.500000e+01
    endloop
  endfacet
  facet normal -9.284740e-01 -3.713975e-01 -1.731985e-05
    outer loop
      vertex   3.278863e+01 5.698613e+01 1.500000e+01
      vertex   3.246867e+01 5.778671e+01 1.110048e-15
      vertex   3.278994e+01 5.698356e+01 1.873304e-15
    endloop
  endfacet
  facet normal -9.539574e-01 -2.999420e-01 -3.176292e-05
    outer loop
      vertex   3.278863e+01 5.698613e+01 1.500000e+01
      vertex   3.278994e+01 5.698356e+01 1.873304e-15
      vertex   3.304810e+01 5.616090e+01 1.500000e+01
    endloop
  endfacet
  facet normal -9.541172e-01 -2.994335e-01 -1.124089e-06
    outer loop
      vertex   3.304810e+01 5.616090e+01 1.500000e+01
      vertex   3.278994e+01 5.698356e+01 1.873304e-15
      vertex   3.304800e+01 5.616125e+01 2.220446e-15
    endloop
  endfacet
  facet normal -9.776696e-01 -2.101477e-01 1.114681e-06
    outer loop
      vertex   3.304810e+01 5.616090e+01 1.500000e+01
      vertex   3.304800e+01 5.616125e+01 2.220446e-15
      vertex   3.322985e+01 5.531525e+01 1.873698e-15
    endloop
  endfacet
  facet normal -9.776765e-01 -2.101160e-01 -7.599830e-07
    outer loop
      vertex   3.304810e+01 5.616090e+01 1.500000e+01
      vertex   3.322985e+01 5.531525e+01 1.873698e-15
      vertex   3.322990e+01 5.531498e+01 1.500000e+01
    endloop
  endfacet
  facet normal -9.906354e-01 -1.365339e-01 6.041573e-07
    outer loop
      vertex   3.322990e+01 5.531498e+01 1.500000e+01
      vertex   3.322985e+01 5.531525e+01 1.873698e-15
      vertex   3.334876e+01 5.445246e+01 1.110398e-15
    endloop
  endfacet
  facet normal -9.906376e-01 -1.365176e-01 -3.524118e-07
    outer loop
      vertex   3.322990e+01 5.531498e+01 1.500000e+01
      vertex   3.334876e+01 5.445246e+01 1.110398e-15
      vertex   3.334878e+01 5.445228e+01 1.500000e+01
    endloop
  endfacet
  facet normal -9.971388e-01 -7.559277e-02 3.990306e-07
    outer loop
      vertex   3.334878e+01 5.445228e+01 1.500000e+01
      vertex   3.334876e+01 5.445246e+01 1.110398e-15
      vertex   3.348170e+01 5.269894e+01 0.000000e+00
    endloop
  endfacet
  facet normal -9.971390e-01 -7.558937e-02 0.000000e+00
    outer loop
      vertex   3.334878e+01 5.445228e+01 1.500000e+01
      vertex   3.348170e+01 5.269894e+01 0.000000e+00
      vertex   3.348170e+01 5.269894e+01 1.500000e+01
    endloop
  endfacet
  facet normal -9.960774e-01 8.848610e-02 0.000000e+00
    outer loop
      vertex   3.348170e+01 5.269894e+01 1.500000e+01
      vertex   3.348170e+01 5.269894e+01 0.000000e+00
      vertex   3.332395e+01 5.092321e+01 1.500000e+01
    endloop
  endfacet
  facet normal -9.960774e-01 8.848610e-02 2.560604e-10
    outer loop
      vertex   3.332395e+01 5.092321e+01 1.500000e+01
      vertex   3.348170e+01 5.269894e+01 0.000000e+00
      vertex   3.332395e+01 5.092321e+01 1.110223e-15
    endloop
  endfacet
  facet normal -9.876338e-01 1.567784e-01 -2.267285e-10
    outer loop
      vertex   3.332395e+01 5.092321e+01 1.500000e+01
      vertex   3.332395e+01 5.092321e+01 1.110223e-15
      vertex   3.318585e+01 5.005326e+01 1.500000e+01
    endloop
  endfacet
  facet normal -9.876338e-01 1.567784e-01 3.886772e-10
    outer loop
      vertex   3.318585e+01 5.005326e+01 1.500000e+01
      vertex   3.332395e+01 5.092321e+01 1.110223e-15
      vertex   3.318585e+01 5.005326e+01 1.873501e-15
    endloop
  endfacet
  facet normal -9.709309e-01 2.393599e-01 -4.897305e-10
    outer loop
      vertex   3.318585e+01 5.005326e+01 1.500000e+01
      vertex   3.318585e+01 5.005326e+01 1.873501e-15
      vertex   3.297669e+01 4.920480e+01 1.500000e+01
    endloop
  endfacet
  facet normal -9.709309e-01 2.393599e-01 7.182716e-10
    outer loop
      vertex   3.297669e+01 4.920480e+01 1.500000e+01
      vertex   3.318585e+01 5.005326e+01 1.873501e-15
      vertex   3.297669e+01 4.920480e+01 2.220446e-15
    endloop
  endfacet
  facet normal -9.408685e-01 3.387721e-01 -7.184067e-10
    outer loop
      vertex   3.297669e+01 4.920480e+01 1.500000e+01
      vertex   3.297669e+01 4.920480e+01 2.220446e-15
      vertex   3.268068e+01 4.838270e+01 1.873501e-15
    endloop
  endfacet
  facet normal -9.408631e-01 3.387871e-01 -9.273940e-07
    outer loop
      vertex   3.297669e+01 4.920480e+01 1.500000e+01
      vertex   3.268068e+01 4.838270e+01 1.873501e-15
      vertex   3.268064e+01 4.838263e+01 1.500000e+01
    endloop
  endfacet
  facet normal -9.089927e-01 4.168121e-01 -4.731651e-07
    outer loop
      vertex   3.268064e+01 4.838263e+01 1.500000e+01
      vertex   3.268068e+01 4.838270e+01 1.873501e-15
      vertex   3.231359e+01 4.758215e+01 1.110223e-15
    endloop
  endfacet
  facet normal -9.089871e-01 4.168243e-01 -1.260931e-06
    outer loop
      vertex   3.268064e+01 4.838263e+01 1.500000e+01
      vertex   3.231359e+01 4.758215e+01 1.110223e-15
      vertex   3.231348e+01 4.758196e+01 1.500000e+01
    endloop
  endfacet
  facet normal -8.781516e-01 4.783825e-01 -2.625977e-07
    outer loop
      vertex   3.231348e+01 4.758196e+01 1.500000e+01
      vertex   3.231359e+01 4.758215e+01 1.110223e-15
      vertex   3.146067e+01 4.601647e+01 0.000000e+00
    endloop
  endfacet
  facet normal -8.781526e-01 4.783806e-01 0.000000e+00
    outer loop
      vertex   3.231348e+01 4.758196e+01 1.500000e+01
      vertex   3.146067e+01 4.601647e+01 0.000000e+00
      vertex   3.146067e+01 4.601647e+01 1.500000e+01
    endloop
  endfacet
  facet normal -4.490279e-01 -8.935177e-01 -2.127023e-16
    outer loop
      vertex   2.816394e+01 4.100408e+01 1.500000e+01
      vertex   2.816394e+01 4.100408e+01 7.500000e+00
      vertex   2.881713e+01 4.067583e+01 1.500000e+01
    endloop
  endfacet
  facet normal -4.487923e-01 -8.936361e-01 -2.569357e-05
    outer loop
      vertex   2.881713e+01 4.067583e+01 1.500000e+01
      vertex   2.816394e+01 4.100408e+01 7.500000e+00
      vertex   2.881115e+01 4.067926e+01 0.000000e+00
    endloop
  endfacet
  facet normal -5.109186e-01 -8.596291e-01 6.888164e-06
    outer loop
      vertex   2.881713e+01 4.067583e+01 1.500000e+01
      vertex   2.881115e+01 4.067926e+01 0.000000e+00
      vertex   2.942973e+01 4.031161e+01 0.000000e+00
    endloop
  endfacet
  facet normal -4.485545e-01 -8.937555e-01 2.124781e-16
    outer loop
      vertex   2.816394e+01 4.100408e+01 7.500000e+00
      vertex   2.816394e+01 4.100408e+01 -4.493162e-16
      vertex   2.881115e+01 4.067926e+01 0.000000e+00
    endloop
  endfacet
  facet normal -5.117169e-01 -8.591541e-01 -3.724656e-05
    outer loop
      vertex   2.881713e+01 4.067583e+01 1.500000e+01
      vertex   2.942973e+01 4.031161e+01 0.000000e+00
      vertex   2.943980e+01 4.030496e+01 1.500000e+01
    endloop
  endfacet
  facet normal -5.852632e-01 -8.108434e-01 3.352117e-05
    outer loop
      vertex   2.943980e+01 4.030496e+01 1.500000e+01
      vertex   2.942973e+01 4.031161e+01 0.000000e+00
      vertex   3.001603e+01 3.988842e+01 0.000000e+00
    endloop
  endfacet
  facet normal -5.864189e-01 -8.100079e-01 -3.407377e-05
    outer loop
      vertex   2.943980e+01 4.030496e+01 1.500000e+01
      vertex   3.001603e+01 3.988842e+01 0.000000e+00
      vertex   3.002477e+01 3.988147e+01 1.500000e+01
    endloop
  endfacet
  facet normal -6.539648e-01 -7.565250e-01 3.007897e-05
    outer loop
      vertex   3.002477e+01 3.988147e+01 1.500000e+01
      vertex   3.001603e+01 3.988842e+01 0.000000e+00
      vertex   3.056634e+01 3.941272e+01 0.000000e+00
    endloop
  endfacet
  facet normal -6.547946e-01 -7.558069e-01 -2.231903e-05
    outer loop
      vertex   3.002477e+01 3.988147e+01 1.500000e+01
      vertex   3.056634e+01 3.941272e+01 0.000000e+00
      vertex   3.057292e+01 3.940658e+01 1.500000e+01
    endloop
  endfacet
  facet normal -7.050264e-01 -7.091811e-01 1.879883e-05
    outer loop
      vertex   3.057292e+01 3.940658e+01 1.500000e+01
      vertex   3.056634e+01 3.941272e+01 0.000000e+00
      vertex   3.108678e+01 3.889532e+01 0.000000e+00
    endloop
  endfacet
  facet normal -7.054900e-01 -7.087199e-01 -1.280273e-05
    outer loop
      vertex   3.057292e+01 3.940658e+01 1.500000e+01
      vertex   3.108678e+01 3.889532e+01 0.000000e+00
      vertex   3.109148e+01 3.889038e+01 1.500000e+01
    endloop
  endfacet
  facet normal -7.404360e-01 -6.721269e-01 1.018650e-05
    outer loop
      vertex   3.109148e+01 3.889038e+01 1.500000e+01
      vertex   3.108678e+01 3.889532e+01 0.000000e+00
      vertex   3.158483e+01 3.834666e+01 0.000000e+00
    endloop
  endfacet
  facet normal -7.406574e-01 -6.718829e-01 -5.935488e-06
    outer loop
      vertex   3.109148e+01 3.889038e+01 1.500000e+01
      vertex   3.158483e+01 3.834666e+01 0.000000e+00
      vertex   3.158784e+01 3.834320e+01 1.500000e+01
    endloop
  endfacet
  facet normal -7.679269e-01 -6.405374e-01 6.763008e-06
    outer loop
      vertex   3.158784e+01 3.834320e+01 1.500000e+01
      vertex   3.158483e+01 3.834666e+01 0.000000e+00
      vertex   3.254360e+01 3.719721e+01 0.000000e+00
    endloop
  endfacet
  facet normal -7.679705e-01 -6.404852e-01 0.000000e+00
    outer loop
      vertex   3.158784e+01 3.834320e+01 1.500000e+01
      vertex   3.254360e+01 3.719721e+01 0.000000e+00
      vertex   3.254360e+01 3.719721e+01 1.500000e+01
    endloop
  endfacet
  facet normal -8.611958e-01 -5.082734e-01 -0.000000e+00
    outer loop
      vertex   3.254360e+01 3.719721e+01 1.500000e+01
      vertex   3.254360e+01 3.719721e+01 0.000000e+00
      vertex   3.308998e+01 3.627144e+01 1.500000e+01
    endloop
  endfacet
  facet normal -8.611855e-01 -5.082909e-01 -1.455612e-06
    outer loop
      vertex   3.308998e+01 3.627144e+01 1.500000e+01
      vertex   3.254360e+01 3.719721e+01 0.000000e+00
      vertex   3.309234e+01 3.626748e+01 0.000000e+00
    endloop
  endfacet
  facet normal -8.753094e-01 -4.835632e-01 -1.020386e-05
    outer loop
      vertex   3.308998e+01 3.627144e+01 1.500000e+01
      vertex   3.309234e+01 3.626748e+01 0.000000e+00
      vertex   3.360660e+01 3.533630e+01 1.500000e+01
    endloop
  endfacet
  facet normal -8.753168e-01 -4.835498e-01 -9.120308e-06
    outer loop
      vertex   3.360660e+01 3.533630e+01 1.500000e+01
      vertex   3.309234e+01 3.626748e+01 0.000000e+00
      vertex   3.360869e+01 3.533280e+01 0.000000e+00
    endloop
  endfacet
  facet normal -9.018113e-01 -4.321301e-01 -2.477839e-05
    outer loop
      vertex   3.360660e+01 3.533630e+01 1.500000e+01
      vertex   3.360869e+01 3.533280e+01 0.000000e+00
      vertex   3.406368e+01 3.438241e+01 1.500000e+01
    endloop
  endfacet
  facet normal -9.019059e-01 -4.319326e-01 -9.392639e-06
    outer loop
      vertex   3.406368e+01 3.438241e+01 1.500000e+01
      vertex   3.360869e+01 3.533280e+01 0.000000e+00
      vertex   3.406445e+01 3.438114e+01 0.000000e+00
    endloop
  endfacet
  facet normal -9.364762e-01 -3.507311e-01 -1.800587e-05
    outer loop
      vertex   3.406368e+01 3.438241e+01 1.500000e+01
      vertex   3.406445e+01 3.438114e+01 0.000000e+00
      vertex   3.443147e+01 3.340041e+01 1.500000e+01
    endloop
  endfacet
  facet normal -9.365655e-01 -3.504927e-01 -2.288765e-07
    outer loop
      vertex   3.443147e+01 3.340041e+01 1.500000e+01
      vertex   3.406445e+01 3.438114e+01 0.000000e+00
      vertex   3.443145e+01 3.340047e+01 0.000000e+00
    endloop
  endfacet
  facet normal -9.690071e-01 -2.470330e-01 2.281730e-07
    outer loop
      vertex   3.443147e+01 3.340041e+01 1.500000e+01
      vertex   3.443145e+01 3.340047e+01 0.000000e+00
      vertex   3.469052e+01 3.238423e+01 0.000000e+00
    endloop
  endfacet
  facet normal -9.690084e-01 -2.470277e-01 -1.555717e-07
    outer loop
      vertex   3.443147e+01 3.340041e+01 1.500000e+01
      vertex   3.469052e+01 3.238423e+01 0.000000e+00
      vertex   3.469053e+01 3.238418e+01 1.500000e+01
    endloop
  endfacet
  facet normal -9.869343e-01 -1.611232e-01 1.233756e-07
    outer loop
      vertex   3.469053e+01 3.238418e+01 1.500000e+01
      vertex   3.469052e+01 3.238423e+01 0.000000e+00
      vertex   3.486098e+01 3.134009e+01 0.000000e+00
    endloop
  endfacet
  facet normal -9.869347e-01 -1.611205e-01 -7.196871e-08
    outer loop
      vertex   3.469053e+01 3.238418e+01 1.500000e+01
      vertex   3.486098e+01 3.134009e+01 0.000000e+00
      vertex   3.486099e+01 3.134006e+01 1.500000e+01
    endloop
  endfacet
  facet normal -9.945521e-01 -1.042407e-01 5.089746e-08
    outer loop
      vertex   3.486099e+01 3.134006e+01 1.500000e+01
      vertex   3.486098e+01 3.134009e+01 0.000000e+00
      vertex   3.497237e+01 3.027735e+01 0.000000e+00
    endloop
  endfacet
  facet normal -9.945522e-01 -1.042397e-01 -2.035887e-08
    outer loop
      vertex   3.486099e+01 3.134006e+01 1.500000e+01
      vertex   3.497237e+01 3.027735e+01 0.000000e+00
      vertex   3.497237e+01 3.027734e+01 1.500000e+01
    endloop
  endfacet
  facet normal -9.970980e-01 -7.612825e-02 1.011716e-08
    outer loop
      vertex   3.497237e+01 3.027734e+01 1.500000e+01
      vertex   3.497237e+01 3.027735e+01 0.000000e+00
      vertex   3.505422e+01 2.920532e+01 0.000000e+00
    endloop
  endfacet
  facet normal -9.970980e-01 -7.612811e-02 0.000000e+00
    outer loop
      vertex   3.497237e+01 3.027734e+01 1.500000e+01
      vertex   3.505422e+01 2.920532e+01 0.000000e+00
      vertex   3.505422e+01 2.920532e+01 1.500000e+01
    endloop
  endfacet
  facet normal -9.975518e-01 6.993172e-02 0.000000e+00
    outer loop
      vertex   3.505422e+01 2.920532e+01 1.500000e+01
      vertex   3.505422e+01 2.920532e+01 0.000000e+00
      vertex   3.494751e+01 2.768312e+01 1.500000e+01
    endloop
  endfacet
  facet normal -9.975502e-01 6.995371e-02 2.241904e-06
    outer loop
      vertex   3.494751e+01 2.768312e+01 1.500000e+01
      vertex   3.505422e+01 2.920532e+01 0.000000e+00
      vertex   3.494727e+01 2.768016e+01 0.000000e+00
    endloop
  endfacet
  facet normal -9.945828e-01 1.039469e-01 -4.517324e-06
    outer loop
      vertex   3.494751e+01 2.768312e+01 1.500000e+01
      vertex   3.494727e+01 2.768016e+01 0.000000e+00
      vertex   3.479046e+01 2.618040e+01 1.500000e+01
    endloop
  endfacet
  facet normal -9.945665e-01 1.041034e-01 1.130151e-05
    outer loop
      vertex   3.479046e+01 2.618040e+01 1.500000e+01
      vertex   3.494727e+01 2.768016e+01 0.000000e+00
      vertex   3.478968e+01 2.617459e+01 0.000000e+00
    endloop
  endfacet
  facet normal -9.884513e-01 1.515389e-01 -7.384985e-06
    outer loop
      vertex   3.479046e+01 2.618040e+01 1.500000e+01
      vertex   3.478968e+01 2.617459e+01 0.000000e+00
      vertex   3.467732e+01 2.544243e+01 1.500000e+01
    endloop
  endfacet
  facet normal -9.883980e-01 1.518858e-01 9.948602e-06
    outer loop
      vertex   3.467732e+01 2.544243e+01 1.500000e+01
      vertex   3.478968e+01 2.617459e+01 0.000000e+00
      vertex   3.467607e+01 2.543527e+01 0.000000e+00
    endloop
  endfacet
  facet normal -9.807252e-01 1.953920e-01 -1.143932e-05
    outer loop
      vertex   3.467732e+01 2.544243e+01 1.500000e+01
      vertex   3.467607e+01 2.543527e+01 0.000000e+00
      vertex   3.453272e+01 2.471663e+01 1.500000e+01
    endloop
  endfacet
  facet normal -9.806209e-01 1.959147e-01 1.459602e-05
    outer loop
      vertex   3.453272e+01 2.471663e+01 1.500000e+01
      vertex   3.467607e+01 2.543527e+01 0.000000e+00
      vertex   3.453081e+01 2.470821e+01 0.000000e+00
    endloop
  endfacet
  facet normal -9.686628e-01 2.483795e-01 -1.639894e-05
    outer loop
      vertex   3.453272e+01 2.471663e+01 1.500000e+01
      vertex   3.453081e+01 2.470821e+01 0.000000e+00
      vertex   3.435036e+01 2.400545e+01 1.500000e+01
    endloop
  endfacet
  facet normal -9.684748e-01 2.491114e-01 2.015400e-05
    outer loop
      vertex   3.435036e+01 2.400545e+01 1.500000e+01
      vertex   3.453081e+01 2.470821e+01 0.000000e+00
      vertex   3.434757e+01 2.399583e+01 0.000000e+00
    endloop
  endfacet
  facet normal -9.507066e-01 3.100918e-01 -2.223220e-05
    outer loop
      vertex   3.435036e+01 2.400545e+01 1.500000e+01
      vertex   3.434757e+01 2.399583e+01 0.000000e+00
      vertex   3.412395e+01 2.331130e+01 1.500000e+01
    endloop
  endfacet
  facet normal -9.503909e-01 3.110582e-01 2.657735e-05
    outer loop
      vertex   3.412395e+01 2.331130e+01 1.500000e+01
      vertex   3.434757e+01 2.399583e+01 0.000000e+00
      vertex   3.412003e+01 2.330060e+01 0.000000e+00
    endloop
  endfacet
  facet normal -9.254923e-01 3.787664e-01 -2.823291e-05
    outer loop
      vertex   3.412395e+01 2.331130e+01 1.500000e+01
      vertex   3.412003e+01 2.330060e+01 0.000000e+00
      vertex   3.384775e+01 2.263642e+01 1.500000e+01
    endloop
  endfacet
  facet normal -9.256863e-01 3.782919e-01 -5.276082e-05
    outer loop
      vertex   3.384775e+01 2.263642e+01 1.500000e+01
      vertex   3.412003e+01 2.330060e+01 0.000000e+00
      vertex   3.384617e+01 2.263047e+01 0.000000e+00
    endloop
  endfacet
  facet normal -8.978025e-01 4.403982e-01 -8.035736e-05
    outer loop
      vertex   3.384775e+01 2.263642e+01 1.500000e+01
      vertex   3.384617e+01 2.263047e+01 0.000000e+00
      vertex   3.353036e+01 2.198666e+01 0.000000e+00
    endloop
  endfacet
  facet normal -8.964436e-01 4.431577e-01 -2.286448e-04
    outer loop
      vertex   3.384775e+01 2.263642e+01 1.500000e+01
      vertex   3.353036e+01 2.198666e+01 0.000000e+00
      vertex   3.352334e+01 2.198019e+01 1.500000e+01
    endloop
  endfacet
  facet normal -8.697666e-01 4.934633e-01 -1.944576e-04
    outer loop
      vertex   3.352334e+01 2.198019e+01 1.500000e+01
      vertex   3.353036e+01 2.198666e+01 0.000000e+00
      vertex   3.317608e+01 2.136221e+01 0.000000e+00
    endloop
  endfacet
  facet normal -8.682485e-01 4.961294e-01 -3.394414e-04
    outer loop
      vertex   3.352334e+01 2.198019e+01 1.500000e+01
      vertex   3.317608e+01 2.136221e+01 0.000000e+00
      vertex   3.315752e+01 2.133999e+01 1.500000e+01
    endloop
  endfacet
  facet normal -8.437925e-01 5.366696e-01 -2.491209e-04
    outer loop
      vertex   3.315752e+01 2.133999e+01 1.500000e+01
      vertex   3.317608e+01 2.136221e+01 0.000000e+00
      vertex   3.278678e+01 2.075013e+01 0.000000e+00
    endloop
  endfacet
  facet normal -8.427903e-01 5.382420e-01 -3.357243e-04
    outer loop
      vertex   3.315752e+01 2.133999e+01 1.500000e+01
      vertex   3.278678e+01 2.075013e+01 0.000000e+00
      vertex   3.275718e+01 2.071314e+01 1.500000e+01
    endloop
  endfacet
  facet normal -8.131235e-01 5.820912e-01 -1.690545e-04
    outer loop
      vertex   3.275718e+01 2.071314e+01 1.500000e+01
      vertex   3.278678e+01 2.075013e+01 0.000000e+00
      vertex   3.191701e+01 1.953514e+01 0.000000e+00
    endloop
  endfacet
  facet normal -8.130806e-01 5.821511e-01 -1.761669e-04
    outer loop
      vertex   3.275718e+01 2.071314e+01 1.500000e+01
      vertex   3.191701e+01 1.953514e+01 0.000000e+00
      vertex   3.188059e+01 1.948881e+01 1.500000e+01
    endloop
  endfacet
  facet normal -7.904040e-01 6.125859e-01 -2.710504e-05
    outer loop
      vertex   3.188059e+01 1.948881e+01 1.500000e+01
      vertex   3.191701e+01 1.953514e+01 0.000000e+00
      vertex   3.094877e+01 1.828585e+01 0.000000e+00
    endloop
  endfacet
  facet normal -7.905677e-01 6.123747e-01 0.000000e+00
    outer loop
      vertex   3.188059e+01 1.948881e+01 1.500000e+01
      vertex   3.094877e+01 1.828585e+01 0.000000e+00
      vertex   3.094877e+01 1.828585e+01 1.500000e+01
    endloop
  endfacet
  facet normal -1.601114e-01 9.870989e-01 1.168960e-16
    outer loop
      vertex   2.300000e+01 1.445904e+01 1.500000e+01
      vertex   2.410796e+01 1.463875e+01 1.500000e+01
      vertex   2.300000e+01 1.445904e+01 0.000000e+00
    endloop
  endfacet
  facet normal -1.602057e-01 9.870837e-01 7.145030e-06
    outer loop
      vertex   2.300000e+01 1.445904e+01 0.000000e+00
      vertex   2.410796e+01 1.463875e+01 1.500000e+01
      vertex   2.411113e+01 1.463938e+01 0.000000e+00
    endloop
  endfacet
  facet normal -2.322368e-01 9.726593e-01 -8.650687e-06
    outer loop
      vertex   2.411113e+01 1.463938e+01 0.000000e+00
      vertex   2.410796e+01 1.463875e+01 1.500000e+01
      vertex   2.518616e+01 1.489619e+01 1.500000e+01
    endloop
  endfacet
  facet normal -2.325984e-01 9.725729e-01 1.874749e-05
    outer loop
      vertex   2.411113e+01 1.463938e+01 0.000000e+00
      vertex   2.518616e+01 1.489619e+01 1.500000e+01
      vertex   2.519230e+01 1.489795e+01 0.000000e+00
    endloop
  endfacet
  facet normal -2.987273e-01 9.543385e-01 -1.042765e-05
    outer loop
      vertex   2.519230e+01 1.489795e+01 0.000000e+00
      vertex   2.518616e+01 1.489619e+01 1.500000e+01
      vertex   2.571158e+01 1.506065e+01 1.500000e+01
    endloop
  endfacet
  facet normal -2.993564e-01 9.541414e-01 1.348971e-05
    outer loop
      vertex   2.519230e+01 1.489795e+01 0.000000e+00
      vertex   2.571158e+01 1.506065e+01 1.500000e+01
      vertex   2.571910e+01 1.506323e+01 0.000000e+00
    endloop
  endfacet
  facet normal -3.490648e-01 9.370986e-01 -1.436166e-05
    outer loop
      vertex   2.571910e+01 1.506323e+01 0.000000e+00
      vertex   2.571158e+01 1.506065e+01 1.500000e+01
      vertex   2.622651e+01 1.525247e+01 1.500000e+01
    endloop
  endfacet
  facet normal -3.494471e-01 9.369561e-01 3.671954e-07
    outer loop
      vertex   2.571910e+01 1.506323e+01 0.000000e+00
      vertex   2.622651e+01 1.525247e+01 1.500000e+01
      vertex   2.623359e+01 1.525511e+01 0.000000e+00
    endloop
  endfacet
  facet normal -4.210927e-01 9.070176e-01 -3.870367e-05
    outer loop
      vertex   2.623359e+01 1.525511e+01 0.000000e+00
      vertex   2.622651e+01 1.525247e+01 1.500000e+01
      vertex   2.721545e+01 1.571095e+01 0.000000e+00
    endloop
  endfacet
  facet normal -4.237991e-01 9.057562e-01 -2.556936e-04
    outer loop
      vertex   2.721545e+01 1.571095e+01 0.000000e+00
      vertex   2.622651e+01 1.525247e+01 1.500000e+01
      vertex   2.722448e+01 1.571941e+01 1.500000e+01
    endloop
  endfacet
  facet normal -5.004031e-01 8.657925e-01 -1.870372e-04
    outer loop
      vertex   2.721545e+01 1.571095e+01 0.000000e+00
      vertex   2.722448e+01 1.571941e+01 1.500000e+01
      vertex   2.815363e+01 1.625319e+01 0.000000e+00
    endloop
  endfacet
  facet normal -5.030421e-01 8.642618e-01 -4.049778e-04
    outer loop
      vertex   2.815363e+01 1.625319e+01 0.000000e+00
      vertex   2.722448e+01 1.571941e+01 1.500000e+01
      vertex   2.818677e+01 1.627951e+01 1.500000e+01
    endloop
  endfacet
  facet normal -5.577504e-01 8.300087e-01 -2.240210e-04
    outer loop
      vertex   2.815363e+01 1.625319e+01 0.000000e+00
      vertex   2.818677e+01 1.627951e+01 1.500000e+01
      vertex   2.907240e+01 1.687059e+01 0.000000e+00
    endloop
  endfacet
  facet normal -5.585473e-01 8.294726e-01 -2.921992e-04
    outer loop
      vertex   2.907240e+01 1.687059e+01 0.000000e+00
      vertex   2.818677e+01 1.627951e+01 1.500000e+01
      vertex   2.912230e+01 1.690947e+01 1.500000e+01
    endloop
  endfacet
  facet normal -5.936148e-01 8.047493e-01 -1.114475e-04
    outer loop
      vertex   2.907240e+01 1.687059e+01 0.000000e+00
      vertex   2.912230e+01 1.690947e+01 1.500000e+01
      vertex   2.999603e+01 1.755189e+01 0.000000e+00
    endloop
  endfacet
  facet normal -6.018235e-01 7.986286e-01 -8.517276e-04
    outer loop
      vertex   2.999603e+01 1.755189e+01 0.000000e+00
      vertex   2.912230e+01 1.690947e+01 1.500000e+01
      vertex   3.094877e+01 1.828585e+01 1.500000e+01
    endloop
  endfacet
  facet normal -6.102736e-01 7.921907e-01 0.000000e+00
    outer loop
      vertex   2.999603e+01 1.755189e+01 0.000000e+00
      vertex   3.094877e+01 1.828585e+01 1.500000e+01
      vertex   3.094877e+01 1.828585e+01 0.000000e+00
    endloop
  endfacet
  facet normal 5.461071e-01 8.377153e-01 0.000000e+00
    outer loop
      vertex   1.211910e+01 1.602229e+01 1.500000e+01
      vertex   1.211910e+01 1.602229e+01 0.000000e+00
      vertex   1.051838e+01 1.706580e+01 1.500000e+01
    endloop
  endfacet
  facet normal 5.460882e-01 8.377277e-01 -2.879767e-06
    outer loop
      vertex   1.051838e+01 1.706580e+01 1.500000e+01
      vertex   1.211910e+01 1.602229e+01 0.000000e+00
      vertex   1.051638e+01 1.706705e+01 0.000000e+00
    endloop
  endfacet
  facet normal 6.023602e-01 7.982244e-01 -1.369287e-05
    outer loop
      vertex   1.051838e+01 1.706580e+01 1.500000e+01
      vertex   1.051638e+01 1.706705e+01 0.000000e+00
      vertex   9.764680e+00 1.763455e+01 1.500000e+01
    endloop
  endfacet
  facet normal 6.024685e-01 7.981426e-01 -5.170493e-06
    outer loop
      vertex   9.764680e+00 1.763455e+01 1.500000e+01
      vertex   1.051638e+01 1.706705e+01 0.000000e+00
      vertex   9.763943e+00 1.763501e+01 0.000000e+00
    endloop
  endfacet
  facet normal 6.673301e-01 7.447620e-01 -9.991064e-06
    outer loop
      vertex   9.764680e+00 1.763455e+01 1.500000e+01
      vertex   9.763943e+00 1.763501e+01 0.000000e+00
      vertex   9.066975e+00 1.825972e+01 1.500000e+01
    endloop
  endfacet
  facet normal 6.674484e-01 7.446560e-01 -8.102734e-08
    outer loop
      vertex   9.066975e+00 1.825972e+01 1.500000e+01
      vertex   9.763943e+00 1.763501e+01 0.000000e+00
      vertex   9.066992e+00 1.825970e+01 0.000000e+00
    endloop
  endfacet
  facet normal 7.406844e-01 6.718532e-01 8.086873e-08
    outer loop
      vertex   9.066975e+00 1.825972e+01 1.500000e+01
      vertex   9.066992e+00 1.825970e+01 0.000000e+00
      vertex   8.437545e+00 1.895364e+01 0.000000e+00
    endloop
  endfacet
  facet normal 7.406858e-01 6.718516e-01 -5.513765e-08
    outer loop
      vertex   9.066975e+00 1.825972e+01 1.500000e+01
      vertex   8.437545e+00 1.895364e+01 0.000000e+00
      vertex   8.437534e+00 1.895365e+01 1.500000e+01
    endloop
  endfacet
  facet normal 7.942762e-01 6.075568e-01 4.376265e-08
    outer loop
      vertex   8.437534e+00 1.895365e+01 1.500000e+01
      vertex   8.437545e+00 1.895364e+01 0.000000e+00
      vertex   7.863812e+00 1.970369e+01 0.000000e+00
    endloop
  endfacet
  facet normal 7.942769e-01 6.075560e-01 -2.552815e-08
    outer loop
      vertex   8.437534e+00 1.895365e+01 1.500000e+01
      vertex   7.863812e+00 1.970369e+01 0.000000e+00
      vertex   7.863805e+00 1.970370e+01 1.500000e+01
    endloop
  endfacet
  facet normal 8.339357e-01 5.518616e-01 2.883425e-08
    outer loop
      vertex   7.863805e+00 1.970370e+01 1.500000e+01
      vertex   7.863812e+00 1.970369e+01 0.000000e+00
      vertex   6.809202e+00 2.129735e+01 0.000000e+00
    endloop
  endfacet
  facet normal 8.339358e-01 5.518614e-01 0.000000e+00
    outer loop
      vertex   7.863805e+00 1.970370e+01 1.500000e+01
      vertex   6.809202e+00 2.129735e+01 0.000000e+00
      vertex   6.809202e+00 2.129735e+01 1.500000e+01
    endloop
  endfacet
  facet normal 9.136263e-01 4.065551e-01 -0.000000e+00
    outer loop
      vertex   6.809202e+00 2.129735e+01 0.000000e+00
      vertex   6.376601e+00 2.226951e+01 0.000000e+00
      vertex   6.809202e+00 2.129735e+01 1.500000e+01
    endloop
  endfacet
  facet normal 9.184496e-01 3.955370e-01 -8.531924e-04
    outer loop
      vertex   6.809202e+00 2.129735e+01 1.500000e+01
      vertex   6.376601e+00 2.226951e+01 0.000000e+00
      vertex   5.993855e+00 2.319061e+01 1.500000e+01
    endloop
  endfacet
  facet normal 9.231319e-01 3.844835e-01 -5.495816e-05
    outer loop
      vertex   5.993855e+00 2.319061e+01 1.500000e+01
      vertex   6.376601e+00 2.226951e+01 0.000000e+00
      vertex   5.983139e+00 2.321420e+01 0.000000e+00
    endloop
  endfacet
  facet normal 9.405714e-01 3.395958e-01 -1.379979e-04
    outer loop
      vertex   5.993855e+00 2.319061e+01 1.500000e+01
      vertex   5.983139e+00 2.321420e+01 0.000000e+00
      vertex   5.646790e+00 2.415187e+01 1.500000e+01
    endloop
  endfacet
  facet normal 9.409840e-01 3.384509e-01 -5.717529e-05
    outer loop
      vertex   5.646790e+00 2.415187e+01 1.500000e+01
      vertex   5.983139e+00 2.321420e+01 0.000000e+00
      vertex   5.643754e+00 2.415778e+01 0.000000e+00
    endloop
  endfacet
  facet normal 9.628906e-01 2.698921e-01 -8.860678e-05
    outer loop
      vertex   5.646790e+00 2.415187e+01 1.500000e+01
      vertex   5.643754e+00 2.415778e+01 0.000000e+00
      vertex   5.372435e+00 2.513068e+01 1.500000e+01
    endloop
  endfacet
  facet normal 9.631968e-01 2.687971e-01 -1.204761e-05
    outer loop
      vertex   5.372435e+00 2.513068e+01 1.500000e+01
      vertex   5.643754e+00 2.415778e+01 0.000000e+00
      vertex   5.373383e+00 2.512661e+01 0.000000e+00
    endloop
  endfacet
  facet normal 9.825855e-01 1.858112e-01 1.168909e-05
    outer loop
      vertex   5.372435e+00 2.513068e+01 1.500000e+01
      vertex   5.373383e+00 2.512661e+01 0.000000e+00
      vertex   5.184194e+00 2.612706e+01 0.000000e+00
    endloop
  endfacet
  facet normal 9.826395e-01 1.855255e-01 -7.967471e-06
    outer loop
      vertex   5.372435e+00 2.513068e+01 1.500000e+01
      vertex   5.184194e+00 2.612706e+01 0.000000e+00
      vertex   5.183728e+00 2.613017e+01 1.500000e+01
    endloop
  endfacet
  facet normal 9.930056e-01 1.180672e-01 6.345916e-06
    outer loop
      vertex   5.183728e+00 2.613017e+01 1.500000e+01
      vertex   5.184194e+00 2.612706e+01 0.000000e+00
      vertex   5.063282e+00 2.714399e+01 0.000000e+00
    endloop
  endfacet
  facet normal 9.930230e-01 1.179206e-01 -3.700429e-06
    outer loop
      vertex   5.183728e+00 2.613017e+01 1.500000e+01
      vertex   5.063282e+00 2.714399e+01 0.000000e+00
      vertex   5.063088e+00 2.714609e+01 1.500000e+01
    endloop
  endfacet
  facet normal 9.980768e-01 6.199005e-02 4.203654e-06
    outer loop
      vertex   5.063088e+00 2.714609e+01 1.500000e+01
      vertex   5.063282e+00 2.714399e+01 0.000000e+00
      vertex   4.935254e+00 2.920532e+01 0.000000e+00
    endloop
  endfacet
  facet normal 9.980787e-01 6.195955e-02 0.000000e+00
    outer loop
      vertex   5.063088e+00 2.714609e+01 1.500000e+01
      vertex   4.935254e+00 2.920532e+01 0.000000e+00
      vertex   4.935254e+00 2.920532e+01 1.500000e+01
    endloop
  endfacet
  facet normal 9.970121e-01 -7.724611e-02 0.000000e+00
    outer loop
      vertex   4.935254e+00 2.920532e+01 1.500000e+01
      vertex   4.935254e+00 2.920532e+01 0.000000e+00
      vertex   5.018995e+00 3.028616e+01 1.500000e+01
    endloop
  endfacet
  facet normal 9.970120e-01 -7.724640e-02 2.117981e-08
    outer loop
      vertex   5.018995e+00 3.028616e+01 1.500000e+01
      vertex   4.935254e+00 2.920532e+01 0.000000e+00
      vertex   5.018998e+00 3.028619e+01 0.000000e+00
    endloop
  endfacet
  facet normal 9.943579e-01 -1.060773e-01 -4.263468e-08
    outer loop
      vertex   5.018995e+00 3.028616e+01 1.500000e+01
      vertex   5.018998e+00 3.028619e+01 0.000000e+00
      vertex   5.133245e+00 3.135713e+01 1.500000e+01
    endloop
  endfacet
  facet normal 9.943577e-01 -1.060794e-01 1.065879e-07
    outer loop
      vertex   5.133245e+00 3.135713e+01 1.500000e+01
      vertex   5.018998e+00 3.028619e+01 0.000000e+00
      vertex   5.133254e+00 3.135720e+01 0.000000e+00
    endloop
  endfacet
  facet normal 9.863841e-01 -1.644577e-01 -1.508007e-07
    outer loop
      vertex   5.133245e+00 3.135713e+01 1.500000e+01
      vertex   5.133254e+00 3.135720e+01 0.000000e+00
      vertex   5.308514e+00 3.240836e+01 1.500000e+01
    endloop
  endfacet
  facet normal 9.863832e-01 -1.644634e-01 2.585183e-07
    outer loop
      vertex   5.308514e+00 3.240836e+01 1.500000e+01
      vertex   5.133254e+00 3.135720e+01 0.000000e+00
      vertex   5.308534e+00 3.240845e+01 0.000000e+00
    endloop
  endfacet
  facet normal 9.675503e-01 -2.526787e-01 -3.261539e-07
    outer loop
      vertex   5.308514e+00 3.240836e+01 1.500000e+01
      vertex   5.308534e+00 3.240845e+01 0.000000e+00
      vertex   5.575310e+00 3.342996e+01 1.500000e+01
    endloop
  endfacet
  facet normal 9.675474e-01 -2.526897e-01 4.783642e-07
    outer loop
      vertex   5.575310e+00 3.342996e+01 1.500000e+01
      vertex   5.308534e+00 3.240845e+01 0.000000e+00
      vertex   5.575349e+00 3.343008e+01 0.000000e+00
    endloop
  endfacet
  facet normal 9.333673e-01 -3.589226e-01 -4.804937e-07
    outer loop
      vertex   5.575310e+00 3.342996e+01 1.500000e+01
      vertex   5.575349e+00 3.343008e+01 0.000000e+00
      vertex   5.953486e+00 3.441342e+01 0.000000e+00
    endloop
  endfacet
  facet normal 9.332358e-01 -3.592645e-01 -2.620954e-05
    outer loop
      vertex   5.575310e+00 3.342996e+01 1.500000e+01
      vertex   5.953486e+00 3.441342e+01 0.000000e+00
      vertex   5.954582e+00 3.441517e+01 1.500000e+01
    endloop
  endfacet
  facet normal 8.967375e-01 -4.425629e-01 -1.381044e-05
    outer loop
      vertex   5.954582e+00 3.441517e+01 1.500000e+01
      vertex   5.953486e+00 3.441342e+01 0.000000e+00
      vertex   6.423375e+00 3.536552e+01 0.000000e+00
    endloop
  endfacet
  facet normal 8.965968e-01 -4.428479e-01 -3.626367e-05
    outer loop
      vertex   5.954582e+00 3.441517e+01 1.500000e+01
      vertex   6.423375e+00 3.536552e+01 0.000000e+00
      vertex   6.426406e+00 3.537043e+01 1.500000e+01
    endloop
  endfacet
  facet normal 8.686260e-01 -4.954684e-01 -1.339203e-05
    outer loop
      vertex   6.426406e+00 3.537043e+01 1.500000e+01
      vertex   6.423375e+00 3.536552e+01 0.000000e+00
      vertex   6.956489e+00 3.630015e+01 0.000000e+00
    endloop
  endfacet
  facet normal 8.686152e-01 -4.954873e-01 -1.494724e-05
    outer loop
      vertex   6.426406e+00 3.537043e+01 1.500000e+01
      vertex   6.956489e+00 3.630015e+01 0.000000e+00
      vertex   6.959929e+00 3.630573e+01 1.500000e+01
    endloop
  endfacet
  facet normal 8.537154e-01 -5.207398e-01 -2.136095e-06
    outer loop
      vertex   6.959929e+00 3.630573e+01 1.500000e+01
      vertex   6.956489e+00 3.630015e+01 0.000000e+00
      vertex   7.524303e+00 3.723104e+01 0.000000e+00
    endloop
  endfacet
  facet normal 8.537308e-01 -5.207146e-01 0.000000e+00
    outer loop
      vertex   6.959929e+00 3.630573e+01 1.500000e+01
      vertex   7.524303e+00 3.723104e+01 0.000000e+00
      vertex   7.524303e+00 3.723104e+01 1.500000e+01
    endloop
  endfacet
  facet normal 5.124284e-01 8.587300e-01 -6.068371e-16
    outer loop
      vertex   1.203699e+01 4.278290e+01 1.500000e+01
      vertex   1.203699e+01 4.278290e+01 7.500000e+00
      vertex   1.153625e+01 4.308170e+01 1.500000e+01
    endloop
  endfacet
  facet normal 5.123028e-01 8.588049e-01 -1.136660e-05
    outer loop
      vertex   1.153625e+01 4.308170e+01 1.500000e+01
      vertex   1.203699e+01 4.278290e+01 7.500000e+00
      vertex   1.153965e+01 4.307947e+01 0.000000e+00
    endloop
  endfacet
  facet normal 5.705751e-01 8.212454e-01 7.425357e-06
    outer loop
      vertex   1.153625e+01 4.308170e+01 1.500000e+01
      vertex   1.153965e+01 4.307947e+01 0.000000e+00
      vertex   1.106489e+01 4.340932e+01 0.000000e+00
    endloop
  endfacet
  facet normal 5.121764e-01 8.588803e-01 4.852310e-16
    outer loop
      vertex   1.203699e+01 4.278290e+01 7.500000e+00
      vertex   1.203699e+01 4.278290e+01 3.307828e-16
      vertex   1.153965e+01 4.307947e+01 0.000000e+00
    endloop
  endfacet
  facet normal 5.710612e-01 8.209075e-01 -1.522908e-05
    outer loop
      vertex   1.153625e+01 4.308170e+01 1.500000e+01
      vertex   1.106489e+01 4.340932e+01 0.000000e+00
      vertex   1.106025e+01 4.341283e+01 1.500000e+01
    endloop
  endfacet
  facet normal 6.347537e-01 7.727146e-01 1.576153e-05
    outer loop
      vertex   1.106025e+01 4.341283e+01 1.500000e+01
      vertex   1.106489e+01 4.340932e+01 0.000000e+00
      vertex   1.061630e+01 4.377782e+01 0.000000e+00
    endloop
  endfacet
  facet normal 6.353205e-01 7.722486e-01 -1.235287e-05
    outer loop
      vertex   1.106025e+01 4.341283e+01 1.500000e+01
      vertex   1.061630e+01 4.377782e+01 0.000000e+00
      vertex   1.061264e+01 4.378107e+01 1.500000e+01
    endloop
  endfacet
  facet normal 6.883859e-01 7.253446e-01 1.077907e-05
    outer loop
      vertex   1.061264e+01 4.378107e+01 1.500000e+01
      vertex   1.061630e+01 4.377782e+01 0.000000e+00
      vertex   1.019306e+01 4.417950e+01 0.000000e+00
    endloop
  endfacet
  facet normal 6.887390e-01 7.250094e-01 -8.002370e-06
    outer loop
      vertex   1.061264e+01 4.378107e+01 1.500000e+01
      vertex   1.019306e+01 4.417950e+01 0.000000e+00
      vertex   1.019028e+01 4.418230e+01 1.500000e+01
    endloop
  endfacet
  facet normal 7.424538e-01 6.698973e-01 1.224169e-05
    outer loop
      vertex   1.019028e+01 4.418230e+01 1.500000e+01
      vertex   1.019306e+01 4.417950e+01 0.000000e+00
      vertex   9.402396e+00 4.505580e+01 0.000000e+00
    endloop
  endfacet
  facet normal 7.426002e-01 6.697350e-01 -4.893590e-06
    outer loop
      vertex   1.019028e+01 4.418230e+01 1.500000e+01
      vertex   9.402396e+00 4.505580e+01 0.000000e+00
      vertex   9.401110e+00 4.505733e+01 1.500000e+01
    endloop
  endfacet
  facet normal 7.781723e-01 6.280508e-01 2.423322e-06
    outer loop
      vertex   9.401110e+00 4.505733e+01 1.500000e+01
      vertex   9.402396e+00 4.505580e+01 0.000000e+00
      vertex   8.652330e+00 4.598515e+01 0.000000e+00
    endloop
  endfacet
  facet normal 7.781915e-01 6.280271e-01 0.000000e+00
    outer loop
      vertex   9.401110e+00 4.505733e+01 1.500000e+01
      vertex   8.652330e+00 4.598515e+01 0.000000e+00
      vertex   8.652330e+00 4.598515e+01 1.500000e+01
    endloop
  endfacet
  facet normal 8.726472e-01 4.883511e-01 0.000000e+00
    outer loop
      vertex   8.652330e+00 4.598515e+01 1.500000e+01
      vertex   8.652330e+00 4.598515e+01 0.000000e+00
      vertex   7.774936e+00 4.755299e+01 1.500000e+01
    endloop
  endfacet
  facet normal 8.726473e-01 4.883511e-01 5.572073e-09
    outer loop
      vertex   7.774936e+00 4.755299e+01 1.500000e+01
      vertex   8.652330e+00 4.598515e+01 0.000000e+00
      vertex   7.774935e+00 4.755299e+01 0.000000e+00
    endloop
  endfacet
  facet normal 9.047577e-01 4.259266e-01 -4.936328e-09
    outer loop
      vertex   7.774936e+00 4.755299e+01 1.500000e+01
      vertex   7.774935e+00 4.755299e+01 0.000000e+00
      vertex   7.397027e+00 4.835575e+01 1.500000e+01
    endloop
  endfacet
  facet normal 9.047578e-01 4.259264e-01 8.462280e-09
    outer loop
      vertex   7.397027e+00 4.835575e+01 1.500000e+01
      vertex   7.774935e+00 4.755299e+01 0.000000e+00
      vertex   7.397026e+00 4.835575e+01 0.000000e+00
    endloop
  endfacet
  facet normal 9.380178e-01 3.465871e-01 -1.066632e-08
    outer loop
      vertex   7.397027e+00 4.835575e+01 1.500000e+01
      vertex   7.397026e+00 4.835575e+01 0.000000e+00
      vertex   7.092064e+00 4.918111e+01 1.500000e+01
    endloop
  endfacet
  facet normal 9.380179e-01 3.465867e-01 1.564394e-08
    outer loop
      vertex   7.092064e+00 4.918111e+01 1.500000e+01
      vertex   7.397026e+00 4.835575e+01 0.000000e+00
      vertex   7.092063e+00 4.918111e+01 0.000000e+00
    endloop
  endfacet
  facet normal 9.694654e-01 2.452280e-01 -1.565756e-08
    outer loop
      vertex   7.092064e+00 4.918111e+01 1.500000e+01
      vertex   7.092063e+00 4.918111e+01 0.000000e+00
      vertex   6.876384e+00 5.003376e+01 0.000000e+00
    endloop
  endfacet
  facet normal 9.694836e-01 2.451562e-01 -4.361687e-06
    outer loop
      vertex   7.092064e+00 4.918111e+01 1.500000e+01
      vertex   6.876384e+00 5.003376e+01 0.000000e+00
      vertex   6.876358e+00 5.003413e+01 1.500000e+01
    endloop
  endfacet
  facet normal 9.869893e-01 1.607859e-01 -2.236746e-06
    outer loop
      vertex   6.876358e+00 5.003413e+01 1.500000e+01
      vertex   6.876384e+00 5.003376e+01 0.000000e+00
      vertex   6.733833e+00 5.090881e+01 0.000000e+00
    endloop
  endfacet
  facet normal 9.869994e-01 1.607239e-01 -5.946290e-06
    outer loop
      vertex   6.876358e+00 5.003413e+01 1.500000e+01
      vertex   6.733833e+00 5.090881e+01 0.000000e+00
      vertex   6.733761e+00 5.090982e+01 1.500000e+01
    endloop
  endfacet
  facet normal 9.958591e-01 9.090961e-02 -1.242352e-06
    outer loop
      vertex   6.733761e+00 5.090982e+01 1.500000e+01
      vertex   6.733833e+00 5.090881e+01 0.000000e+00
      vertex   6.570417e+00 5.269894e+01 0.000000e+00
    endloop
  endfacet
  facet normal 9.958582e-01 9.091994e-02 0.000000e+00
    outer loop
      vertex   6.733761e+00 5.090982e+01 1.500000e+01
      vertex   6.570417e+00 5.269894e+01 0.000000e+00
      vertex   6.570417e+00 5.269894e+01 1.500000e+01
    endloop
  endfacet
  facet normal 9.971985e-01 -7.480023e-02 0.000000e+00
    outer loop
      vertex   6.570417e+00 5.269894e+01 1.500000e+01
      vertex   6.570417e+00 5.269894e+01 0.000000e+00
      vertex   6.700646e+00 5.443509e+01 1.500000e+01
    endloop
  endfacet
  facet normal 9.971984e-01 -7.480241e-02 2.539758e-07
    outer loop
      vertex   6.700646e+00 5.443509e+01 1.500000e+01
      vertex   6.570417e+00 5.269894e+01 0.000000e+00
      vertex   6.700659e+00 5.443521e+01 0.000000e+00
    endloop
  endfacet
  facet normal 9.909203e-01 -1.344505e-01 -2.242229e-07
    outer loop
      vertex   6.700646e+00 5.443509e+01 1.500000e+01
      vertex   6.700659e+00 5.443521e+01 0.000000e+00
      vertex   6.816629e+00 5.528990e+01 1.500000e+01
    endloop
  endfacet
  facet normal 9.909189e-01 -1.344610e-01 3.843917e-07
    outer loop
      vertex   6.816629e+00 5.528990e+01 1.500000e+01
      vertex   6.700659e+00 5.443521e+01 0.000000e+00
      vertex   6.816658e+00 5.529007e+01 0.000000e+00
    endloop
  endfacet
  facet normal 9.784518e-01 -2.064752e-01 -4.834036e-07
    outer loop
      vertex   6.816629e+00 5.528990e+01 1.500000e+01
      vertex   6.816658e+00 5.529007e+01 0.000000e+00
      vertex   6.993652e+00 5.612878e+01 1.500000e+01
    endloop
  endfacet
  facet normal 9.784475e-01 -2.064956e-01 7.090084e-07
    outer loop
      vertex   6.993652e+00 5.612878e+01 1.500000e+01
      vertex   6.816658e+00 5.529007e+01 0.000000e+00
      vertex   6.993711e+00 5.612901e+01 0.000000e+00
    endloop
  endfacet
  facet normal 9.558551e-01 -2.938385e-01 -7.137812e-07
    outer loop
      vertex   6.993652e+00 5.612878e+01 1.500000e+01
      vertex   6.993711e+00 5.612901e+01 0.000000e+00
      vertex   7.244833e+00 5.694591e+01 0.000000e+00
    endloop
  endfacet
  facet normal 9.557282e-01 -2.942510e-01 -2.530974e-05
    outer loop
      vertex   6.993652e+00 5.612878e+01 1.500000e+01
      vertex   7.244833e+00 5.694591e+01 0.000000e+00
      vertex   7.245889e+00 5.694805e+01 1.500000e+01
    endloop
  endfacet
  facet normal 9.313578e-01 -3.641051e-01 -1.362522e-05
    outer loop
      vertex   7.245889e+00 5.694805e+01 1.500000e+01
      vertex   7.244833e+00 5.694591e+01 0.000000e+00
      vertex   7.557220e+00 5.774498e+01 0.000000e+00
    endloop
  endfacet
  facet normal 9.312182e-01 -3.644622e-01 -3.549302e-05
    outer loop
      vertex   7.245889e+00 5.694805e+01 1.500000e+01
      vertex   7.557220e+00 5.774498e+01 0.000000e+00
      vertex   7.560199e+00 5.775113e+01 1.500000e+01
    endloop
  endfacet
  facet normal 9.072247e-01 -4.206462e-01 -7.681711e-06
    outer loop
      vertex   7.560199e+00 5.775113e+01 1.500000e+01
      vertex   7.557220e+00 5.774498e+01 0.000000e+00
      vertex   8.292274e+00 5.933030e+01 0.000000e+00
    endloop
  endfacet
  facet normal 9.072526e-01 -4.205862e-01 0.000000e+00
    outer loop
      vertex   7.560199e+00 5.775113e+01 1.500000e+01
      vertex   8.292274e+00 5.933030e+01 0.000000e+00
      vertex   8.292274e+00 5.933030e+01 1.500000e+01
    endloop
  endfacet
  facet normal 8.237075e-01 -5.670150e-01 0.000000e+00
    outer loop
      vertex   8.292274e+00 5.933030e+01 1.500000e+01
      vertex   8.292274e+00 5.933030e+01 0.000000e+00
      vertex   9.272117e+00 6.075372e+01 1.500000e+01
    endloop
  endfacet
  facet normal 8.237357e-01 -5.669740e-01 -5.740120e-06
    outer loop
      vertex   9.272117e+00 6.075372e+01 1.500000e+01
      vertex   8.292274e+00 5.933030e+01 0.000000e+00
      vertex   9.274812e+00 6.075779e+01 1.110166e-15
    endloop
  endfacet
  facet normal 7.851776e-01 -6.192707e-01 -2.685351e-05
    outer loop
      vertex   9.272117e+00 6.075372e+01 1.500000e+01
      vertex   9.274812e+00 6.075779e+01 1.110166e-15
      vertex   9.801647e+00 6.142512e+01 1.500000e+01
    endloop
  endfacet
  facet normal 7.849960e-01 -6.195009e-01 -1.023650e-05
    outer loop
      vertex   9.801647e+00 6.142512e+01 1.500000e+01
      vertex   9.274812e+00 6.075779e+01 1.110166e-15
      vertex   9.802602e+00 6.142658e+01 1.873437e-15
    endloop
  endfacet
  facet normal 7.336453e-01 -6.795326e-01 -1.934028e-05
    outer loop
      vertex   9.801647e+00 6.142512e+01 1.500000e+01
      vertex   9.802602e+00 6.142658e+01 1.873437e-15
      vertex   1.037871e+01 6.204813e+01 1.500000e+01
    endloop
  endfacet
  facet normal 7.334172e-01 -6.797788e-01 -3.773772e-07
    outer loop
      vertex   1.037871e+01 6.204813e+01 1.500000e+01
      vertex   9.802602e+00 6.142658e+01 1.873437e-15
      vertex   1.037862e+01 6.204805e+01 2.220446e-15
    endloop
  endfacet
  facet normal 6.643497e-01 -7.474219e-01 3.756167e-07
    outer loop
      vertex   1.037871e+01 6.204813e+01 1.500000e+01
      vertex   1.037862e+01 6.204805e+01 2.220446e-15
      vertex   1.101344e+01 6.261231e+01 1.873566e-15
    endloop
  endfacet
  facet normal 6.643413e-01 -7.474293e-01 -2.560993e-07
    outer loop
      vertex   1.037871e+01 6.204813e+01 1.500000e+01
      vertex   1.101344e+01 6.261231e+01 1.873566e-15
      vertex   1.101351e+01 6.261237e+01 1.500000e+01
    endloop
  endfacet
  facet normal 6.038061e-01 -7.971312e-01 2.034593e-07
    outer loop
      vertex   1.101351e+01 6.261237e+01 1.500000e+01
      vertex   1.101344e+01 6.261231e+01 1.873566e-15
      vertex   1.169524e+01 6.312875e+01 1.110280e-15
    endloop
  endfacet
  facet normal 6.038016e-01 -7.971346e-01 -1.186831e-07
    outer loop
      vertex   1.101351e+01 6.261237e+01 1.500000e+01
      vertex   1.169524e+01 6.312875e+01 1.110280e-15
      vertex   1.169529e+01 6.312879e+01 1.500000e+01
    endloop
  endfacet
  facet normal 5.514631e-01 -8.341993e-01 1.342479e-07
    outer loop
      vertex   1.169529e+01 6.312879e+01 1.500000e+01
      vertex   1.169524e+01 6.312875e+01 1.110280e-15
      vertex   1.313713e+01 6.408194e+01 0.000000e+00
    endloop
  endfacet
  facet normal 5.514622e-01 -8.341999e-01 0.000000e+00
    outer loop
      vertex   1.169529e+01 6.312879e+01 1.500000e+01
      vertex   1.313713e+01 6.408194e+01 0.000000e+00
      vertex   1.313713e+01 6.408194e+01 1.500000e+01
    endloop
  endfacet
  facet normal -2.360661e-01 -9.717370e-01 -9.206142e-16
    outer loop
      vertex   2.300000e+01 6.550345e+01 0.000000e+00
      vertex   2.398493e+01 6.526418e+01 0.000000e+00
      vertex   2.300000e+01 6.550345e+01 1.500000e+01
    endloop
  endfacet
  facet normal -2.363411e-01 -9.716701e-01 -1.912376e-05
    outer loop
      vertex   2.300000e+01 6.550345e+01 1.500000e+01
      vertex   2.398493e+01 6.526418e+01 0.000000e+00
      vertex   2.398615e+01 6.526359e+01 1.500000e+01
    endloop
  endfacet
  facet normal -3.257067e-01 -9.454709e-01 -1.086592e-05
    outer loop
      vertex   2.398615e+01 6.526359e+01 1.500000e+01
      vertex   2.398493e+01 6.526418e+01 0.000000e+00
      vertex   2.493965e+01 6.493528e+01 0.000000e+00
    endloop
  endfacet
  facet normal -3.265376e-01 -9.451842e-01 -6.996189e-05
    outer loop
      vertex   2.398615e+01 6.526359e+01 1.500000e+01
      vertex   2.493965e+01 6.493528e+01 0.000000e+00
      vertex   2.494916e+01 6.493089e+01 1.500000e+01
    endloop
  endfacet
  facet normal -3.854716e-01 -9.227197e-01 -2.603768e-05
    outer loop
      vertex   2.494916e+01 6.493089e+01 1.500000e+01
      vertex   2.493965e+01 6.493528e+01 0.000000e+00
      vertex   2.588276e+01 6.454130e+01 0.000000e+00
    endloop
  endfacet
  facet normal -3.856154e-01 -9.226596e-01 -3.654607e-05
    outer loop
      vertex   2.494916e+01 6.493089e+01 1.500000e+01
      vertex   2.588276e+01 6.454130e+01 0.000000e+00
      vertex   2.589642e+01 6.453499e+01 1.500000e+01
    endloop
  endfacet
  facet normal -4.142761e-01 -9.101512e-01 -5.176921e-06
    outer loop
      vertex   2.589642e+01 6.453499e+01 1.500000e+01
      vertex   2.588276e+01 6.454130e+01 0.000000e+00
      vertex   2.683581e+01 6.410749e+01 0.000000e+00
    endloop
  endfacet
  facet normal -4.142077e-01 -9.101824e-01 0.000000e+00
    outer loop
      vertex   2.589642e+01 6.453499e+01 1.500000e+01
      vertex   2.683581e+01 6.410749e+01 0.000000e+00
      vertex   2.683581e+01 6.410749e+01 1.500000e+01
    endloop
  endfacet
  facet normal -2.443912e-01 -9.696767e-01 -2.296656e-16
    outer loop
      vertex   1.700000e+01 1.870293e+01 1.500000e+01
      vertex   1.636668e+01 1.886255e+01 1.500000e+01
      vertex   1.700000e+01 1.870293e+01 0.000000e+00
    endloop
  endfacet
  facet normal -2.444805e-01 -9.696542e-01 -4.008202e-06
    outer loop
      vertex   1.700000e+01 1.870293e+01 0.000000e+00
      vertex   1.636668e+01 1.886255e+01 1.500000e+01
      vertex   1.636521e+01 1.886298e+01 1.287313e-15
    endloop
  endfacet
  facet normal -3.249414e-01 -9.457341e-01 4.560652e-06
    outer loop
      vertex   1.636521e+01 1.886298e+01 1.287313e-15
      vertex   1.636668e+01 1.886255e+01 1.500000e+01
      vertex   1.575353e+01 1.907322e+01 1.500000e+01
    endloop
  endfacet
  facet normal -3.252087e-01 -9.456423e-01 -7.627560e-06
    outer loop
      vertex   1.636521e+01 1.886298e+01 1.287313e-15
      vertex   1.575353e+01 1.907322e+01 1.500000e+01
      vertex   1.575094e+01 1.907423e+01 2.214117e-15
    endloop
  endfacet
  facet normal -4.119823e-01 -9.111918e-01 9.655055e-06
    outer loop
      vertex   1.575094e+01 1.907423e+01 2.214117e-15
      vertex   1.575353e+01 1.907322e+01 1.500000e+01
      vertex   1.516648e+01 1.933849e+01 2.005024e-15
    endloop
  endfacet
  facet normal -4.140314e-01 -9.102626e-01 1.062827e-04
    outer loop
      vertex   1.516648e+01 1.933849e+01 2.005024e-15
      vertex   1.575353e+01 1.907322e+01 1.500000e+01
      vertex   1.516323e+01 1.934172e+01 1.500000e+01
    endloop
  endfacet
  facet normal -4.866422e-01 -8.736014e-01 8.265160e-05
    outer loop
      vertex   1.516648e+01 1.933849e+01 2.005024e-15
      vertex   1.516323e+01 1.934172e+01 1.500000e+01
      vertex   1.460784e+01 1.964968e+01 1.582379e-15
    endloop
  endfacet
  facet normal -4.895401e-01 -8.719807e-01 2.232265e-04
    outer loop
      vertex   1.460784e+01 1.964968e+01 1.582379e-15
      vertex   1.516323e+01 1.934172e+01 1.500000e+01
      vertex   1.459328e+01 1.966169e+01 1.500000e+01
    endloop
  endfacet
  facet normal -5.447297e-01 -8.386117e-01 1.429259e-04
    outer loop
      vertex   1.460784e+01 1.964968e+01 1.582379e-15
      vertex   1.459328e+01 1.966169e+01 1.500000e+01
      vertex   1.406522e+01 2.000214e+01 1.058368e-15
    endloop
  endfacet
  facet normal -5.463434e-01 -8.375613e-01 2.235714e-04
    outer loop
      vertex   1.406522e+01 2.000214e+01 1.058368e-15
      vertex   1.459328e+01 1.966169e+01 1.500000e+01
      vertex   1.403961e+01 2.002286e+01 1.500000e+01
    endloop
  endfacet
  facet normal -5.861607e-01 -8.101948e-01 1.177818e-04
    outer loop
      vertex   1.406522e+01 2.000214e+01 1.058368e-15
      vertex   1.403961e+01 2.002286e+01 1.500000e+01
      vertex   1.352883e+01 2.039021e+01 5.451764e-16
    endloop
  endfacet
  facet normal -5.864666e-01 -8.099734e-01 1.336237e-04
    outer loop
      vertex   1.352883e+01 2.039021e+01 5.451764e-16
      vertex   1.403961e+01 2.002286e+01 1.500000e+01
      vertex   1.349814e+01 2.041491e+01 1.500000e+01
    endloop
  endfacet
  facet normal -6.183901e-01 -7.858713e-01 2.861864e-05
    outer loop
      vertex   1.352883e+01 2.039021e+01 5.451764e-16
      vertex   1.349814e+01 2.041491e+01 1.500000e+01
      vertex   1.243555e+01 2.125050e+01 0.000000e+00
    endloop
  endfacet
  facet normal -6.181405e-01 -7.860676e-01 0.000000e+00
    outer loop
      vertex   1.243555e+01 2.125050e+01 0.000000e+00
      vertex   1.349814e+01 2.041491e+01 1.500000e+01
      vertex   1.243555e+01 2.125050e+01 1.500000e+01
    endloop
  endfacet
  facet normal 3.288827e-01 9.443708e-01 -0.000000e+00
    outer loop
      vertex   2.300000e+01 3.900855e+01 0.000000e+00
      vertex   2.300000e+01 3.900855e+01 1.500000e+01
      vertex   2.355399e+01 3.881562e+01 -1.873501e-15
    endloop
  endfacet
  facet normal 3.293325e-01 9.442140e-01 1.863070e-05
    outer loop
      vertex   2.355399e+01 3.881562e+01 -1.873501e-15
      vertex   2.300000e+01 3.900855e+01 1.500000e+01
      vertex   2.355874e+01 3.881367e+01 1.500000e+01
    endloop
  endfacet
  facet normal 3.812718e-01 9.244630e-01 -3.856491e-07
    outer loop
      vertex   2.355399e+01 3.881562e+01 -1.873501e-15
      vertex   2.355874e+01 3.881367e+01 1.500000e+01
      vertex   2.409991e+01 3.859047e+01 -1.110223e-15
    endloop
  endfacet
  facet normal 3.817719e-01 9.242566e-01 2.073071e-05
    outer loop
      vertex   2.409991e+01 3.859047e+01 -1.110223e-15
      vertex   2.355874e+01 3.881367e+01 1.500000e+01
      vertex   2.410906e+01 3.858636e+01 1.500000e+01
    endloop
  endfacet
  facet normal 4.238663e-01 9.057248e-01 -1.001544e-05
    outer loop
      vertex   2.409991e+01 3.859047e+01 -1.110223e-15
      vertex   2.410906e+01 3.858636e+01 1.500000e+01
      vertex   2.519564e+01 3.807769e+01 0.000000e+00
    endloop
  endfacet
  facet normal 4.239797e-01 9.056717e-01 -0.000000e+00
    outer loop
      vertex   2.519564e+01 3.807769e+01 0.000000e+00
      vertex   2.410906e+01 3.858636e+01 1.500000e+01
      vertex   2.519564e+01 3.807769e+01 1.500000e+01
    endloop
  endfacet
  facet normal 2.624283e-01 -9.649515e-01 0.000000e+00
    outer loop
      vertex   2.300000e+01 1.874222e+01 1.500000e+01
      vertex   2.300000e+01 1.874222e+01 0.000000e+00
      vertex   2.361360e+01 1.890909e+01 1.500000e+01
    endloop
  endfacet
  facet normal 2.625137e-01 -9.649283e-01 -3.755670e-06
    outer loop
      vertex   2.361360e+01 1.890909e+01 1.500000e+01
      vertex   2.300000e+01 1.874222e+01 0.000000e+00
      vertex   2.361495e+01 1.890952e+01 0.000000e+00
    endloop
  endfacet
  facet normal 3.435128e-01 -9.391480e-01 4.231762e-06
    outer loop
      vertex   2.361360e+01 1.890909e+01 1.500000e+01
      vertex   2.361495e+01 1.890952e+01 0.000000e+00
      vertex   2.420728e+01 1.912625e+01 1.500000e+01
    endloop
  endfacet
  facet normal 3.435615e-01 -9.391302e-01 2.050788e-06
    outer loop
      vertex   2.420728e+01 1.912625e+01 1.500000e+01
      vertex   2.361495e+01 1.890952e+01 0.000000e+00
      vertex   2.420905e+01 1.912686e+01 0.000000e+00
    endloop
  endfacet
  facet normal 4.267443e-01 -9.043723e-01 1.326185e-05
    outer loop
      vertex   2.420728e+01 1.912625e+01 1.500000e+01
      vertex   2.420905e+01 1.912686e+01 0.000000e+00
      vertex   2.477440e+01 1.939363e+01 0.000000e+00
    endloop
  endfacet
  facet normal 4.291774e-01 -9.032202e-01 1.257888e-04
    outer loop
      vertex   2.420728e+01 1.912625e+01 1.500000e+01
      vertex   2.477440e+01 1.939363e+01 0.000000e+00
      vertex   2.477931e+01 1.939805e+01 1.500000e+01
    endloop
  endfacet
  facet normal 4.967569e-01 -8.678897e-01 9.325708e-05
    outer loop
      vertex   2.477931e+01 1.939805e+01 1.500000e+01
      vertex   2.477440e+01 1.939363e+01 0.000000e+00
      vertex   2.531684e+01 1.970411e+01 0.000000e+00
    endloop
  endfacet
  facet normal 4.994718e-01 -8.663301e-01 2.223701e-04
    outer loop
      vertex   2.477931e+01 1.939805e+01 1.500000e+01
      vertex   2.531684e+01 1.970411e+01 0.000000e+00
      vertex   2.533262e+01 1.971706e+01 1.500000e+01
    endloop
  endfacet
  facet normal 5.509991e-01 -8.345058e-01 1.406983e-04
    outer loop
      vertex   2.533262e+01 1.971706e+01 1.500000e+01
      vertex   2.531684e+01 1.970411e+01 0.000000e+00
      vertex   2.584519e+01 2.005296e+01 0.000000e+00
    endloop
  endfacet
  facet normal 5.524141e-01 -8.335698e-01 2.100124e-04
    outer loop
      vertex   2.533262e+01 1.971706e+01 1.500000e+01
      vertex   2.584519e+01 2.005296e+01 0.000000e+00
      vertex   2.587097e+01 2.007383e+01 1.500000e+01
    endloop
  endfacet
  facet normal 5.896646e-01 -8.076482e-01 1.099249e-04
    outer loop
      vertex   2.587097e+01 2.007383e+01 1.500000e+01
      vertex   2.584519e+01 2.005296e+01 0.000000e+00
      vertex   2.636824e+01 2.043484e+01 0.000000e+00
    endloop
  endfacet
  facet normal 5.899002e-01 -8.074761e-01 1.218771e-04
    outer loop
      vertex   2.587097e+01 2.007383e+01 1.500000e+01
      vertex   2.636824e+01 2.043484e+01 0.000000e+00
      vertex   2.639810e+01 2.045892e+01 1.500000e+01
    endloop
  endfacet
  facet normal 6.198045e-01 -7.847563e-01 2.587197e-05
    outer loop
      vertex   2.639810e+01 2.045892e+01 1.500000e+01
      vertex   2.636824e+01 2.043484e+01 0.000000e+00
      vertex   2.743365e+01 2.127631e+01 0.000000e+00
    endloop
  endfacet
  facet normal 6.195736e-01 -7.849385e-01 0.000000e+00
    outer loop
      vertex   2.639810e+01 2.045892e+01 1.500000e+01
      vertex   2.743365e+01 2.127631e+01 0.000000e+00
      vertex   2.743365e+01 2.127631e+01 1.500000e+01
    endloop
  endfacet
  facet normal -9.976453e-01 -6.858423e-02 -0.000000e+00
    outer loop
      vertex   9.614736e+00 2.890314e+01 1.500000e+01
      vertex   9.614736e+00 2.890314e+01 0.000000e+00
      vertex   9.687789e+00 2.784049e+01 1.500000e+01
    endloop
  endfacet
  facet normal -9.976438e-01 -6.860641e-02 -1.578393e-06
    outer loop
      vertex   9.687789e+00 2.784049e+01 1.500000e+01
      vertex   9.614736e+00 2.890314e+01 0.000000e+00
      vertex   9.687958e+00 2.783837e+01 0.000000e+00
    endloop
  endfacet
  facet normal -9.947795e-01 -1.020480e-01 3.179108e-06
    outer loop
      vertex   9.687789e+00 2.784049e+01 1.500000e+01
      vertex   9.687958e+00 2.783837e+01 0.000000e+00
      vertex   9.795452e+00 2.679097e+01 1.500000e+01
    endloop
  endfacet
  facet normal -9.947633e-01 -1.022058e-01 -7.953674e-06
    outer loop
      vertex   9.795452e+00 2.679097e+01 1.500000e+01
      vertex   9.687958e+00 2.783837e+01 0.000000e+00
      vertex   9.795999e+00 2.678681e+01 0.000000e+00
    endloop
  endfacet
  facet normal -9.853857e-01 -1.703377e-01 1.128282e-05
    outer loop
      vertex   9.795452e+00 2.679097e+01 1.500000e+01
      vertex   9.795999e+00 2.678681e+01 0.000000e+00
      vertex   9.972335e+00 2.576772e+01 1.500000e+01
    endloop
  endfacet
  facet normal -9.853100e-01 -1.707756e-01 -1.935678e-05
    outer loop
      vertex   9.972335e+00 2.576772e+01 1.500000e+01
      vertex   9.795999e+00 2.678681e+01 0.000000e+00
      vertex   9.973677e+00 2.576168e+01 0.000000e+00
    endloop
  endfacet
  facet normal -9.697761e-01 -2.439964e-01 1.152648e-05
    outer loop
      vertex   9.972335e+00 2.576772e+01 1.500000e+01
      vertex   9.973677e+00 2.576168e+01 0.000000e+00
      vertex   1.009755e+01 2.527005e+01 1.500000e+01
    endloop
  endfacet
  facet normal -9.695904e-01 -2.447335e-01 -1.416605e-05
    outer loop
      vertex   1.009755e+01 2.527005e+01 1.500000e+01
      vertex   9.973677e+00 2.576168e+01 0.000000e+00
      vertex   1.009951e+01 2.526315e+01 0.000000e+00
    endloop
  endfacet
  facet normal -9.524694e-01 -3.046342e-01 1.562276e-05
    outer loop
      vertex   1.009755e+01 2.527005e+01 1.500000e+01
      vertex   1.009951e+01 2.526315e+01 0.000000e+00
      vertex   1.025305e+01 2.478387e+01 1.500000e+01
    endloop
  endfacet
  facet normal -9.521575e-01 -3.056077e-01 -1.867631e-05
    outer loop
      vertex   1.025305e+01 2.478387e+01 1.500000e+01
      vertex   1.009951e+01 2.526315e+01 0.000000e+00
      vertex   1.025581e+01 2.477618e+01 0.000000e+00
    endloop
  endfacet
  facet normal -9.281639e-01 -3.721717e-01 1.984716e-05
    outer loop
      vertex   1.025305e+01 2.478387e+01 1.500000e+01
      vertex   1.025581e+01 2.477618e+01 0.000000e+00
      vertex   1.044279e+01 2.431067e+01 1.500000e+01
    endloop
  endfacet
  facet normal -9.283440e-01 -3.717221e-01 3.604542e-05
    outer loop
      vertex   1.044279e+01 2.431067e+01 1.500000e+01
      vertex   1.025581e+01 2.477618e+01 0.000000e+00
      vertex   1.044394e+01 2.430635e+01 0.000000e+00
    endloop
  endfacet
  facet normal -9.014433e-01 -4.328972e-01 5.573516e-05
    outer loop
      vertex   1.044279e+01 2.431067e+01 1.500000e+01
      vertex   1.044394e+01 2.430635e+01 0.000000e+00
      vertex   1.066089e+01 2.385459e+01 0.000000e+00
    endloop
  endfacet
  facet normal -9.001252e-01 -4.356312e-01 1.580301e-04
    outer loop
      vertex   1.044279e+01 2.431067e+01 1.500000e+01
      vertex   1.066089e+01 2.385459e+01 0.000000e+00
      vertex   1.066570e+01 2.385007e+01 1.500000e+01
    endloop
  endfacet
  facet normal -8.620022e-01 -5.069046e-01 1.243295e-04
    outer loop
      vertex   1.066570e+01 2.385007e+01 1.500000e+01
      vertex   1.066089e+01 2.385459e+01 0.000000e+00
      vertex   1.117180e+01 2.298576e+01 0.000000e+00
    endloop
  endfacet
  facet normal -8.607733e-01 -5.089884e-01 2.858611e-04
    outer loop
      vertex   1.066570e+01 2.385007e+01 1.500000e+01
      vertex   1.117180e+01 2.298576e+01 0.000000e+00
      vertex   1.119231e+01 2.295951e+01 1.500000e+01
    endloop
  endfacet
  facet normal -8.195332e-01 -5.730317e-01 1.174258e-04
    outer loop
      vertex   1.119231e+01 2.295951e+01 1.500000e+01
      vertex   1.117180e+01 2.298576e+01 0.000000e+00
      vertex   1.176966e+01 2.213072e+01 0.000000e+00
    endloop
  endfacet
  facet normal -8.194924e-01 -5.730901e-01 1.222227e-04
    outer loop
      vertex   1.119231e+01 2.295951e+01 1.500000e+01
      vertex   1.176966e+01 2.213072e+01 0.000000e+00
      vertex   1.179493e+01 2.209779e+01 1.500000e+01
    endloop
  endfacet
  facet normal -7.975037e-01 -6.033140e-01 1.884000e-05
    outer loop
      vertex   1.179493e+01 2.209779e+01 1.500000e+01
      vertex   1.176966e+01 2.213072e+01 0.000000e+00
      vertex   1.243555e+01 2.125050e+01 0.000000e+00
    endloop
  endfacet
  facet normal -7.976642e-01 -6.031018e-01 0.000000e+00
    outer loop
      vertex   1.179493e+01 2.209779e+01 1.500000e+01
      vertex   1.243555e+01 2.125050e+01 0.000000e+00
      vertex   1.243555e+01 2.125050e+01 1.500000e+01
    endloop
  endfacet
  facet normal -7.920018e-01 6.105187e-01 0.000000e+00
    outer loop
      vertex   1.250421e+01 3.645731e+01 1.500000e+01
      vertex   1.250421e+01 3.645731e+01 0.000000e+00
      vertex   1.186087e+01 3.562273e+01 1.500000e+01
    endloop
  endfacet
  facet normal -7.919034e-01 6.106464e-01 1.133089e-05
    outer loop
      vertex   1.186087e+01 3.562273e+01 1.500000e+01
      vertex   1.250421e+01 3.645731e+01 0.000000e+00
      vertex   1.184424e+01 3.560145e+01 3.465145e-16
    endloop
  endfacet
  facet normal -8.135898e-01 5.814393e-01 7.681023e-05
    outer loop
      vertex   1.186087e+01 3.562273e+01 1.500000e+01
      vertex   1.184424e+01 3.560145e+01 3.465145e-16
      vertex   1.125423e+01 3.477388e+01 1.500000e+01
    endloop
  endfacet
  facet normal -8.136382e-01 5.813716e-01 7.117216e-05
    outer loop
      vertex   1.125423e+01 3.477388e+01 1.500000e+01
      vertex   1.184424e+01 3.560145e+01 3.465145e-16
      vertex   1.124014e+01 3.475600e+01 1.109076e-15
    endloop
  endfacet
  facet normal -8.545571e-01 5.193573e-01 1.835314e-04
    outer loop
      vertex   1.125423e+01 3.477388e+01 1.500000e+01
      vertex   1.124014e+01 3.475600e+01 1.109076e-15
      vertex   1.072100e+01 3.389649e+01 1.500000e+01
    endloop
  endfacet
  facet normal -8.554016e-01 5.179653e-01 7.453773e-05
    outer loop
      vertex   1.072100e+01 3.389649e+01 1.500000e+01
      vertex   1.124014e+01 3.475600e+01 1.109076e-15
      vertex   1.071673e+01 3.389161e+01 1.872210e-15
    endloop
  endfacet
  facet normal -8.938812e-01 4.483040e-01 1.081610e-04
    outer loop
      vertex   1.072100e+01 3.389649e+01 1.500000e+01
      vertex   1.071673e+01 3.389161e+01 1.872210e-15
      vertex   1.049338e+01 3.344264e+01 1.500000e+01
    endloop
  endfacet
  facet normal -8.948660e-01 4.463349e-01 3.456212e-05
    outer loop
      vertex   1.049338e+01 3.344264e+01 1.500000e+01
      vertex   1.071673e+01 3.389161e+01 1.872210e-15
      vertex   1.049305e+01 3.344314e+01 2.124156e-15
    endloop
  endfacet
  facet normal -9.225262e-01 3.859344e-01 3.317514e-05
    outer loop
      vertex   1.049338e+01 3.344264e+01 1.500000e+01
      vertex   1.049305e+01 3.344314e+01 2.124156e-15
      vertex   1.029884e+01 3.297892e+01 2.220443e-15
    endloop
  endfacet
  facet normal -9.222226e-01 3.866594e-01 6.826710e-06
    outer loop
      vertex   1.049338e+01 3.344264e+01 1.500000e+01
      vertex   1.029884e+01 3.297892e+01 2.220443e-15
      vertex   1.029786e+01 3.297631e+01 1.500000e+01
    endloop
  endfacet
  facet normal -9.476137e-01 3.194187e-01 -6.542827e-06
    outer loop
      vertex   1.029786e+01 3.297631e+01 1.500000e+01
      vertex   1.029884e+01 3.297892e+01 2.220443e-15
      vertex   1.013710e+01 3.249908e+01 2.125914e-15
    endloop
  endfacet
  facet normal -9.477280e-01 3.190795e-01 5.474910e-06
    outer loop
      vertex   1.029786e+01 3.297631e+01 1.500000e+01
      vertex   1.013710e+01 3.249908e+01 2.125914e-15
      vertex   1.013640e+01 3.249674e+01 1.500000e+01
    endloop
  endfacet
  facet normal -9.661699e-01 2.579066e-01 -4.956962e-06
    outer loop
      vertex   1.013640e+01 3.249674e+01 1.500000e+01
      vertex   1.013710e+01 3.249908e+01 2.125914e-15
      vertex   1.000585e+01 3.200739e+01 1.874793e-15
    endloop
  endfacet
  facet normal -9.662385e-01 2.576493e-01 4.035334e-06
    outer loop
      vertex   1.013640e+01 3.249674e+01 1.500000e+01
      vertex   1.000585e+01 3.200739e+01 1.874793e-15
      vertex   1.000537e+01 3.200533e+01 1.500000e+01
    endloop
  endfacet
  facet normal -9.831056e-01 1.830391e-01 -6.739049e-06
    outer loop
      vertex   1.000537e+01 3.200533e+01 1.500000e+01
      vertex   1.000585e+01 3.200739e+01 1.874793e-15
      vertex   9.817401e+00 3.099522e+01 1.111372e-15
    endloop
  endfacet
  facet normal -9.831341e-01 1.828860e-01 3.930076e-06
    outer loop
      vertex   1.000537e+01 3.200533e+01 1.500000e+01
      vertex   9.817401e+00 3.099522e+01 1.111372e-15
      vertex   9.817197e+00 3.099380e+01 1.500000e+01
    endloop
  endfacet
  facet normal -9.935346e-01 1.135302e-01 -2.765604e-06
    outer loop
      vertex   9.817197e+00 3.099380e+01 1.500000e+01
      vertex   9.817401e+00 3.099522e+01 1.111372e-15
      vertex   9.698645e+00 2.995595e+01 3.473757e-16
    endloop
  endfacet
  facet normal -9.935409e-01 1.134749e-01 1.105958e-06
    outer loop
      vertex   9.817197e+00 3.099380e+01 1.500000e+01
      vertex   9.698645e+00 2.995595e+01 3.473757e-16
      vertex   9.698579e+00 2.995523e+01 1.500000e+01
    endloop
  endfacet
  facet normal -9.968391e-01 7.944731e-02 -5.481598e-07
    outer loop
      vertex   9.698579e+00 2.995523e+01 1.500000e+01
      vertex   9.698645e+00 2.995595e+01 3.473757e-16
      vertex   9.614736e+00 2.890314e+01 0.000000e+00
    endloop
  endfacet
  facet normal -9.968397e-01 7.943954e-02 0.000000e+00
    outer loop
      vertex   9.698579e+00 2.995523e+01 1.500000e+01
      vertex   9.614736e+00 2.890314e+01 0.000000e+00
      vertex   9.614736e+00 2.890314e+01 1.500000e+01
    endloop
  endfacet
  facet normal -2.601449e-01 9.655696e-01 -4.573856e-16
    outer loop
      vertex   1.700000e+01 3.906880e+01 1.500000e+01
      vertex   1.700000e+01 3.906880e+01 0.000000e+00
      vertex   1.637366e+01 3.890005e+01 1.500000e+01
    endloop
  endfacet
  facet normal -2.601782e-01 9.655606e-01 -1.492802e-06
    outer loop
      vertex   1.637366e+01 3.890005e+01 1.500000e+01
      vertex   1.700000e+01 3.906880e+01 0.000000e+00
      vertex   1.637313e+01 3.889989e+01 0.000000e+00
    endloop
  endfacet
  facet normal -3.424810e-01 9.395248e-01 1.699191e-06
    outer loop
      vertex   1.637366e+01 3.890005e+01 1.500000e+01
      vertex   1.637313e+01 3.889989e+01 0.000000e+00
      vertex   1.576848e+01 3.867945e+01 1.500000e+01
    endloop
  endfacet
  facet normal -3.425472e-01 9.395006e-01 -1.326344e-06
    outer loop
      vertex   1.576848e+01 3.867945e+01 1.500000e+01
      vertex   1.637313e+01 3.889989e+01 0.000000e+00
      vertex   1.576763e+01 3.867912e+01 0.000000e+00
    endloop
  endfacet
  facet normal -4.299103e-01 9.028716e-01 4.431591e-06
    outer loop
      vertex   1.576848e+01 3.867945e+01 1.500000e+01
      vertex   1.576763e+01 3.867912e+01 0.000000e+00
      vertex   1.518985e+01 3.840400e+01 0.000000e+00
    endloop
  endfacet
  facet normal -4.314454e-01 9.021391e-01 7.709775e-05
    outer loop
      vertex   1.576848e+01 3.867945e+01 1.500000e+01
      vertex   1.518985e+01 3.840400e+01 0.000000e+00
      vertex   1.518681e+01 3.840127e+01 1.500000e+01
    endloop
  endfacet
  facet normal -5.032659e-01 8.641316e-01 5.562940e-05
    outer loop
      vertex   1.518681e+01 3.840127e+01 1.500000e+01
      vertex   1.518985e+01 3.840400e+01 0.000000e+00
      vertex   1.463581e+01 3.808134e+01 0.000000e+00
    endloop
  endfacet
  facet normal -5.051592e-01 8.630262e-01 1.487506e-04
    outer loop
      vertex   1.518681e+01 3.840127e+01 1.500000e+01
      vertex   1.463581e+01 3.808134e+01 0.000000e+00
      vertex   1.462567e+01 3.807281e+01 1.500000e+01
    endloop
  endfacet
  facet normal -5.594779e-01 8.288452e-01 9.257142e-05
    outer loop
      vertex   1.462567e+01 3.807281e+01 1.500000e+01
      vertex   1.463581e+01 3.808134e+01 0.000000e+00
      vertex   1.409788e+01 3.771823e+01 0.000000e+00
    endloop
  endfacet
  facet normal -5.605047e-01 8.281512e-01 1.451059e-04
    outer loop
      vertex   1.462567e+01 3.807281e+01 1.500000e+01
      vertex   1.409788e+01 3.771823e+01 0.000000e+00
      vertex   1.408093e+01 3.770413e+01 1.500000e+01
    endloop
  endfacet
  facet normal -5.993569e-01 8.004819e-01 7.521806e-05
    outer loop
      vertex   1.408093e+01 3.770413e+01 1.500000e+01
      vertex   1.409788e+01 3.771823e+01 0.000000e+00
      vertex   1.356840e+01 3.732178e+01 0.000000e+00
    endloop
  endfacet
  facet normal -5.995527e-01 8.003353e-01 8.564193e-05
    outer loop
      vertex   1.408093e+01 3.770413e+01 1.500000e+01
      vertex   1.356840e+01 3.732178e+01 0.000000e+00
      vertex   1.354852e+01 3.730528e+01 1.500000e+01
    endloop
  endfacet
  facet normal -6.305115e-01 7.761799e-01 1.804814e-05
    outer loop
      vertex   1.354852e+01 3.730528e+01 1.500000e+01
      vertex   1.356840e+01 3.732178e+01 0.000000e+00
      vertex   1.250421e+01 3.645731e+01 0.000000e+00
    endloop
  endfacet
  facet normal -6.303553e-01 7.763068e-01 0.000000e+00
    outer loop
      vertex   1.354852e+01 3.730528e+01 1.500000e+01
      vertex   1.250421e+01 3.645731e+01 0.000000e+00
      vertex   1.250421e+01 3.645731e+01 1.500000e+01
    endloop
  endfacet
  facet normal 8.344143e-01 5.511377e-01 0.000000e+00
    outer loop
      vertex   2.892724e+01 3.426089e+01 1.500000e+01
      vertex   2.892724e+01 3.426089e+01 0.000000e+00
      vertex   2.817811e+01 3.539506e+01 1.500000e+01
    endloop
  endfacet
  facet normal 8.344136e-01 5.511387e-01 -1.089344e-07
    outer loop
      vertex   2.817811e+01 3.539506e+01 1.500000e+01
      vertex   2.892724e+01 3.426089e+01 0.000000e+00
      vertex   2.817809e+01 3.539510e+01 -1.110283e-15
    endloop
  endfacet
  facet normal 7.976053e-01 6.031798e-01 9.629199e-08
    outer loop
      vertex   2.817811e+01 3.539506e+01 1.500000e+01
      vertex   2.817809e+01 3.539510e+01 -1.110283e-15
      vertex   2.777236e+01 3.593160e+01 1.500000e+01
    endloop
  endfacet
  facet normal 7.976017e-01 6.031844e-01 -1.650741e-07
    outer loop
      vertex   2.777236e+01 3.593160e+01 1.500000e+01
      vertex   2.817809e+01 3.539510e+01 -1.110283e-15
      vertex   2.777231e+01 3.593166e+01 -1.873568e-15
    endloop
  endfacet
  facet normal 7.482753e-01 6.633883e-01 2.077646e-07
    outer loop
      vertex   2.777236e+01 3.593160e+01 1.500000e+01
      vertex   2.777231e+01 3.593166e+01 -1.873568e-15
      vertex   2.732918e+01 3.643149e+01 1.500000e+01
    endloop
  endfacet
  facet normal 7.482677e-01 6.633969e-01 -3.047251e-07
    outer loop
      vertex   2.732918e+01 3.643149e+01 1.500000e+01
      vertex   2.777231e+01 3.593166e+01 -1.873568e-15
      vertex   2.732911e+01 3.643156e+01 -2.220446e-15
    endloop
  endfacet
  facet normal 6.811632e-01 7.321316e-01 3.061808e-07
    outer loop
      vertex   2.732918e+01 3.643149e+01 1.500000e+01
      vertex   2.732911e+01 3.643156e+01 -2.220446e-15
      vertex   2.684115e+01 3.688555e+01 -1.873434e-15
    endloop
  endfacet
  facet normal 6.809147e-01 7.323627e-01 1.538745e-05
    outer loop
      vertex   2.732918e+01 3.643149e+01 1.500000e+01
      vertex   2.684115e+01 3.688555e+01 -1.873434e-15
      vertex   2.683999e+01 3.688632e+01 1.500000e+01
    endloop
  endfacet
  facet normal 6.213610e-01 7.835244e-01 8.150902e-06
    outer loop
      vertex   2.683999e+01 3.688632e+01 1.500000e+01
      vertex   2.684115e+01 3.688555e+01 -1.873434e-15
      vertex   2.631616e+01 3.730189e+01 -1.110164e-15
    endloop
  endfacet
  facet normal 6.211285e-01 7.837087e-01 2.137560e-05
    outer loop
      vertex   2.683999e+01 3.688632e+01 1.500000e+01
      vertex   2.631616e+01 3.730189e+01 -1.110164e-15
      vertex   2.631291e+01 3.730405e+01 1.500000e+01
    endloop
  endfacet
  facet normal 5.692362e-01 8.221741e-01 4.572038e-06
    outer loop
      vertex   2.631291e+01 3.730405e+01 1.500000e+01
      vertex   2.631616e+01 3.730189e+01 -1.110164e-15
      vertex   2.519564e+01 3.807769e+01 0.000000e+00
    endloop
  endfacet
  facet normal 5.692777e-01 8.221453e-01 0.000000e+00
    outer loop
      vertex   2.631291e+01 3.730405e+01 1.500000e+01
      vertex   2.519564e+01 3.807769e+01 0.000000e+00
      vertex   2.519564e+01 3.807769e+01 1.500000e+01
    endloop
  endfacet
  facet normal 9.973515e-01 7.273286e-02 0.000000e+00
    outer loop
      vertex   3.028003e+01 2.890314e+01 1.500000e+01
      vertex   3.028003e+01 2.890314e+01 0.000000e+00
      vertex   3.017798e+01 3.030249e+01 1.500000e+01
    endloop
  endfacet
  facet normal 9.973513e-01 7.273533e-02 -2.316657e-07
    outer loop
      vertex   3.017798e+01 3.030249e+01 1.500000e+01
      vertex   3.028003e+01 2.890314e+01 0.000000e+00
      vertex   3.017797e+01 3.030260e+01 0.000000e+00
    endloop
  endfacet
  facet normal 9.914007e-01 1.308609e-01 2.044267e-07
    outer loop
      vertex   3.017798e+01 3.030249e+01 1.500000e+01
      vertex   3.017797e+01 3.030260e+01 0.000000e+00
      vertex   3.008696e+01 3.099202e+01 1.500000e+01
    endloop
  endfacet
  facet normal 9.913992e-01 1.308728e-01 -3.504558e-07
    outer loop
      vertex   3.008696e+01 3.099202e+01 1.500000e+01
      vertex   3.017797e+01 3.030260e+01 0.000000e+00
      vertex   3.008693e+01 3.099219e+01 0.000000e+00
    endloop
  endfacet
  facet normal 9.795858e-01 2.010266e-01 4.405825e-07
    outer loop
      vertex   3.008696e+01 3.099202e+01 1.500000e+01
      vertex   3.008693e+01 3.099219e+01 0.000000e+00
      vertex   2.994796e+01 3.166938e+01 1.500000e+01
    endloop
  endfacet
  facet normal 9.795810e-01 2.010497e-01 -6.462049e-07
    outer loop
      vertex   2.994796e+01 3.166938e+01 1.500000e+01
      vertex   3.008693e+01 3.099219e+01 0.000000e+00
      vertex   2.994790e+01 3.166959e+01 0.000000e+00
    endloop
  endfacet
  facet normal 9.581665e-01 2.862114e-01 6.509084e-07
    outer loop
      vertex   2.994796e+01 3.166938e+01 1.500000e+01
      vertex   2.994790e+01 3.166959e+01 0.000000e+00
      vertex   2.975067e+01 3.232987e+01 0.000000e+00
    endloop
  endfacet
  facet normal 9.580378e-01 2.866420e-01 2.130126e-05
    outer loop
      vertex   2.994796e+01 3.166938e+01 1.500000e+01
      vertex   2.975067e+01 3.232987e+01 0.000000e+00
      vertex   2.974979e+01 3.233172e+01 1.500000e+01
    endloop
  endfacet
  facet normal 9.348995e-01 3.549126e-01 1.152047e-05
    outer loop
      vertex   2.974979e+01 3.233172e+01 1.500000e+01
      vertex   2.975067e+01 3.232987e+01 0.000000e+00
      vertex   2.950527e+01 3.297632e+01 0.000000e+00
    endloop
  endfacet
  facet normal 9.347571e-01 3.552875e-01 2.995400e-05
    outer loop
      vertex   2.974979e+01 3.233172e+01 1.500000e+01
      vertex   2.950527e+01 3.297632e+01 0.000000e+00
      vertex   2.950275e+01 3.298166e+01 1.500000e+01
    endloop
  endfacet
  facet normal 9.119311e-01 4.103434e-01 6.505324e-06
    outer loop
      vertex   2.950275e+01 3.298166e+01 1.500000e+01
      vertex   2.950527e+01 3.297632e+01 0.000000e+00
      vertex   2.892724e+01 3.426089e+01 0.000000e+00
    endloop
  endfacet
  facet normal 9.119596e-01 4.102800e-01 0.000000e+00
    outer loop
      vertex   2.950275e+01 3.298166e+01 1.500000e+01
      vertex   2.892724e+01 3.426089e+01 0.000000e+00
      vertex   2.892724e+01 3.426089e+01 1.500000e+01
    endloop
  endfacet
  facet normal 7.953298e-01 -6.061770e-01 0.000000e+00
    outer loop
      vertex   2.743365e+01 2.127631e+01 1.500000e+01
      vertex   2.743365e+01 2.127631e+01 0.000000e+00
      vertex   2.807652e+01 2.211978e+01 1.500000e+01
    endloop
  endfacet
  facet normal 7.951853e-01 -6.063664e-01 1.684649e-05
    outer loop
      vertex   2.807652e+01 2.211978e+01 1.500000e+01
      vertex   2.743365e+01 2.127631e+01 0.000000e+00
      vertex   2.809971e+01 2.214977e+01 0.000000e+00
    endloop
  endfacet
  facet normal 8.171684e-01 -5.763990e-01 1.107583e-04
    outer loop
      vertex   2.807652e+01 2.211978e+01 1.500000e+01
      vertex   2.809971e+01 2.214977e+01 0.000000e+00
      vertex   2.868165e+01 2.297769e+01 1.500000e+01
    endloop
  endfacet
  facet normal 8.172151e-01 -5.763328e-01 1.052898e-04
    outer loop
      vertex   2.868165e+01 2.297769e+01 1.500000e+01
      vertex   2.809971e+01 2.214977e+01 0.000000e+00
      vertex   2.870072e+01 2.300198e+01 0.000000e+00
    endloop
  endfacet
  facet normal 8.585160e-01 -5.127867e-01 2.606798e-04
    outer loop
      vertex   2.868165e+01 2.297769e+01 1.500000e+01
      vertex   2.870072e+01 2.300198e+01 0.000000e+00
      vertex   2.921133e+01 2.386448e+01 1.500000e+01
    endloop
  endfacet
  facet normal 8.596616e-01 -5.108639e-01 1.111239e-04
    outer loop
      vertex   2.921133e+01 2.386448e+01 1.500000e+01
      vertex   2.870072e+01 2.300198e+01 0.000000e+00
      vertex   2.921620e+01 2.386941e+01 0.000000e+00
    endloop
  endfacet
  facet normal 8.992768e-01 -4.373799e-01 1.481299e-04
    outer loop
      vertex   2.921133e+01 2.386448e+01 1.500000e+01
      vertex   2.921620e+01 2.386941e+01 0.000000e+00
      vertex   2.943547e+01 2.432024e+01 0.000000e+00
    endloop
  endfacet
  facet normal 8.980156e-01 -4.399635e-01 5.078362e-05
    outer loop
      vertex   2.921133e+01 2.386448e+01 1.500000e+01
      vertex   2.943547e+01 2.432024e+01 0.000000e+00
      vertex   2.943608e+01 2.432322e+01 1.500000e+01
    endloop
  endfacet
  facet normal 9.264986e-01 -3.762983e-01 3.696010e-05
    outer loop
      vertex   2.943608e+01 2.432322e+01 1.500000e+01
      vertex   2.943547e+01 2.432024e+01 0.000000e+00
      vertex   2.962568e+01 2.478856e+01 0.000000e+00
    endloop
  endfacet
  facet normal 9.262591e-01 -3.768873e-01 1.565924e-05
    outer loop
      vertex   2.943608e+01 2.432322e+01 1.500000e+01
      vertex   2.962568e+01 2.478856e+01 0.000000e+00
      vertex   2.962787e+01 2.479458e+01 1.500000e+01
    endloop
  endfacet
  facet normal 9.507541e-01 -3.099462e-01 -1.479691e-05
    outer loop
      vertex   2.962787e+01 2.479458e+01 1.500000e+01
      vertex   2.962568e+01 2.478856e+01 0.000000e+00
      vertex   2.978382e+01 2.527366e+01 0.000000e+00
    endloop
  endfacet
  facet normal 9.510046e-01 -3.091768e-01 1.237890e-05
    outer loop
      vertex   2.962787e+01 2.479458e+01 1.500000e+01
      vertex   2.978382e+01 2.527366e+01 0.000000e+00
      vertex   2.978538e+01 2.527906e+01 1.500000e+01
    endloop
  endfacet
  facet normal 9.685600e-01 -2.487802e-01 -1.121867e-05
    outer loop
      vertex   2.978538e+01 2.527906e+01 1.500000e+01
      vertex   2.978382e+01 2.527366e+01 0.000000e+00
      vertex   2.991142e+01 2.577044e+01 0.000000e+00
    endloop
  endfacet
  facet normal 9.687095e-01 -2.481974e-01 9.129773e-06
    outer loop
      vertex   2.978538e+01 2.527906e+01 1.500000e+01
      vertex   2.991142e+01 2.577044e+01 0.000000e+00
      vertex   2.991249e+01 2.577518e+01 1.500000e+01
    endloop
  endfacet
  facet normal 9.846693e-01 -1.744317e-01 -1.530308e-05
    outer loop
      vertex   2.991249e+01 2.577518e+01 1.500000e+01
      vertex   2.991142e+01 2.577044e+01 0.000000e+00
      vertex   3.009246e+01 2.679241e+01 0.000000e+00
    endloop
  endfacet
  facet normal 9.847306e-01 -1.740854e-01 8.921428e-06
    outer loop
      vertex   2.991249e+01 2.577518e+01 1.500000e+01
      vertex   3.009246e+01 2.679241e+01 0.000000e+00
      vertex   3.009290e+01 2.679567e+01 1.500000e+01
    endloop
  endfacet
  facet normal 9.944216e-01 -1.054787e-01 -6.285027e-06
    outer loop
      vertex   3.009290e+01 2.679567e+01 1.500000e+01
      vertex   3.009246e+01 2.679241e+01 0.000000e+00
      vertex   3.020369e+01 2.784109e+01 0.000000e+00
    endloop
  endfacet
  facet normal 9.944348e-01 -1.053539e-01 2.512543e-06
    outer loop
      vertex   3.009290e+01 2.679567e+01 1.500000e+01
      vertex   3.020369e+01 2.784109e+01 0.000000e+00
      vertex   3.020383e+01 2.784275e+01 1.500000e+01
    endloop
  endfacet
  facet normal 9.974271e-01 -7.168813e-02 -1.246712e-06
    outer loop
      vertex   3.020383e+01 2.784275e+01 1.500000e+01
      vertex   3.020369e+01 2.784109e+01 0.000000e+00
      vertex   3.028003e+01 2.890314e+01 0.000000e+00
    endloop
  endfacet
  facet normal 9.974284e-01 -7.167058e-02 0.000000e+00
    outer loop
      vertex   3.020383e+01 2.784275e+01 1.500000e+01
      vertex   3.028003e+01 2.890314e+01 0.000000e+00
      vertex   3.028003e+01 2.890314e+01 1.500000e+01
    endloop
  endfacet
  facet normal -4.039023e-01 -9.148021e-01 -8.666747e-16
    outer loop
      vertex   1.700000e+01 4.427881e+01 1.500000e+01
      vertex   1.632679e+01 4.457604e+01 1.500000e+01
      vertex   1.700000e+01 4.427881e+01 0.000000e+00
    endloop
  endfacet
  facet normal -4.039023e-01 -9.148021e-01 -5.229977e-16
    outer loop
      vertex   1.700000e+01 4.427881e+01 0.000000e+00
      vertex   1.632679e+01 4.457604e+01 1.500000e+01
      vertex   1.632679e+01 4.457604e+01 0.000000e+00
    endloop
  endfacet
  facet normal -4.417362e-01 -8.971450e-01 -6.212681e-16
    outer loop
      vertex   1.632679e+01 4.457604e+01 0.000000e+00
      vertex   1.632679e+01 4.457604e+01 1.500000e+01
      vertex   1.566178e+01 4.490348e+01 1.500000e+01
    endloop
  endfacet
  facet normal -4.417362e-01 -8.971450e-01 0.000000e+00
    outer loop
      vertex   1.632679e+01 4.457604e+01 0.000000e+00
      vertex   1.566178e+01 4.490348e+01 1.500000e+01
      vertex   1.566178e+01 4.490348e+01 0.000000e+00
    endloop
  endfacet
  facet normal 4.718999e-16 -3.239912e-16 -1.000000e+00
    outer loop
      vertex   1.153965e+01 4.307947e+01 0.000000e+00
      vertex   1.203699e+01 4.278290e+01 3.307828e-16
      vertex   7.524303e+00 3.723104e+01 0.000000e+00
    endloop
  endfacet
  facet normal 1.015125e-14 -8.191607e-15 -1.000000e+00
    outer loop
      vertex   7.524303e+00 3.723104e+01 0.000000e+00
      vertex   1.203699e+01 4.278290e+01 3.307828e-16
      vertex   1.215237e+01 4.270776e+01 2.117552e-15
    endloop
  endfacet
  facet normal 1.205194e-14 -9.797771e-15 -1.000000e+00
    outer loop
      vertex   7.524303e+00 3.723104e+01 0.000000e+00
      vertex   1.215237e+01 4.270776e+01 2.117552e-15
      vertex   8.504285e+00 3.836818e+01 6.692212e-16
    endloop
  endfacet
  facet normal -7.703692e-15 6.809894e-15 -1.000000e+00
    outer loop
      vertex   8.504285e+00 3.836818e+01 6.692212e-16
      vertex   1.215237e+01 4.270776e+01 2.117552e-15
      vertex   1.225626e+01 4.261757e+01 7.029953e-16
    endloop
  endfacet
  facet normal -8.068005e-16 7.203095e-16 -1.000000e+00
    outer loop
      vertex   8.504285e+00 3.836818e+01 6.692212e-16
      vertex   1.225626e+01 4.261757e+01 7.029953e-16
      vertex   1.234692e+01 4.251380e+01 5.551115e-16
    endloop
  endfacet
  facet normal 1.316304e-13 -1.220376e-13 -1.000000e+00
    outer loop
      vertex   8.504285e+00 3.836818e+01 6.692212e-16
      vertex   1.234692e+01 4.251380e+01 5.551115e-16
      vertex   9.012189e+00 3.891113e+01 1.264283e-15
    endloop
  endfacet
  facet normal -1.244921e-16 -8.161308e-17 -1.000000e+00
    outer loop
      vertex   9.012189e+00 3.891113e+01 1.264283e-15
      vertex   1.234692e+01 4.251380e+01 5.551115e-16
      vertex   1.242233e+01 4.239877e+01 5.551115e-16
    endloop
  endfacet
  facet normal -1.400762e-16 -6.637522e-17 -1.000000e+00
    outer loop
      vertex   9.012189e+00 3.891113e+01 1.264283e-15
      vertex   1.242233e+01 4.239877e+01 5.551115e-16
      vertex   1.248133e+01 4.227426e+01 5.551115e-16
    endloop
  endfacet
  facet normal 6.328284e-13 -6.529860e-13 -1.000000e+00
    outer loop
      vertex   9.012189e+00 3.891113e+01 1.264283e-15
      vertex   1.248133e+01 4.227426e+01 5.551115e-16
      vertex   9.541589e+00 3.942334e+01 1.818345e-15
    endloop
  endfacet
  facet normal -3.292598e-16 -1.035794e-16 -1.000000e+00
    outer loop
      vertex   9.541589e+00 3.942334e+01 1.818345e-15
      vertex   1.248133e+01 4.227426e+01 5.551115e-16
      vertex   1.252257e+01 4.214314e+01 5.551115e-16
    endloop
  endfacet
  facet normal -3.672016e-16 -6.199405e-17 -1.000000e+00
    outer loop
      vertex   9.541589e+00 3.942334e+01 1.818345e-15
      vertex   1.252257e+01 4.214314e+01 5.551115e-16
      vertex   1.254545e+01 4.200766e+01 5.551115e-16
    endloop
  endfacet
  facet normal 5.629652e-14 -6.592448e-14 -1.000000e+00
    outer loop
      vertex   9.541589e+00 3.942334e+01 1.818345e-15
      vertex   1.254545e+01 4.200766e+01 5.551115e-16
      vertex   1.009965e+01 3.989456e+01 2.170430e-15
    endloop
  endfacet
  facet normal -6.439937e-16 -1.904375e-17 -1.000000e+00
    outer loop
      vertex   1.009965e+01 3.989456e+01 2.170430e-15
      vertex   1.254545e+01 4.200766e+01 5.551115e-16
      vertex   1.254952e+01 4.186996e+01 5.551115e-16
    endloop
  endfacet
  facet normal -7.225977e-16 7.843994e-17 -1.000000e+00
    outer loop
      vertex   1.009965e+01 3.989456e+01 2.170430e-15
      vertex   1.254952e+01 4.186996e+01 5.551115e-16
      vertex   1.253469e+01 4.173336e+01 5.551115e-16
    endloop
  endfacet
  facet normal -8.182920e-16 2.051634e-16 -1.000000e+00
    outer loop
      vertex   1.253469e+01 4.173336e+01 5.551115e-16
      vertex   1.250126e+01 4.160004e+01 5.551115e-16
      vertex   1.009965e+01 3.989456e+01 2.170430e-15
    endloop
  endfacet
  facet normal 1.148407e-13 -1.626628e-13 -1.000000e+00
    outer loop
      vertex   1.009965e+01 3.989456e+01 2.170430e-15
      vertex   1.250126e+01 4.160004e+01 5.551115e-16
      vertex   1.069234e+01 4.031416e+01 1.983097e-15
    endloop
  endfacet
  facet normal -1.106712e-15 4.463610e-16 -1.000000e+00
    outer loop
      vertex   1.069234e+01 4.031416e+01 1.983097e-15
      vertex   1.250126e+01 4.160004e+01 5.551115e-16
      vertex   1.244974e+01 4.147230e+01 5.551115e-16
    endloop
  endfacet
  facet normal -1.306834e-15 7.500337e-16 -1.000000e+00
    outer loop
      vertex   1.069234e+01 4.031416e+01 1.983097e-15
      vertex   1.244974e+01 4.147230e+01 5.551115e-16
      vertex   1.238136e+01 4.135316e+01 5.551115e-16
    endloop
  endfacet
  facet normal -2.262948e-14 3.541252e-14 -1.000000e+00
    outer loop
      vertex   1.069234e+01 4.031416e+01 1.983097e-15
      vertex   1.238136e+01 4.135316e+01 5.551115e-16
      vertex   1.131613e+01 4.067871e+01 7.768101e-16
    endloop
  endfacet
  facet normal -4.080414e-16 3.157541e-16 -1.000000e+00
    outer loop
      vertex   1.131613e+01 4.067871e+01 7.768101e-16
      vertex   1.238136e+01 4.135316e+01 5.551115e-16
      vertex   1.229720e+01 4.124440e+01 5.551115e-16
    endloop
  endfacet
  facet normal -1.306707e-16 -1.652878e-16 -1.000000e+00
    outer loop
      vertex   1.131613e+01 4.067871e+01 7.768101e-16
      vertex   1.229720e+01 4.124440e+01 5.551115e-16
      vertex   1.219878e+01 4.114810e+01 5.838892e-16
    endloop
  endfacet
  facet normal 8.496339e-16 -2.008667e-15 -1.000000e+00
    outer loop
      vertex   1.219878e+01 4.114810e+01 5.838892e-16
      vertex   1.208836e+01 4.106642e+01 6.541338e-16
      vertex   1.131613e+01 4.067871e+01 7.768101e-16
    endloop
  endfacet
  facet normal -1.203216e-13 2.393339e-13 -1.000000e+00
    outer loop
      vertex   1.131613e+01 4.067871e+01 7.768101e-16
      vertex   1.208836e+01 4.106642e+01 6.541338e-16
      vertex   1.196755e+01 4.100053e+01 -5.787292e-16
    endloop
  endfacet
  facet normal -0.000000e+00 0.000000e+00 -1.000000e+00
    outer loop
      vertex   1.153965e+01 4.307947e+01 0.000000e+00
      vertex   7.524303e+00 3.723104e+01 0.000000e+00
      vertex   1.106489e+01 4.340932e+01 0.000000e+00
    endloop
  endfacet
  facet normal 0.000000e+00 0.000000e+00 -1.000000e+00
    outer loop
      vertex   1.106489e+01 4.340932e+01 0.000000e+00
      vertex   7.524303e+00 3.723104e+01 0.000000e+00
      vertex   6.956489e+00 3.630015e+01 0.000000e+00
    endloop
  endfacet
  facet normal -0.000000e+00 0.000000e+00 -1.000000e+00
    outer loop
      vertex   1.106489e+01 4.340932e+01 0.000000e+00
      vertex   6.956489e+00 3.630015e+01 0.000000e+00
      vertex   1.061630e+01 4.377782e+01 0.000000e+00
    endloop
  endfacet
  facet normal 0.000000e+00 0.000000e+00 -1.000000e+00
    outer loop
      vertex   1.061630e+01 4.377782e+01 0.000000e+00
      vertex   6.956489e+00 3.630015e+01 0.000000e+00
      vertex   6.423375e+00 3.536552e+01 0.000000e+00
    endloop
  endfacet
  facet normal -0.000000e+00 0.000000e+00 -1.000000e+00
    outer loop
      vertex   1.061630e+01 4.377782e+01 0.000000e+00
      vertex   6.423375e+00 3.536552e+01 0.000000e+00
      vertex   1.019306e+01 4.417950e+01 0.000000e+00
    endloop
  endfacet
  facet normal 0.000000e+00 0.000000e+00 -1.000000e+00
    outer loop
      vertex   1.019306e+01 4.417950e+01 0.000000e+00
      vertex   6.423375e+00 3.536552e+01 0.000000e+00
      vertex   5.953486e+00 3.441342e+01 0.000000e+00
    endloop
  endfacet
  facet normal -0.000000e+00 0.000000e+00 -1.000000e+00
    outer loop
      vertex   1.019306e+01 4.417950e+01 0.000000e+00
      vertex   5.953486e+00 3.441342e+01 0.000000e+00
      vertex   9.402396e+00 4.505580e+01 0.000000e+00
    endloop
  endfacet
  facet normal 0.000000e+00 0.000000e+00 -1.000000e+00
    outer loop
      vertex   9.402396e+00 4.505580e+01 0.000000e+00
      vertex   5.953486e+00 3.441342e+01 0.000000e+00
      vertex   5.575349e+00 3.343008e+01 0.000000e+00
    endloop
  endfacet
  facet normal -0.000000e+00 0.000000e+00 -1.000000e+00
    outer loop
      vertex   9.402396e+00 4.505580e+01 0.000000e+00
      vertex   5.575349e+00 3.343008e+01 0.000000e+00
      vertex   8.652330e+00 4.598515e+01 0.000000e+00
    endloop
  endfacet
  facet normal 0.000000e+00 0.000000e+00 -1.000000e+00
    outer loop
      vertex   8.652330e+00 4.598515e+01 0.000000e+00
      vertex   5.575349e+00 3.343008e+01 0.000000e+00
      vertex   5.308534e+00 3.240845e+01 0.000000e+00
    endloop
  endfacet
  facet normal -0.000000e+00 0.000000e+00 -1.000000e+00
    outer loop
      vertex   8.652330e+00 4.598515e+01 0.000000e+00
      vertex   5.308534e+00 3.240845e+01 0.000000e+00
      vertex   7.774935e+00 4.755299e+01 0.000000e+00
    endloop
  endfacet
  facet normal 0.000000e+00 0.000000e+00 -1.000000e+00
    outer loop
      vertex   7.774935e+00 4.755299e+01 0.000000e+00
      vertex   5.308534e+00 3.240845e+01 0.000000e+00
      vertex   0.000000e+00 2.500000e+00 0.000000e+00
    endloop
  endfacet
  facet normal -0.000000e+00 0.000000e+00 -1.000000e+00
    outer loop
      vertex   7.774935e+00 4.755299e+01 0.000000e+00
      vertex   0.000000e+00 2.500000e+00 0.000000e+00
      vertex   7.397026e+00 4.835575e+01 0.000000e+00
    endloop
  endfacet
  facet normal -0.000000e+00 0.000000e+00 -1.000000e+00
    outer loop
      vertex   7.397026e+00 4.835575e+01 0.000000e+00
      vertex   0.000000e+00 2.500000e+00 0.000000e+00
      vertex   7.092063e+00 4.918111e+01 0.000000e+00
    endloop
  endfacet
  facet normal -0.000000e+00 0.000000e+00 -1.000000e+00
    outer loop
      vertex   7.092063e+00 4.918111e+01 0.000000e+00
      vertex   0.000000e+00 2.500000e+00 0.000000e+00
      vertex   6.876384e+00 5.003376e+01 0.000000e+00
    endloop
  endfacet
  facet normal -0.000000e+00 0.000000e+00 -1.000000e+00
    outer loop
      vertex   6.876384e+00 5.003376e+01 0.000000e+00
      vertex   0.000000e+00 2.500000e+00 0.000000e+00
      vertex   6.733833e+00 5.090881e+01 0.000000e+00
    endloop
  endfacet
  facet normal -0.000000e+00 0.000000e+00 -1.000000e+00
    outer loop
      vertex   6.733833e+00 5.090881e+01 0.000000e+00
      vertex   0.000000e+00 2.500000e+00 0.000000e+00
      vertex   6.570417e+00 5.269894e+01 0.000000e+00
    endloop
  endfacet
  facet normal -0.000000e+00 0.000000e+00 -1.000000e+00
    outer loop
      vertex   6.570417e+00 5.269894e+01 0.000000e+00
      vertex   0.000000e+00 2.500000e+00 0.000000e+00
      vertex   6.700659e+00 5.443521e+01 0.000000e+00
    endloop
  endfacet
  facet normal -0.000000e+00 0.000000e+00 -1.000000e+00
    outer loop
      vertex   6.700659e+00 5.443521e+01 0.000000e+00
      vertex   0.000000e+00 2.500000e+00 0.000000e+00
      vertex   0.000000e+00 7.750000e+01 0.000000e+00
    endloop
  endfacet
  facet normal 0.000000e+00 0.000000e+00 -1.000000e+00
    outer loop
      vertex   6.700659e+00 5.443521e+01 0.000000e+00
      vertex   0.000000e+00 7.750000e+01 0.000000e+00
      vertex   6.816658e+00 5.529007e+01 0.000000e+00
    endloop
  endfacet
  facet normal 0.000000e+00 0.000000e+00 -1.000000e+00
    outer loop
      vertex   6.816658e+00 5.529007e+01 0.000000e+00
      vertex   0.000000e+00 7.750000e+01 0.000000e+00
      vertex   6.993711e+00 5.612901e+01 0.000000e+00
    endloop
  endfacet
  facet normal 0.000000e+00 0.000000e+00 -1.000000e+00
    outer loop
      vertex   6.993711e+00 5.612901e+01 0.000000e+00
      vertex   0.000000e+00 7.750000e+01 0.000000e+00
      vertex   7.244833e+00 5.694591e+01 0.000000e+00
    endloop
  endfacet
  facet normal 0.000000e+00 0.000000e+00 -1.000000e+00
    outer loop
      vertex   7.244833e+00 5.694591e+01 0.000000e+00
      vertex   0.000000e+00 7.750000e+01 0.000000e+00
      vertex   7.557220e+00 5.774498e+01 0.000000e+00
    endloop
  endfacet
  facet normal 0.000000e+00 0.000000e+00 -1.000000e+00
    outer loop
      vertex   7.557220e+00 5.774498e+01 0.000000e+00
      vertex   0.000000e+00 7.750000e+01 0.000000e+00
      vertex   8.292274e+00 5.933030e+01 0.000000e+00
    endloop
  endfacet
  facet normal 6.794086e-16 3.100679e-16 -1.000000e+00
    outer loop
      vertex   8.292274e+00 5.933030e+01 0.000000e+00
      vertex   0.000000e+00 7.750000e+01 0.000000e+00
      vertex   9.274812e+00 6.075779e+01 1.110166e-15
    endloop
  endfacet
  facet normal 8.990702e-16 4.317556e-16 -1.000000e+00
    outer loop
      vertex   9.274812e+00 6.075779e+01 1.110166e-15
      vertex   0.000000e+00 7.750000e+01 0.000000e+00
      vertex   9.802602e+00 6.142658e+01 1.873437e-15
    endloop
  endfacet
  facet normal 4.391927e-16 1.512929e-16 -1.000000e+00
    outer loop
      vertex   9.802602e+00 6.142658e+01 1.873437e-15
      vertex   0.000000e+00 7.750000e+01 0.000000e+00
      vertex   1.037862e+01 6.204805e+01 2.220446e-15
    endloop
  endfacet
  facet normal -2.621733e-16 -3.197942e-16 -1.000000e+00
    outer loop
      vertex   1.037862e+01 6.204805e+01 2.220446e-15
      vertex   0.000000e+00 7.750000e+01 0.000000e+00
      vertex   1.101344e+01 6.261231e+01 1.873566e-15
    endloop
  endfacet
  facet normal -6.563865e-16 -6.114207e-16 -1.000000e+00
    outer loop
      vertex   1.101344e+01 6.261231e+01 1.873566e-15
      vertex   0.000000e+00 7.750000e+01 0.000000e+00
      vertex   1.169524e+01 6.312875e+01 1.110280e-15
    endloop
  endfacet
  facet normal -4.674633e-16 -4.576760e-16 -1.000000e+00
    outer loop
      vertex   1.169524e+01 6.312875e+01 1.110280e-15
      vertex   0.000000e+00 7.750000e+01 0.000000e+00
      vertex   1.313713e+01 6.408194e+01 0.000000e+00
    endloop
  endfacet
  facet normal 0.000000e+00 0.000000e+00 -1.000000e+00
    outer loop
      vertex   1.313713e+01 6.408194e+01 0.000000e+00
      vertex   0.000000e+00 7.750000e+01 0.000000e+00
      vertex   4.000000e+01 7.750000e+01 0.000000e+00
    endloop
  endfacet
  facet normal 0.000000e+00 0.000000e+00 -1.000000e+00
    outer loop
      vertex   1.313713e+01 6.408194e+01 0.000000e+00
      vertex   4.000000e+01 7.750000e+01 0.000000e+00
      vertex   1.409225e+01 6.452258e+01 0.000000e+00
    endloop
  endfacet
  facet normal 0.000000e+00 0.000000e+00 -1.000000e+00
    outer loop
      vertex   1.409225e+01 6.452258e+01 0.000000e+00
      vertex   4.000000e+01 7.750000e+01 0.000000e+00
      vertex   1.504267e+01 6.492462e+01 0.000000e+00
    endloop
  endfacet
  facet normal 0.000000e+00 0.000000e+00 -1.000000e+00
    outer loop
      vertex   1.504267e+01 6.492462e+01 0.000000e+00
      vertex   4.000000e+01 7.750000e+01 0.000000e+00
      vertex   1.600670e+01 6.526021e+01 0.000000e+00
    endloop
  endfacet
  facet normal 0.000000e+00 0.000000e+00 -1.000000e+00
    outer loop
      vertex   1.600670e+01 6.526021e+01 0.000000e+00
      vertex   4.000000e+01 7.750000e+01 0.000000e+00
      vertex   1.700000e+01 6.550271e+01 0.000000e+00
    endloop
  endfacet
  facet normal 0.000000e+00 0.000000e+00 -1.000000e+00
    outer loop
      vertex   1.700000e+01 6.550271e+01 0.000000e+00
      vertex   4.000000e+01 7.750000e+01 0.000000e+00
      vertex   2.300000e+01 6.550345e+01 0.000000e+00
    endloop
  endfacet
  facet normal 0.000000e+00 0.000000e+00 -1.000000e+00
    outer loop
      vertex   1.700000e+01 6.550271e+01 0.000000e+00
      vertex   2.300000e+01 6.550345e+01 0.000000e+00
      vertex   1.700000e+01 6.109887e+01 0.000000e+00
    endloop
  endfacet
  facet normal 0.000000e+00 0.000000e+00 -1.000000e+00
    outer loop
      vertex   1.700000e+01 6.109887e+01 0.000000e+00
      vertex   2.300000e+01 6.550345e+01 0.000000e+00
      vertex   2.300000e+01 6.106052e+01 0.000000e+00
    endloop
  endfacet
  facet normal 0.000000e+00 0.000000e+00 -1.000000e+00
    outer loop
      vertex   1.700000e+01 6.109887e+01 0.000000e+00
      vertex   2.300000e+01 6.106052e+01 0.000000e+00
      vertex   1.700000e+01 4.427881e+01 0.000000e+00
    endloop
  endfacet
  facet normal 0.000000e+00 0.000000e+00 -1.000000e+00
    outer loop
      vertex   1.700000e+01 4.427881e+01 0.000000e+00
      vertex   2.300000e+01 6.106052e+01 0.000000e+00
      vertex   2.300000e+01 4.426486e+01 0.000000e+00
    endloop
  endfacet
  facet normal 0.000000e+00 0.000000e+00 -1.000000e+00
    outer loop
      vertex   1.700000e+01 4.427881e+01 0.000000e+00
      vertex   2.300000e+01 4.426486e+01 0.000000e+00
      vertex   1.700000e+01 3.906880e+01 0.000000e+00
    endloop
  endfacet
  facet normal 0.000000e+00 0.000000e+00 -1.000000e+00
    outer loop
      vertex   1.700000e+01 3.906880e+01 0.000000e+00
      vertex   2.300000e+01 4.426486e+01 0.000000e+00
      vertex   2.300000e+01 3.900855e+01 0.000000e+00
    endloop
  endfacet
  facet normal 0.000000e+00 0.000000e+00 -1.000000e+00
    outer loop
      vertex   1.700000e+01 3.906880e+01 0.000000e+00
      vertex   2.300000e+01 3.900855e+01 0.000000e+00
      vertex   2.531684e+01 1.970411e+01 0.000000e+00
    endloop
  endfacet
  facet normal -3.529331e-15 -4.235762e-16 -1.000000e+00
    outer loop
      vertex   2.531684e+01 1.970411e+01 0.000000e+00
      vertex   2.300000e+01 3.900855e+01 0.000000e+00
      vertex   2.355399e+01 3.881562e+01 -1.873501e-15
    endloop
  endfacet
  facet normal 1.411419e-15 3.215959e-17 -1.000000e+00
    outer loop
      vertex   2.531684e+01 1.970411e+01 0.000000e+00
      vertex   2.355399e+01 3.881562e+01 -1.873501e-15
      vertex   2.409991e+01 3.859047e+01 -1.110223e-15
    endloop
  endfacet
  facet normal 0.000000e+00 0.000000e+00 -1.000000e+00
    outer loop
      vertex   5.308534e+00 3.240845e+01 0.000000e+00
      vertex   5.133254e+00 3.135720e+01 0.000000e+00
      vertex   0.000000e+00 2.500000e+00 0.000000e+00
    endloop
  endfacet
  facet normal 0.000000e+00 0.000000e+00 -1.000000e+00
    outer loop
      vertex   0.000000e+00 2.500000e+00 0.000000e+00
      vertex   5.133254e+00 3.135720e+01 0.000000e+00
      vertex   5.018998e+00 3.028619e+01 0.000000e+00
    endloop
  endfacet
  facet normal 0.000000e+00 0.000000e+00 -1.000000e+00
    outer loop
      vertex   0.000000e+00 2.500000e+00 0.000000e+00
      vertex   5.018998e+00 3.028619e+01 0.000000e+00
      vertex   4.935254e+00 2.920532e+01 0.000000e+00
    endloop
  endfacet
  facet normal 0.000000e+00 -0.000000e+00 -1.000000e+00
    outer loop
      vertex   4.935254e+00 2.920532e+01 0.000000e+00
      vertex   5.063282e+00 2.714399e+01 0.000000e+00
      vertex   0.000000e+00 2.500000e+00 0.000000e+00
    endloop
  endfacet
  facet normal 0.000000e+00 0.000000e+00 -1.000000e+00
    outer loop
      vertex   0.000000e+00 2.500000e+00 0.000000e+00
      vertex   5.063282e+00 2.714399e+01 0.000000e+00
      vertex   5.184194e+00 2.612706e+01 0.000000e+00
    endloop
  endfacet
  facet normal 0.000000e+00 0.000000e+00 -1.000000e+00
    outer loop
      vertex   0.000000e+00 2.500000e+00 0.000000e+00
      vertex   5.184194e+00 2.612706e+01 0.000000e+00
      vertex   5.373383e+00 2.512661e+01 0.000000e+00
    endloop
  endfacet
  facet normal 0.000000e+00 -0.000000e+00 -1.000000e+00
    outer loop
      vertex   5.373383e+00 2.512661e+01 0.000000e+00
      vertex   5.643754e+00 2.415778e+01 0.000000e+00
      vertex   0.000000e+00 2.500000e+00 0.000000e+00
    endloop
  endfacet
  facet normal 0.000000e+00 0.000000e+00 -1.000000e+00
    outer loop
      vertex   0.000000e+00 2.500000e+00 0.000000e+00
      vertex   5.643754e+00 2.415778e+01 0.000000e+00
      vertex   5.983139e+00 2.321420e+01 0.000000e+00
    endloop
  endfacet
  facet normal 0.000000e+00 0.000000e+00 -1.000000e+00
    outer loop
      vertex   0.000000e+00 2.500000e+00 0.000000e+00
      vertex   5.983139e+00 2.321420e+01 0.000000e+00
      vertex   6.376601e+00 2.226951e+01 0.000000e+00
    endloop
  endfacet
  facet normal 0.000000e+00 -0.000000e+00 -1.000000e+00
    outer loop
      vertex   6.376601e+00 2.226951e+01 0.000000e+00
      vertex   6.809202e+00 2.129735e+01 0.000000e+00
      vertex   0.000000e+00 2.500000e+00 0.000000e+00
    endloop
  endfacet
  facet normal 0.000000e+00 0.000000e+00 -1.000000e+00
    outer loop
      vertex   0.000000e+00 2.500000e+00 0.000000e+00
      vertex   6.809202e+00 2.129735e+01 0.000000e+00
      vertex   7.863812e+00 1.970369e+01 0.000000e+00
    endloop
  endfacet
  facet normal 0.000000e+00 0.000000e+00 -1.000000e+00
    outer loop
      vertex   0.000000e+00 2.500000e+00 0.000000e+00
      vertex   7.863812e+00 1.970369e+01 0.000000e+00
      vertex   8.437545e+00 1.895364e+01 0.000000e+00
    endloop
  endfacet
  facet normal 0.000000e+00 -0.000000e+00 -1.000000e+00
    outer loop
      vertex   8.437545e+00 1.895364e+01 0.000000e+00
      vertex   9.066992e+00 1.825970e+01 0.000000e+00
      vertex   0.000000e+00 2.500000e+00 0.000000e+00
    endloop
  endfacet
  facet normal 0.000000e+00 0.000000e+00 -1.000000e+00
    outer loop
      vertex   0.000000e+00 2.500000e+00 0.000000e+00
      vertex   9.066992e+00 1.825970e+01 0.000000e+00
      vertex   9.763943e+00 1.763501e+01 0.000000e+00
    endloop
  endfacet
  facet normal 0.000000e+00 0.000000e+00 -1.000000e+00
    outer loop
      vertex   0.000000e+00 2.500000e+00 0.000000e+00
      vertex   9.763943e+00 1.763501e+01 0.000000e+00
      vertex   1.051638e+01 1.706705e+01 0.000000e+00
    endloop
  endfacet
  facet normal 0.000000e+00 -0.000000e+00 -1.000000e+00
    outer loop
      vertex   1.051638e+01 1.706705e+01 0.000000e+00
      vertex   1.211910e+01 1.602229e+01 0.000000e+00
      vertex   0.000000e+00 2.500000e+00 0.000000e+00
    endloop
  endfacet
  facet normal 0.000000e+00 0.000000e+00 -1.000000e+00
    outer loop
      vertex   0.000000e+00 2.500000e+00 0.000000e+00
      vertex   1.211910e+01 1.602229e+01 0.000000e+00
      vertex   1.334035e+01 1.549304e+01 0.000000e+00
    endloop
  endfacet
  facet normal 0.000000e+00 0.000000e+00 -1.000000e+00
    outer loop
      vertex   0.000000e+00 2.500000e+00 0.000000e+00
      vertex   1.334035e+01 1.549304e+01 0.000000e+00
      vertex   1.453017e+01 1.503115e+01 0.000000e+00
    endloop
  endfacet
  facet normal 0.000000e+00 -0.000000e+00 -1.000000e+00
    outer loop
      vertex   1.453017e+01 1.503115e+01 0.000000e+00
      vertex   1.512954e+01 1.483503e+01 0.000000e+00
      vertex   0.000000e+00 2.500000e+00 0.000000e+00
    endloop
  endfacet
  facet normal 0.000000e+00 0.000000e+00 -1.000000e+00
    outer loop
      vertex   0.000000e+00 2.500000e+00 0.000000e+00
      vertex   1.512954e+01 1.483503e+01 0.000000e+00
      vertex   1.574055e+01 1.466723e+01 0.000000e+00
    endloop
  endfacet
  facet normal -1.043149e-15 1.349505e-15 -1.000000e+00
    outer loop
      vertex   0.000000e+00 2.500000e+00 0.000000e+00
      vertex   1.574055e+01 1.466723e+01 0.000000e+00
      vertex   1.636629e+01 1.453166e+01 -8.356869e-16
    endloop
  endfacet
  facet normal 1.068868e-15 -1.523404e-15 -1.000000e+00
    outer loop
      vertex   1.636629e+01 1.453166e+01 -8.356869e-16
      vertex   1.700000e+01 1.442773e+01 0.000000e+00
      vertex   0.000000e+00 2.500000e+00 0.000000e+00
    endloop
  endfacet
  facet normal 0.000000e+00 0.000000e+00 -1.000000e+00
    outer loop
      vertex   0.000000e+00 2.500000e+00 0.000000e+00
      vertex   1.700000e+01 1.442773e+01 0.000000e+00
      vertex   2.500000e+00 0.000000e+00 0.000000e+00
    endloop
  endfacet
  facet normal 0.000000e+00 0.000000e+00 -1.000000e+00
    outer loop
      vertex   0.000000e+00 2.500000e+00 0.000000e+00
      vertex   2.500000e+00 0.000000e+00 0.000000e+00
      vertex   2.012274e+00 4.803680e-02 0.000000e+00
    endloop
  endfacet
  facet normal 0.000000e+00 0.000000e+00 -1.000000e+00
    outer loop
      vertex   1.700000e+01 1.870293e+01 0.000000e+00
      vertex   2.300000e+01 1.445904e+01 0.000000e+00
      vertex   1.700000e+01 1.442773e+01 0.000000e+00
    endloop
  endfacet
  facet normal 0.000000e+00 0.000000e+00 -1.000000e+00
    outer loop
      vertex   1.700000e+01 1.442773e+01 0.000000e+00
      vertex   2.300000e+01 1.445904e+01 0.000000e+00
      vertex   3.750000e+01 0.000000e+00 0.000000e+00
    endloop
  endfacet
  facet normal 0.000000e+00 -0.000000e+00 -1.000000e+00
    outer loop
      vertex   1.700000e+01 1.442773e+01 0.000000e+00
      vertex   3.750000e+01 0.000000e+00 0.000000e+00
      vertex   2.500000e+00 0.000000e+00 0.000000e+00
    endloop
  endfacet
  facet normal 0.000000e+00 0.000000e+00 -1.000000e+00
    outer loop
      vertex   2.300000e+01 1.445904e+01 0.000000e+00
      vertex   1.700000e+01 1.870293e+01 0.000000e+00
      vertex   2.300000e+01 1.874222e+01 0.000000e+00
    endloop
  endfacet
  facet normal -5.133084e-17 7.839544e-15 -1.000000e+00
    outer loop
      vertex   2.300000e+01 1.874222e+01 0.000000e+00
      vertex   1.700000e+01 1.870293e+01 0.000000e+00
      vertex   1.636521e+01 1.886298e+01 1.287313e-15
    endloop
  endfacet
  facet normal -1.818575e-16 6.684579e-16 -1.000000e+00
    outer loop
      vertex   2.300000e+01 1.874222e+01 0.000000e+00
      vertex   1.636521e+01 1.886298e+01 1.287313e-15
      vertex   2.361495e+01 1.890952e+01 0.000000e+00
    endloop
  endfacet
  facet normal -2.019584e-16 3.800037e-15 -1.000000e+00
    outer loop
      vertex   2.361495e+01 1.890952e+01 0.000000e+00
      vertex   1.636521e+01 1.886298e+01 1.287313e-15
      vertex   1.575094e+01 1.907423e+01 2.214117e-15
    endloop
  endfacet
  facet normal -2.663039e-16 7.279454e-16 -1.000000e+00
    outer loop
      vertex   2.361495e+01 1.890952e+01 0.000000e+00
      vertex   1.575094e+01 1.907423e+01 2.214117e-15
      vertex   2.420905e+01 1.912686e+01 0.000000e+00
    endloop
  endfacet
  facet normal -2.533647e-16 -1.351629e-15 -1.000000e+00
    outer loop
      vertex   2.420905e+01 1.912686e+01 0.000000e+00
      vertex   1.575094e+01 1.907423e+01 2.214117e-15
      vertex   1.516648e+01 1.933849e+01 2.005024e-15
    endloop
  endfacet
  facet normal -2.112541e-16 4.476975e-16 -1.000000e+00
    outer loop
      vertex   2.420905e+01 1.912686e+01 0.000000e+00
      vertex   1.516648e+01 1.933849e+01 2.005024e-15
      vertex   2.477440e+01 1.939363e+01 0.000000e+00
    endloop
  endfacet
  facet normal -1.988414e-16 -1.715101e-15 -1.000000e+00
    outer loop
      vertex   2.477440e+01 1.939363e+01 0.000000e+00
      vertex   1.516648e+01 1.933849e+01 2.005024e-15
      vertex   1.460784e+01 1.964968e+01 1.582379e-15
    endloop
  endfacet
  facet normal -1.572101e-16 -6.211957e-17 -1.000000e+00
    outer loop
      vertex   2.477440e+01 1.939363e+01 0.000000e+00
      vertex   1.460784e+01 1.964968e+01 1.582379e-15
      vertex   1.700000e+01 3.906880e+01 0.000000e+00
    endloop
  endfacet
  facet normal 2.271081e-17 -8.428324e-17 -1.000000e+00
    outer loop
      vertex   1.700000e+01 3.906880e+01 0.000000e+00
      vertex   1.460784e+01 1.964968e+01 1.582379e-15
      vertex   1.637313e+01 3.889989e+01 0.000000e+00
    endloop
  endfacet
  facet normal 3.100755e-17 -8.504407e-17 -1.000000e+00
    outer loop
      vertex   1.637313e+01 3.889989e+01 0.000000e+00
      vertex   1.460784e+01 1.964968e+01 1.582379e-15
      vertex   1.576763e+01 3.867912e+01 0.000000e+00
    endloop
  endfacet
  facet normal 4.077804e-17 -8.563955e-17 -1.000000e+00
    outer loop
      vertex   1.576763e+01 3.867912e+01 0.000000e+00
      vertex   1.460784e+01 1.964968e+01 1.582379e-15
      vertex   1.518985e+01 3.840400e+01 0.000000e+00
    endloop
  endfacet
  facet normal 5.004351e-17 -8.592709e-17 -1.000000e+00
    outer loop
      vertex   1.518985e+01 3.840400e+01 0.000000e+00
      vertex   1.460784e+01 1.964968e+01 1.582379e-15
      vertex   1.463581e+01 3.808134e+01 0.000000e+00
    endloop
  endfacet
  facet normal 5.800971e-17 -8.593918e-17 -1.000000e+00
    outer loop
      vertex   1.463581e+01 3.808134e+01 0.000000e+00
      vertex   1.460784e+01 1.964968e+01 1.582379e-15
      vertex   1.409788e+01 3.771823e+01 0.000000e+00
    endloop
  endfacet
  facet normal 9.257961e-16 -6.144690e-17 -1.000000e+00
    outer loop
      vertex   1.409788e+01 3.771823e+01 0.000000e+00
      vertex   1.460784e+01 1.964968e+01 1.582379e-15
      vertex   1.406522e+01 2.000214e+01 1.058368e-15
    endloop
  endfacet
  facet normal 4.479222e-17 -5.982306e-17 -1.000000e+00
    outer loop
      vertex   1.409788e+01 3.771823e+01 0.000000e+00
      vertex   1.406522e+01 2.000214e+01 1.058368e-15
      vertex   1.356840e+01 3.732178e+01 0.000000e+00
    endloop
  endfacet
  facet normal 9.318785e-16 -3.437628e-17 -1.000000e+00
    outer loop
      vertex   1.356840e+01 3.732178e+01 0.000000e+00
      vertex   1.406522e+01 2.000214e+01 1.058368e-15
      vertex   1.352883e+01 2.039021e+01 5.451764e-16
    endloop
  endfacet
  facet normal 2.620569e-17 -3.226005e-17 -1.000000e+00
    outer loop
      vertex   1.356840e+01 3.732178e+01 0.000000e+00
      vertex   1.352883e+01 2.039021e+01 5.451764e-16
      vertex   1.250421e+01 3.645731e+01 0.000000e+00
    endloop
  endfacet
  facet normal 4.968962e-16 -2.243325e-18 -1.000000e+00
    outer loop
      vertex   1.250421e+01 3.645731e+01 0.000000e+00
      vertex   1.352883e+01 2.039021e+01 5.451764e-16
      vertex   1.243555e+01 2.125050e+01 0.000000e+00
    endloop
  endfacet
  facet normal -5.281405e-16 2.384383e-18 -1.000000e+00
    outer loop
      vertex   1.250421e+01 3.645731e+01 0.000000e+00
      vertex   1.243555e+01 2.125050e+01 0.000000e+00
      vertex   1.184424e+01 3.560145e+01 3.465145e-16
    endloop
  endfacet
  facet normal 3.375615e-17 2.553663e-17 -1.000000e+00
    outer loop
      vertex   1.184424e+01 3.560145e+01 3.465145e-16
      vertex   1.243555e+01 2.125050e+01 0.000000e+00
      vertex   1.176966e+01 2.213072e+01 0.000000e+00
    endloop
  endfacet
  facet normal -1.308448e-15 3.296765e-17 -1.000000e+00
    outer loop
      vertex   1.184424e+01 3.560145e+01 3.465145e-16
      vertex   1.176966e+01 2.213072e+01 0.000000e+00
      vertex   1.124014e+01 3.475600e+01 1.109076e-15
    endloop
  endfacet
  facet normal 1.336511e-16 9.345113e-17 -1.000000e+00
    outer loop
      vertex   1.124014e+01 3.475600e+01 1.109076e-15
      vertex   1.176966e+01 2.213072e+01 0.000000e+00
      vertex   1.117180e+01 2.298576e+01 0.000000e+00
    endloop
  endfacet
  facet normal 1.586687e-16 9.330588e-17 -1.000000e+00
    outer loop
      vertex   1.124014e+01 3.475600e+01 1.109076e-15
      vertex   1.117180e+01 2.298576e+01 0.000000e+00
      vertex   1.066089e+01 2.385459e+01 0.000000e+00
    endloop
  endfacet
  facet normal 0.000000e+00 0.000000e+00 -1.000000e+00
    outer loop
      vertex   1.044394e+01 2.430635e+01 0.000000e+00
      vertex   9.795999e+00 2.678681e+01 0.000000e+00
      vertex   1.066089e+01 2.385459e+01 0.000000e+00
    endloop
  endfacet
  facet normal 0.000000e+00 0.000000e+00 -1.000000e+00
    outer loop
      vertex   1.066089e+01 2.385459e+01 0.000000e+00
      vertex   9.795999e+00 2.678681e+01 0.000000e+00
      vertex   9.687958e+00 2.783837e+01 0.000000e+00
    endloop
  endfacet
  facet normal 3.421361e-16 8.355718e-17 -1.000000e+00
    outer loop
      vertex   1.066089e+01 2.385459e+01 0.000000e+00
      vertex   9.687958e+00 2.783837e+01 0.000000e+00
      vertex   1.124014e+01 3.475600e+01 1.109076e-15
    endloop
  endfacet
  facet normal -1.694992e-17 1.641292e-16 -1.000000e+00
    outer loop
      vertex   1.124014e+01 3.475600e+01 1.109076e-15
      vertex   9.687958e+00 2.783837e+01 0.000000e+00
      vertex   9.698645e+00 2.995595e+01 3.473757e-16
    endloop
  endfacet
  facet normal -2.786465e-15 1.053537e-15 -1.000000e+00
    outer loop
      vertex   1.124014e+01 3.475600e+01 1.109076e-15
      vertex   9.698645e+00 2.995595e+01 3.473757e-16
      vertex   9.817401e+00 3.099522e+01 1.111372e-15
    endloop
  endfacet
  facet normal 0.000000e+00 0.000000e+00 -1.000000e+00
    outer loop
      vertex   1.044394e+01 2.430635e+01 0.000000e+00
      vertex   1.025581e+01 2.477618e+01 0.000000e+00
      vertex   9.795999e+00 2.678681e+01 0.000000e+00
    endloop
  endfacet
  facet normal 0.000000e+00 0.000000e+00 -1.000000e+00
    outer loop
      vertex   9.795999e+00 2.678681e+01 0.000000e+00
      vertex   1.025581e+01 2.477618e+01 0.000000e+00
      vertex   1.009951e+01 2.526315e+01 0.000000e+00
    endloop
  endfacet
  facet normal 0.000000e+00 0.000000e+00 -1.000000e+00
    outer loop
      vertex   9.795999e+00 2.678681e+01 0.000000e+00
      vertex   1.009951e+01 2.526315e+01 0.000000e+00
      vertex   9.973677e+00 2.576168e+01 0.000000e+00
    endloop
  endfacet
  facet normal 2.222367e-15 1.528287e-16 -1.000000e+00
    outer loop
      vertex   9.687958e+00 2.783837e+01 0.000000e+00
      vertex   9.614736e+00 2.890314e+01 0.000000e+00
      vertex   9.698645e+00 2.995595e+01 3.473757e-16
    endloop
  endfacet
  facet normal -3.790827e-15 1.460034e-15 -1.000000e+00
    outer loop
      vertex   1.000585e+01 3.200739e+01 1.874793e-15
      vertex   1.049305e+01 3.344314e+01 2.124156e-15
      vertex   9.817401e+00 3.099522e+01 1.111372e-15
    endloop
  endfacet
  facet normal -4.379159e-15 1.622419e-15 -1.000000e+00
    outer loop
      vertex   9.817401e+00 3.099522e+01 1.111372e-15
      vertex   1.049305e+01 3.344314e+01 2.124156e-15
      vertex   1.071673e+01 3.389161e+01 1.872210e-15
    endloop
  endfacet
  facet normal -3.882914e-15 1.468334e-15 -1.000000e+00
    outer loop
      vertex   9.817401e+00 3.099522e+01 1.111372e-15
      vertex   1.071673e+01 3.389161e+01 1.872210e-15
      vertex   1.124014e+01 3.475600e+01 1.109076e-15
    endloop
  endfacet
  facet normal -4.655613e-15 1.753484e-15 -1.000000e+00
    outer loop
      vertex   1.000585e+01 3.200739e+01 1.874793e-15
      vertex   1.013710e+01 3.249908e+01 2.125914e-15
      vertex   1.049305e+01 3.344314e+01 2.124156e-15
    endloop
  endfacet
  facet normal -4.976344e-15 1.874412e-15 -1.000000e+00
    outer loop
      vertex   1.049305e+01 3.344314e+01 2.124156e-15
      vertex   1.013710e+01 3.249908e+01 2.125914e-15
      vertex   1.029884e+01 3.297892e+01 2.220443e-15
    endloop
  endfacet
  facet normal 0.000000e+00 0.000000e+00 -1.000000e+00
    outer loop
      vertex   1.700000e+01 4.427881e+01 0.000000e+00
      vertex   1.632679e+01 4.457604e+01 0.000000e+00
      vertex   1.700000e+01 6.109887e+01 0.000000e+00
    endloop
  endfacet
  facet normal 0.000000e+00 0.000000e+00 -1.000000e+00
    outer loop
      vertex   1.700000e+01 6.109887e+01 0.000000e+00
      vertex   1.632679e+01 4.457604e+01 0.000000e+00
      vertex   1.655516e+01 6.093534e+01 0.000000e+00
    endloop
  endfacet
  facet normal 0.000000e+00 0.000000e+00 -1.000000e+00
    outer loop
      vertex   1.655516e+01 6.093534e+01 0.000000e+00
      vertex   1.632679e+01 4.457604e+01 0.000000e+00
      vertex   1.612743e+01 6.073526e+01 0.000000e+00
    endloop
  endfacet
  facet normal 0.000000e+00 -0.000000e+00 -1.000000e+00
    outer loop
      vertex   1.612743e+01 6.073526e+01 0.000000e+00
      vertex   1.632679e+01 4.457604e+01 0.000000e+00
      vertex   1.571549e+01 6.050249e+01 0.000000e+00
    endloop
  endfacet
  facet normal 0.000000e+00 -0.000000e+00 -1.000000e+00
    outer loop
      vertex   1.571549e+01 6.050249e+01 0.000000e+00
      vertex   1.632679e+01 4.457604e+01 0.000000e+00
      vertex   1.566178e+01 4.490348e+01 0.000000e+00
    endloop
  endfacet
  facet normal 0.000000e+00 0.000000e+00 -1.000000e+00
    outer loop
      vertex   1.571549e+01 6.050249e+01 0.000000e+00
      vertex   1.566178e+01 4.490348e+01 0.000000e+00
      vertex   1.531577e+01 6.024170e+01 0.000000e+00
    endloop
  endfacet
  facet normal 0.000000e+00 -0.000000e+00 -1.000000e+00
    outer loop
      vertex   1.531577e+01 6.024170e+01 0.000000e+00
      vertex   1.566178e+01 4.490348e+01 0.000000e+00
      vertex   1.471644e+01 4.555944e+01 0.000000e+00
    endloop
  endfacet
  facet normal 0.000000e+00 0.000000e+00 -1.000000e+00
    outer loop
      vertex   1.531577e+01 6.024170e+01 0.000000e+00
      vertex   1.471644e+01 4.555944e+01 0.000000e+00
      vertex   1.453873e+01 5.965465e+01 0.000000e+00
    endloop
  endfacet
  facet normal 0.000000e+00 -0.000000e+00 -1.000000e+00
    outer loop
      vertex   1.453873e+01 5.965465e+01 0.000000e+00
      vertex   1.471644e+01 4.555944e+01 0.000000e+00
      vertex   1.427070e+01 4.591158e+01 0.000000e+00
    endloop
  endfacet
  facet normal 0.000000e+00 0.000000e+00 -1.000000e+00
    outer loop
      vertex   1.453873e+01 5.965465e+01 0.000000e+00
      vertex   1.427070e+01 4.591158e+01 0.000000e+00
      vertex   1.385508e+01 4.629416e+01 0.000000e+00
    endloop
  endfacet
  facet normal 0.000000e+00 0.000000e+00 -1.000000e+00
    outer loop
      vertex   1.347607e+01 4.671392e+01 0.000000e+00
      vertex   1.320987e+01 5.828454e+01 0.000000e+00
      vertex   1.385508e+01 4.629416e+01 0.000000e+00
    endloop
  endfacet
  facet normal 0.000000e+00 0.000000e+00 -1.000000e+00
    outer loop
      vertex   1.385508e+01 4.629416e+01 0.000000e+00
      vertex   1.320987e+01 5.828454e+01 0.000000e+00
      vertex   1.376779e+01 5.901133e+01 0.000000e+00
    endloop
  endfacet
  facet normal 0.000000e+00 0.000000e+00 -1.000000e+00
    outer loop
      vertex   1.385508e+01 4.629416e+01 0.000000e+00
      vertex   1.376779e+01 5.901133e+01 0.000000e+00
      vertex   1.453873e+01 5.965465e+01 0.000000e+00
    endloop
  endfacet
  facet normal 0.000000e+00 0.000000e+00 -1.000000e+00
    outer loop
      vertex   1.347607e+01 4.671392e+01 0.000000e+00
      vertex   1.312735e+01 4.716373e+01 0.000000e+00
      vertex   1.320987e+01 5.828454e+01 0.000000e+00
    endloop
  endfacet
  facet normal 0.000000e+00 0.000000e+00 -1.000000e+00
    outer loop
      vertex   1.320987e+01 5.828454e+01 0.000000e+00
      vertex   1.312735e+01 4.716373e+01 0.000000e+00
      vertex   1.269758e+01 5.756477e+01 0.000000e+00
    endloop
  endfacet
  facet normal 0.000000e+00 -0.000000e+00 -1.000000e+00
    outer loop
      vertex   1.269758e+01 5.756477e+01 0.000000e+00
      vertex   1.312735e+01 4.716373e+01 0.000000e+00
      vertex   1.248040e+01 4.811342e+01 0.000000e+00
    endloop
  endfacet
  facet normal 0.000000e+00 0.000000e+00 -1.000000e+00
    outer loop
      vertex   1.269758e+01 5.756477e+01 0.000000e+00
      vertex   1.248040e+01 4.811342e+01 0.000000e+00
      vertex   1.225277e+01 5.682844e+01 0.000000e+00
    endloop
  endfacet
  facet normal 0.000000e+00 -0.000000e+00 -1.000000e+00
    outer loop
      vertex   1.225277e+01 5.682844e+01 0.000000e+00
      vertex   1.248040e+01 4.811342e+01 0.000000e+00
      vertex   1.198154e+01 4.918316e+01 0.000000e+00
    endloop
  endfacet
  facet normal 0.000000e+00 0.000000e+00 -1.000000e+00
    outer loop
      vertex   1.225277e+01 5.682844e+01 0.000000e+00
      vertex   1.198154e+01 4.918316e+01 0.000000e+00
      vertex   1.148684e+01 5.436661e+01 0.000000e+00
    endloop
  endfacet
  facet normal 0.000000e+00 -0.000000e+00 -1.000000e+00
    outer loop
      vertex   1.148684e+01 5.436661e+01 0.000000e+00
      vertex   1.198154e+01 4.918316e+01 0.000000e+00
      vertex   1.138493e+01 5.348388e+01 0.000000e+00
    endloop
  endfacet
  facet normal 0.000000e+00 0.000000e+00 -1.000000e+00
    outer loop
      vertex   1.138493e+01 5.348388e+01 0.000000e+00
      vertex   1.198154e+01 4.918316e+01 0.000000e+00
      vertex   1.176967e+01 4.972222e+01 0.000000e+00
    endloop
  endfacet
  facet normal 0.000000e+00 0.000000e+00 -1.000000e+00
    outer loop
      vertex   1.138493e+01 5.348388e+01 0.000000e+00
      vertex   1.176967e+01 4.972222e+01 0.000000e+00
      vertex   1.159938e+01 5.027349e+01 0.000000e+00
    endloop
  endfacet
  facet normal 0.000000e+00 0.000000e+00 -1.000000e+00
    outer loop
      vertex   1.159938e+01 5.027349e+01 0.000000e+00
      vertex   1.147934e+01 5.083987e+01 0.000000e+00
      vertex   1.138493e+01 5.348388e+01 0.000000e+00
    endloop
  endfacet
  facet normal 0.000000e+00 0.000000e+00 -1.000000e+00
    outer loop
      vertex   1.138493e+01 5.348388e+01 0.000000e+00
      vertex   1.147934e+01 5.083987e+01 0.000000e+00
      vertex   1.140072e+01 5.141711e+01 0.000000e+00
    endloop
  endfacet
  facet normal 0.000000e+00 -0.000000e+00 -1.000000e+00
    outer loop
      vertex   1.138493e+01 5.348388e+01 0.000000e+00
      vertex   1.140072e+01 5.141711e+01 0.000000e+00
      vertex   1.131254e+01 5.258970e+01 0.000000e+00
    endloop
  endfacet
  facet normal 0.000000e+00 0.000000e+00 -1.000000e+00
    outer loop
      vertex   1.148684e+01 5.436661e+01 0.000000e+00
      vertex   1.164777e+01 5.522645e+01 0.000000e+00
      vertex   1.225277e+01 5.682844e+01 0.000000e+00
    endloop
  endfacet
  facet normal 0.000000e+00 0.000000e+00 -1.000000e+00
    outer loop
      vertex   1.225277e+01 5.682844e+01 0.000000e+00
      vertex   1.164777e+01 5.522645e+01 0.000000e+00
      vertex   1.189726e+01 5.605194e+01 0.000000e+00
    endloop
  endfacet
  facet normal 6.247858e-15 2.951469e-16 -1.000000e+00
    outer loop
      vertex   2.804409e+01 4.107032e+01 -1.178625e-15
      vertex   2.809459e+01 4.278097e+01 -3.581598e-16
      vertex   2.816394e+01 4.100408e+01 -4.493162e-16
    endloop
  endfacet
  facet normal 6.725192e-16 7.754855e-17 -1.000000e+00
    outer loop
      vertex   2.816394e+01 4.100408e+01 -4.493162e-16
      vertex   2.809459e+01 4.278097e+01 -3.581598e-16
      vertex   2.859246e+01 4.308185e+01 0.000000e+00
    endloop
  endfacet
  facet normal 7.274737e-16 6.621475e-17 -1.000000e+00
    outer loop
      vertex   2.816394e+01 4.100408e+01 -4.493162e-16
      vertex   2.859246e+01 4.308185e+01 0.000000e+00
      vertex   2.881115e+01 4.067926e+01 0.000000e+00
    endloop
  endfacet
  facet normal 0.000000e+00 0.000000e+00 -1.000000e+00
    outer loop
      vertex   2.881115e+01 4.067926e+01 0.000000e+00
      vertex   2.859246e+01 4.308185e+01 0.000000e+00
      vertex   2.906685e+01 4.341539e+01 0.000000e+00
    endloop
  endfacet
  facet normal 0.000000e+00 0.000000e+00 -1.000000e+00
    outer loop
      vertex   2.881115e+01 4.067926e+01 0.000000e+00
      vertex   2.906685e+01 4.341539e+01 0.000000e+00
      vertex   2.942973e+01 4.031161e+01 0.000000e+00
    endloop
  endfacet
  facet normal 0.000000e+00 0.000000e+00 -1.000000e+00
    outer loop
      vertex   2.942973e+01 4.031161e+01 0.000000e+00
      vertex   2.906685e+01 4.341539e+01 0.000000e+00
      vertex   2.951392e+01 4.378728e+01 0.000000e+00
    endloop
  endfacet
  facet normal 0.000000e+00 0.000000e+00 -1.000000e+00
    outer loop
      vertex   2.942973e+01 4.031161e+01 0.000000e+00
      vertex   2.951392e+01 4.378728e+01 0.000000e+00
      vertex   3.001603e+01 3.988842e+01 0.000000e+00
    endloop
  endfacet
  facet normal 0.000000e+00 0.000000e+00 -1.000000e+00
    outer loop
      vertex   3.001603e+01 3.988842e+01 0.000000e+00
      vertex   2.951392e+01 4.378728e+01 0.000000e+00
      vertex   2.993477e+01 4.419280e+01 0.000000e+00
    endloop
  endfacet
  facet normal 0.000000e+00 0.000000e+00 -1.000000e+00
    outer loop
      vertex   3.001603e+01 3.988842e+01 0.000000e+00
      vertex   2.993477e+01 4.419280e+01 0.000000e+00
      vertex   3.056634e+01 3.941272e+01 0.000000e+00
    endloop
  endfacet
  facet normal 0.000000e+00 0.000000e+00 -1.000000e+00
    outer loop
      vertex   3.056634e+01 3.941272e+01 0.000000e+00
      vertex   2.993477e+01 4.419280e+01 0.000000e+00
      vertex   3.071873e+01 4.507776e+01 0.000000e+00
    endloop
  endfacet
  facet normal 0.000000e+00 0.000000e+00 -1.000000e+00
    outer loop
      vertex   3.056634e+01 3.941272e+01 0.000000e+00
      vertex   3.071873e+01 4.507776e+01 0.000000e+00
      vertex   3.108678e+01 3.889532e+01 0.000000e+00
    endloop
  endfacet
  facet normal 0.000000e+00 0.000000e+00 -1.000000e+00
    outer loop
      vertex   3.108678e+01 3.889532e+01 0.000000e+00
      vertex   3.071873e+01 4.507776e+01 0.000000e+00
      vertex   3.146067e+01 4.601647e+01 0.000000e+00
    endloop
  endfacet
  facet normal 0.000000e+00 0.000000e+00 -1.000000e+00
    outer loop
      vertex   3.108678e+01 3.889532e+01 0.000000e+00
      vertex   3.146067e+01 4.601647e+01 0.000000e+00
      vertex   3.158483e+01 3.834666e+01 0.000000e+00
    endloop
  endfacet
  facet normal 0.000000e+00 0.000000e+00 -1.000000e+00
    outer loop
      vertex   3.158483e+01 3.834666e+01 0.000000e+00
      vertex   3.146067e+01 4.601647e+01 0.000000e+00
      vertex   3.254360e+01 3.719721e+01 0.000000e+00
    endloop
  endfacet
  facet normal 1.062239e-15 1.304335e-16 -1.000000e+00
    outer loop
      vertex   3.254360e+01 3.719721e+01 0.000000e+00
      vertex   3.146067e+01 4.601647e+01 0.000000e+00
      vertex   3.231359e+01 4.758215e+01 1.110223e-15
    endloop
  endfacet
  facet normal 1.881920e-16 1.110751e-16 -1.000000e+00
    outer loop
      vertex   3.254360e+01 3.719721e+01 0.000000e+00
      vertex   3.231359e+01 4.758215e+01 1.110223e-15
      vertex   3.309234e+01 3.626748e+01 0.000000e+00
    endloop
  endfacet
  facet normal 1.621862e-15 2.097501e-16 -1.000000e+00
    outer loop
      vertex   3.309234e+01 3.626748e+01 0.000000e+00
      vertex   3.231359e+01 4.758215e+01 1.110223e-15
      vertex   3.268068e+01 4.838270e+01 1.873501e-15
    endloop
  endfacet
  facet normal 2.982749e-16 1.647755e-16 -1.000000e+00
    outer loop
      vertex   3.309234e+01 3.626748e+01 0.000000e+00
      vertex   3.268068e+01 4.838270e+01 1.873501e-15
      vertex   3.360869e+01 3.533280e+01 0.000000e+00
    endloop
  endfacet
  facet normal 6.458067e-16 1.894893e-16 -1.000000e+00
    outer loop
      vertex   3.360869e+01 3.533280e+01 0.000000e+00
      vertex   3.268068e+01 4.838270e+01 1.873501e-15
      vertex   3.297669e+01 4.920480e+01 2.220446e-15
    endloop
  endfacet
  facet normal 3.693694e-16 1.768950e-16 -1.000000e+00
    outer loop
      vertex   3.360869e+01 3.533280e+01 0.000000e+00
      vertex   3.297669e+01 4.920480e+01 2.220446e-15
      vertex   3.406445e+01 3.438114e+01 0.000000e+00
    endloop
  endfacet
  facet normal -1.746462e-15 2.163535e-17 -1.000000e+00
    outer loop
      vertex   3.406445e+01 3.438114e+01 0.000000e+00
      vertex   3.297669e+01 4.920480e+01 2.220446e-15
      vertex   3.318585e+01 5.005326e+01 1.873501e-15
    endloop
  endfacet
  facet normal 3.757215e-16 1.406070e-16 -1.000000e+00
    outer loop
      vertex   3.406445e+01 3.438114e+01 0.000000e+00
      vertex   3.318585e+01 5.005326e+01 1.873501e-15
      vertex   3.443145e+01 3.340047e+01 0.000000e+00
    endloop
  endfacet
  facet normal -4.238617e-15 -2.045358e-16 -1.000000e+00
    outer loop
      vertex   3.443145e+01 3.340047e+01 0.000000e+00
      vertex   3.318585e+01 5.005326e+01 1.873501e-15
      vertex   3.332395e+01 5.092321e+01 1.110223e-15
    endloop
  endfacet
  facet normal 3.304581e-16 8.424505e-17 -1.000000e+00
    outer loop
      vertex   3.443145e+01 3.340047e+01 0.000000e+00
      vertex   3.332395e+01 5.092321e+01 1.110223e-15
      vertex   3.469052e+01 3.238423e+01 0.000000e+00
    endloop
  endfacet
  facet normal -4.214793e-15 -2.508006e-16 -1.000000e+00
    outer loop
      vertex   3.469052e+01 3.238423e+01 0.000000e+00
      vertex   3.332395e+01 5.092321e+01 1.110223e-15
      vertex   3.348170e+01 5.269894e+01 0.000000e+00
    endloop
  endfacet
  facet normal 0.000000e+00 0.000000e+00 -1.000000e+00
    outer loop
      vertex   3.469052e+01 3.238423e+01 0.000000e+00
      vertex   3.348170e+01 5.269894e+01 0.000000e+00
      vertex   4.000000e+01 7.750000e+01 0.000000e+00
    endloop
  endfacet
  facet normal -1.869985e-15 4.914760e-16 -1.000000e+00
    outer loop
      vertex   4.000000e+01 7.750000e+01 0.000000e+00
      vertex   3.348170e+01 5.269894e+01 0.000000e+00
      vertex   3.334876e+01 5.445246e+01 1.110398e-15
    endloop
  endfacet
  facet normal -2.187730e-15 5.831734e-16 -1.000000e+00
    outer loop
      vertex   4.000000e+01 7.750000e+01 0.000000e+00
      vertex   3.334876e+01 5.445246e+01 1.110398e-15
      vertex   3.322985e+01 5.531525e+01 1.873698e-15
    endloop
  endfacet
  facet normal -3.388009e-16 4.896257e-16 -1.000000e+00
    outer loop
      vertex   2.809459e+01 4.278097e+01 -3.581598e-16
      vertex   2.804409e+01 4.107032e+01 -1.178625e-15
      vertex   2.798033e+01 4.270564e+01 -3.563313e-16
    endloop
  endfacet
  facet normal -4.990974e-15 3.082555e-16 -1.000000e+00
    outer loop
      vertex   2.798033e+01 4.270564e+01 -3.563313e-16
      vertex   2.804409e+01 4.107032e+01 -1.178625e-15
      vertex   2.793448e+01 4.115225e+01 -6.063111e-16
    endloop
  endfacet
  facet normal 1.253174e-15 1.239329e-16 -1.000000e+00
    outer loop
      vertex   2.798033e+01 4.270564e+01 -3.563313e-16
      vertex   2.793448e+01 4.115225e+01 -6.063111e-16
      vertex   2.787761e+01 4.261560e+01 -4.962154e-16
    endloop
  endfacet
  facet normal -4.687147e-16 5.702149e-17 -1.000000e+00
    outer loop
      vertex   2.787761e+01 4.261560e+01 -4.962154e-16
      vertex   2.793448e+01 4.115225e+01 -6.063111e-16
      vertex   2.783695e+01 4.124852e+01 -5.551115e-16
    endloop
  endfacet
  facet normal 6.284635e-16 2.439107e-17 -1.000000e+00
    outer loop
      vertex   2.787761e+01 4.261560e+01 -4.962154e-16
      vertex   2.783695e+01 4.124852e+01 -5.551115e-16
      vertex   2.778791e+01 4.251213e+01 -5.551115e-16
    endloop
  endfacet
  facet normal 0.000000e+00 -0.000000e+00 -1.000000e+00
    outer loop
      vertex   2.778791e+01 4.251213e+01 -5.551115e-16
      vertex   2.783695e+01 4.124852e+01 -5.551115e-16
      vertex   2.775363e+01 4.135704e+01 -5.551115e-16
    endloop
  endfacet
  facet normal 0.000000e+00 0.000000e+00 -1.000000e+00
    outer loop
      vertex   2.778791e+01 4.251213e+01 -5.551115e-16
      vertex   2.775363e+01 4.135704e+01 -5.551115e-16
      vertex   2.771327e+01 4.239752e+01 -5.551115e-16
    endloop
  endfacet
  facet normal 0.000000e+00 -0.000000e+00 -1.000000e+00
    outer loop
      vertex   2.771327e+01 4.239752e+01 -5.551115e-16
      vertex   2.775363e+01 4.135704e+01 -5.551115e-16
      vertex   2.768581e+01 4.147610e+01 -5.551115e-16
    endloop
  endfacet
  facet normal 0.000000e+00 0.000000e+00 -1.000000e+00
    outer loop
      vertex   2.771327e+01 4.239752e+01 -5.551115e-16
      vertex   2.768581e+01 4.147610e+01 -5.551115e-16
      vertex   2.765503e+01 4.227395e+01 -5.551115e-16
    endloop
  endfacet
  facet normal 0.000000e+00 -0.000000e+00 -1.000000e+00
    outer loop
      vertex   2.765503e+01 4.227395e+01 -5.551115e-16
      vertex   2.768581e+01 4.147610e+01 -5.551115e-16
      vertex   2.763500e+01 4.160300e+01 -5.551115e-16
    endloop
  endfacet
  facet normal 0.000000e+00 0.000000e+00 -1.000000e+00
    outer loop
      vertex   2.765503e+01 4.227395e+01 -5.551115e-16
      vertex   2.763500e+01 4.160300e+01 -5.551115e-16
      vertex   2.761408e+01 4.214322e+01 -5.551115e-16
    endloop
  endfacet
  facet normal 0.000000e+00 -0.000000e+00 -1.000000e+00
    outer loop
      vertex   2.761408e+01 4.214322e+01 -5.551115e-16
      vertex   2.763500e+01 4.160300e+01 -5.551115e-16
      vertex   2.760198e+01 4.173561e+01 -5.551115e-16
    endloop
  endfacet
  facet normal 0.000000e+00 0.000000e+00 -1.000000e+00
    outer loop
      vertex   2.761408e+01 4.214322e+01 -5.551115e-16
      vertex   2.760198e+01 4.173561e+01 -5.551115e-16
      vertex   2.759141e+01 4.200841e+01 -5.551115e-16
    endloop
  endfacet
  facet normal 0.000000e+00 -0.000000e+00 -1.000000e+00
    outer loop
      vertex   2.759141e+01 4.200841e+01 -5.551115e-16
      vertex   2.760198e+01 4.173561e+01 -5.551115e-16
      vertex   2.758733e+01 4.187183e+01 -5.551115e-16
    endloop
  endfacet
  facet normal -9.504022e-16 2.055766e-16 -1.000000e+00
    outer loop
      vertex   3.322985e+01 5.531525e+01 1.873698e-15
      vertex   3.304800e+01 5.616125e+01 2.220446e-15
      vertex   4.000000e+01 7.750000e+01 0.000000e+00
    endloop
  endfacet
  facet normal 4.973200e-16 -2.660800e-16 -1.000000e+00
    outer loop
      vertex   4.000000e+01 7.750000e+01 0.000000e+00
      vertex   3.304800e+01 5.616125e+01 2.220446e-15
      vertex   3.278994e+01 5.698356e+01 1.873304e-15
    endloop
  endfacet
  facet normal 1.143175e-15 -4.930518e-16 -1.000000e+00
    outer loop
      vertex   4.000000e+01 7.750000e+01 0.000000e+00
      vertex   3.278994e+01 5.698356e+01 1.873304e-15
      vertex   3.246867e+01 5.778671e+01 1.110048e-15
    endloop
  endfacet
  facet normal 7.459813e-16 -3.413068e-16 -1.000000e+00
    outer loop
      vertex   3.246867e+01 5.778671e+01 1.110048e-15
      vertex   3.171048e+01 5.938191e+01 0.000000e+00
      vertex   4.000000e+01 7.750000e+01 0.000000e+00
    endloop
  endfacet
  facet normal 0.000000e+00 0.000000e+00 -1.000000e+00
    outer loop
      vertex   4.000000e+01 7.750000e+01 0.000000e+00
      vertex   3.171048e+01 5.938191e+01 0.000000e+00
      vertex   3.071687e+01 6.079759e+01 0.000000e+00
    endloop
  endfacet
  facet normal 0.000000e+00 0.000000e+00 -1.000000e+00
    outer loop
      vertex   4.000000e+01 7.750000e+01 0.000000e+00
      vertex   3.071687e+01 6.079759e+01 0.000000e+00
      vertex   3.018251e+01 6.146417e+01 0.000000e+00
    endloop
  endfacet
  facet normal 0.000000e+00 0.000000e+00 -1.000000e+00
    outer loop
      vertex   3.018251e+01 6.146417e+01 0.000000e+00
      vertex   2.960164e+01 6.208337e+01 0.000000e+00
      vertex   4.000000e+01 7.750000e+01 0.000000e+00
    endloop
  endfacet
  facet normal 0.000000e+00 0.000000e+00 -1.000000e+00
    outer loop
      vertex   4.000000e+01 7.750000e+01 0.000000e+00
      vertex   2.960164e+01 6.208337e+01 0.000000e+00
      vertex   2.896398e+01 6.264486e+01 0.000000e+00
    endloop
  endfacet
  facet normal 0.000000e+00 0.000000e+00 -1.000000e+00
    outer loop
      vertex   4.000000e+01 7.750000e+01 0.000000e+00
      vertex   2.896398e+01 6.264486e+01 0.000000e+00
      vertex   2.828020e+01 6.315882e+01 0.000000e+00
    endloop
  endfacet
  facet normal 0.000000e+00 0.000000e+00 -1.000000e+00
    outer loop
      vertex   2.828020e+01 6.315882e+01 0.000000e+00
      vertex   2.683581e+01 6.410749e+01 0.000000e+00
      vertex   4.000000e+01 7.750000e+01 0.000000e+00
    endloop
  endfacet
  facet normal 0.000000e+00 0.000000e+00 -1.000000e+00
    outer loop
      vertex   4.000000e+01 7.750000e+01 0.000000e+00
      vertex   2.683581e+01 6.410749e+01 0.000000e+00
      vertex   2.588276e+01 6.454130e+01 0.000000e+00
    endloop
  endfacet
  facet normal 0.000000e+00 0.000000e+00 -1.000000e+00
    outer loop
      vertex   4.000000e+01 7.750000e+01 0.000000e+00
      vertex   2.588276e+01 6.454130e+01 0.000000e+00
      vertex   2.493965e+01 6.493528e+01 0.000000e+00
    endloop
  endfacet
  facet normal 0.000000e+00 0.000000e+00 -1.000000e+00
    outer loop
      vertex   2.493965e+01 6.493528e+01 0.000000e+00
      vertex   2.398493e+01 6.526418e+01 0.000000e+00
      vertex   4.000000e+01 7.750000e+01 0.000000e+00
    endloop
  endfacet
  facet normal 0.000000e+00 0.000000e+00 -1.000000e+00
    outer loop
      vertex   4.000000e+01 7.750000e+01 0.000000e+00
      vertex   2.398493e+01 6.526418e+01 0.000000e+00
      vertex   2.300000e+01 6.550345e+01 0.000000e+00
    endloop
  endfacet
  facet normal 0.000000e+00 0.000000e+00 -1.000000e+00
    outer loop
      vertex   2.300000e+01 4.426486e+01 0.000000e+00
      vertex   2.300000e+01 6.106052e+01 0.000000e+00
      vertex   2.342786e+01 4.443498e+01 0.000000e+00
    endloop
  endfacet
  facet normal 5.148496e-15 1.324974e-16 -1.000000e+00
    outer loop
      vertex   2.342786e+01 4.443498e+01 0.000000e+00
      vertex   2.300000e+01 6.106052e+01 0.000000e+00
      vertex   2.343424e+01 6.089261e+01 2.213418e-15
    endloop
  endfacet
  facet normal -6.663111e-17 1.345177e-16 -1.000000e+00
    outer loop
      vertex   2.342786e+01 4.443498e+01 0.000000e+00
      vertex   2.343424e+01 6.089261e+01 2.213418e-15
      vertex   2.384119e+01 4.463971e+01 0.000000e+00
    endloop
  endfacet
  facet normal -3.339016e-16 1.278256e-16 -1.000000e+00
    outer loop
      vertex   2.384119e+01 4.463971e+01 0.000000e+00
      vertex   2.343424e+01 6.089261e+01 2.213418e-15
      vertex   2.385247e+01 6.068988e+01 2.047853e-15
    endloop
  endfacet
  facet normal -7.991938e-17 1.276470e-16 -1.000000e+00
    outer loop
      vertex   2.384119e+01 4.463971e+01 0.000000e+00
      vertex   2.385247e+01 6.068988e+01 2.047853e-15
      vertex   2.463192e+01 4.513479e+01 0.000000e+00
    endloop
  endfacet
  facet normal -9.034223e-16 8.638206e-17 -1.000000e+00
    outer loop
      vertex   2.463192e+01 4.513479e+01 0.000000e+00
      vertex   2.385247e+01 6.068988e+01 2.047853e-15
      vertex   2.464977e+01 6.019690e+01 1.284973e-15
    endloop
  endfacet
  facet normal -6.493926e-17 8.538857e-17 -1.000000e+00
    outer loop
      vertex   2.463192e+01 4.513479e+01 0.000000e+00
      vertex   2.464977e+01 6.019690e+01 1.284973e-15
      vertex   2.538894e+01 4.571051e+01 0.000000e+00
    endloop
  endfacet
  facet normal -1.113441e-15 3.188893e-17 -1.000000e+00
    outer loop
      vertex   2.538894e+01 4.571051e+01 0.000000e+00
      vertex   2.464977e+01 6.019690e+01 1.284973e-15
      vertex   2.541457e+01 5.961787e+01 4.149473e-16
    endloop
  endfacet
  facet normal -2.487167e-17 2.988237e-17 -1.000000e+00
    outer loop
      vertex   2.538894e+01 4.571051e+01 0.000000e+00
      vertex   2.541457e+01 5.961787e+01 4.149473e-16
      vertex   2.612923e+01 4.632667e+01 0.000000e+00
    endloop
  endfacet
  facet normal -5.473883e-16 1.787116e-18 -1.000000e+00
    outer loop
      vertex   2.612923e+01 4.632667e+01 0.000000e+00
      vertex   2.541457e+01 5.961787e+01 4.149473e-16
      vertex   2.617057e+01 5.898953e+01 0.000000e+00
    endloop
  endfacet
  facet normal 0.000000e+00 0.000000e+00 -1.000000e+00
    outer loop
      vertex   2.612923e+01 4.632667e+01 0.000000e+00
      vertex   2.617057e+01 5.898953e+01 0.000000e+00
      vertex   2.668500e+01 4.701591e+01 0.000000e+00
    endloop
  endfacet
  facet normal 0.000000e+00 0.000000e+00 -1.000000e+00
    outer loop
      vertex   2.668500e+01 4.701591e+01 0.000000e+00
      vertex   2.617057e+01 5.898953e+01 0.000000e+00
      vertex   2.673259e+01 5.827208e+01 0.000000e+00
    endloop
  endfacet
  facet normal 0.000000e+00 0.000000e+00 -1.000000e+00
    outer loop
      vertex   2.668500e+01 4.701591e+01 0.000000e+00
      vertex   2.673259e+01 5.827208e+01 0.000000e+00
      vertex   2.720854e+01 4.771485e+01 0.000000e+00
    endloop
  endfacet
  facet normal 0.000000e+00 0.000000e+00 -1.000000e+00
    outer loop
      vertex   2.720854e+01 4.771485e+01 0.000000e+00
      vertex   2.673259e+01 5.827208e+01 0.000000e+00
      vertex   2.725282e+01 5.755619e+01 0.000000e+00
    endloop
  endfacet
  facet normal 0.000000e+00 0.000000e+00 -1.000000e+00
    outer loop
      vertex   2.720854e+01 4.771485e+01 0.000000e+00
      vertex   2.725282e+01 5.755619e+01 0.000000e+00
      vertex   2.767100e+01 4.843731e+01 0.000000e+00
    endloop
  endfacet
  facet normal 0.000000e+00 0.000000e+00 -1.000000e+00
    outer loop
      vertex   2.767100e+01 4.843731e+01 0.000000e+00
      vertex   2.725282e+01 5.755619e+01 0.000000e+00
      vertex   2.804351e+01 4.919711e+01 0.000000e+00
    endloop
  endfacet
  facet normal 0.000000e+00 0.000000e+00 -1.000000e+00
    outer loop
      vertex   2.804351e+01 4.919711e+01 0.000000e+00
      vertex   2.725282e+01 5.755619e+01 0.000000e+00
      vertex   2.830654e+01 5.000256e+01 0.000000e+00
    endloop
  endfacet
  facet normal 0.000000e+00 0.000000e+00 -1.000000e+00
    outer loop
      vertex   2.830654e+01 5.000256e+01 0.000000e+00
      vertex   2.725282e+01 5.755619e+01 0.000000e+00
      vertex   2.847974e+01 5.084461e+01 0.000000e+00
    endloop
  endfacet
  facet normal 0.000000e+00 0.000000e+00 -1.000000e+00
    outer loop
      vertex   2.847974e+01 5.084461e+01 0.000000e+00
      vertex   2.725282e+01 5.755619e+01 0.000000e+00
      vertex   2.859306e+01 5.171105e+01 0.000000e+00
    endloop
  endfacet
  facet normal 0.000000e+00 0.000000e+00 -1.000000e+00
    outer loop
      vertex   2.859306e+01 5.171105e+01 0.000000e+00
      vertex   2.725282e+01 5.755619e+01 0.000000e+00
      vertex   2.859980e+01 5.348352e+01 0.000000e+00
    endloop
  endfacet
  facet normal 0.000000e+00 0.000000e+00 -1.000000e+00
    outer loop
      vertex   2.859306e+01 5.171105e+01 0.000000e+00
      vertex   2.859980e+01 5.348352e+01 0.000000e+00
      vertex   2.867643e+01 5.258970e+01 0.000000e+00
    endloop
  endfacet
  facet normal 0.000000e+00 0.000000e+00 -1.000000e+00
    outer loop
      vertex   2.859980e+01 5.348352e+01 0.000000e+00
      vertex   2.725282e+01 5.755619e+01 0.000000e+00
      vertex   2.849328e+01 5.436551e+01 0.000000e+00
    endloop
  endfacet
  facet normal 0.000000e+00 0.000000e+00 -1.000000e+00
    outer loop
      vertex   2.849328e+01 5.436551e+01 0.000000e+00
      vertex   2.725282e+01 5.755619e+01 0.000000e+00
      vertex   2.770704e+01 5.682128e+01 0.000000e+00
    endloop
  endfacet
  facet normal 0.000000e+00 0.000000e+00 -1.000000e+00
    outer loop
      vertex   2.849328e+01 5.436551e+01 0.000000e+00
      vertex   2.770704e+01 5.682128e+01 0.000000e+00
      vertex   2.832697e+01 5.522387e+01 0.000000e+00
    endloop
  endfacet
  facet normal 0.000000e+00 0.000000e+00 -1.000000e+00
    outer loop
      vertex   2.832697e+01 5.522387e+01 0.000000e+00
      vertex   2.770704e+01 5.682128e+01 0.000000e+00
      vertex   2.807100e+01 5.604675e+01 0.000000e+00
    endloop
  endfacet
  facet normal 1.016369e-15 6.704758e-18 -1.000000e+00
    outer loop
      vertex   2.409991e+01 3.859047e+01 -1.110223e-15
      vertex   2.519564e+01 3.807769e+01 0.000000e+00
      vertex   2.531684e+01 1.970411e+01 0.000000e+00
    endloop
  endfacet
  facet normal 0.000000e+00 0.000000e+00 -1.000000e+00
    outer loop
      vertex   2.531684e+01 1.970411e+01 0.000000e+00
      vertex   2.519564e+01 3.807769e+01 0.000000e+00
      vertex   2.584519e+01 2.005296e+01 0.000000e+00
    endloop
  endfacet
  facet normal -1.016103e-15 -3.661707e-17 -1.000000e+00
    outer loop
      vertex   2.584519e+01 2.005296e+01 0.000000e+00
      vertex   2.519564e+01 3.807769e+01 0.000000e+00
      vertex   2.631616e+01 3.730189e+01 -1.110164e-15
    endloop
  endfacet
  facet normal 4.794606e-17 -6.567047e-17 -1.000000e+00
    outer loop
      vertex   2.584519e+01 2.005296e+01 0.000000e+00
      vertex   2.631616e+01 3.730189e+01 -1.110164e-15
      vertex   2.636824e+01 2.043484e+01 0.000000e+00
    endloop
  endfacet
  facet normal -1.509782e-15 -7.047973e-17 -1.000000e+00
    outer loop
      vertex   2.636824e+01 2.043484e+01 0.000000e+00
      vertex   2.631616e+01 3.730189e+01 -1.110164e-15
      vertex   2.684115e+01 3.688555e+01 -1.873434e-15
    endloop
  endfacet
  facet normal -7.958125e-16 -9.100431e-17 -1.000000e+00
    outer loop
      vertex   2.636824e+01 2.043484e+01 0.000000e+00
      vertex   2.684115e+01 3.688555e+01 -1.873434e-15
      vertex   2.732911e+01 3.643156e+01 -2.220446e-15
    endloop
  endfacet
  facet normal 6.466538e-16 -1.205828e-16 -1.000000e+00
    outer loop
      vertex   2.777231e+01 3.593166e+01 -1.873568e-15
      vertex   2.809971e+01 2.214977e+01 0.000000e+00
      vertex   2.732911e+01 3.643156e+01 -2.220446e-15
    endloop
  endfacet
  facet normal 1.904142e-16 -1.451998e-16 -1.000000e+00
    outer loop
      vertex   2.732911e+01 3.643156e+01 -2.220446e-15
      vertex   2.809971e+01 2.214977e+01 0.000000e+00
      vertex   2.743365e+01 2.127631e+01 0.000000e+00
    endloop
  endfacet
  facet normal 1.150899e-16 -1.457194e-16 -1.000000e+00
    outer loop
      vertex   2.732911e+01 3.643156e+01 -2.220446e-15
      vertex   2.743365e+01 2.127631e+01 0.000000e+00
      vertex   2.636824e+01 2.043484e+01 0.000000e+00
    endloop
  endfacet
  facet normal 1.756487e-15 -9.421839e-17 -1.000000e+00
    outer loop
      vertex   2.777231e+01 3.593166e+01 -1.873568e-15
      vertex   2.817809e+01 3.539510e+01 -1.110283e-15
      vertex   2.809971e+01 2.214977e+01 0.000000e+00
    endloop
  endfacet
  facet normal 1.198652e-16 -8.453375e-17 -1.000000e+00
    outer loop
      vertex   2.809971e+01 2.214977e+01 0.000000e+00
      vertex   2.817809e+01 3.539510e+01 -1.110283e-15
      vertex   2.870072e+01 2.300198e+01 0.000000e+00
    endloop
  endfacet
  facet normal 1.438229e-15 -2.893706e-17 -1.000000e+00
    outer loop
      vertex   2.870072e+01 2.300198e+01 0.000000e+00
      vertex   2.817809e+01 3.539510e+01 -1.110283e-15
      vertex   2.892724e+01 3.426089e+01 0.000000e+00
    endloop
  endfacet
  facet normal 0.000000e+00 0.000000e+00 -1.000000e+00
    outer loop
      vertex   2.870072e+01 2.300198e+01 0.000000e+00
      vertex   2.892724e+01 3.426089e+01 0.000000e+00
      vertex   2.950527e+01 3.297632e+01 0.000000e+00
    endloop
  endfacet
  facet normal -0.000000e+00 -0.000000e+00 -1.000000e+00
    outer loop
      vertex   2.975067e+01 3.232987e+01 0.000000e+00
      vertex   3.020369e+01 2.784109e+01 0.000000e+00
      vertex   2.950527e+01 3.297632e+01 0.000000e+00
    endloop
  endfacet
  facet normal 0.000000e+00 0.000000e+00 -1.000000e+00
    outer loop
      vertex   2.950527e+01 3.297632e+01 0.000000e+00
      vertex   3.020369e+01 2.784109e+01 0.000000e+00
      vertex   3.009246e+01 2.679241e+01 0.000000e+00
    endloop
  endfacet
  facet normal 0.000000e+00 0.000000e+00 -1.000000e+00
    outer loop
      vertex   2.950527e+01 3.297632e+01 0.000000e+00
      vertex   3.009246e+01 2.679241e+01 0.000000e+00
      vertex   2.991142e+01 2.577044e+01 0.000000e+00
    endloop
  endfacet
  facet normal -0.000000e+00 -0.000000e+00 -1.000000e+00
    outer loop
      vertex   2.994790e+01 3.166959e+01 0.000000e+00
      vertex   3.008693e+01 3.099219e+01 0.000000e+00
      vertex   2.975067e+01 3.232987e+01 0.000000e+00
    endloop
  endfacet
  facet normal 0.000000e+00 0.000000e+00 -1.000000e+00
    outer loop
      vertex   2.975067e+01 3.232987e+01 0.000000e+00
      vertex   3.008693e+01 3.099219e+01 0.000000e+00
      vertex   3.017797e+01 3.030260e+01 0.000000e+00
    endloop
  endfacet
  facet normal 0.000000e+00 0.000000e+00 -1.000000e+00
    outer loop
      vertex   2.975067e+01 3.232987e+01 0.000000e+00
      vertex   3.017797e+01 3.030260e+01 0.000000e+00
      vertex   3.020369e+01 2.784109e+01 0.000000e+00
    endloop
  endfacet
  facet normal 0.000000e+00 0.000000e+00 -1.000000e+00
    outer loop
      vertex   3.020369e+01 2.784109e+01 0.000000e+00
      vertex   3.017797e+01 3.030260e+01 0.000000e+00
      vertex   3.028003e+01 2.890314e+01 0.000000e+00
    endloop
  endfacet
  facet normal -0.000000e+00 0.000000e+00 -1.000000e+00
    outer loop
      vertex   2.991142e+01 2.577044e+01 0.000000e+00
      vertex   2.978382e+01 2.527366e+01 0.000000e+00
      vertex   2.950527e+01 3.297632e+01 0.000000e+00
    endloop
  endfacet
  facet normal 0.000000e+00 0.000000e+00 -1.000000e+00
    outer loop
      vertex   2.950527e+01 3.297632e+01 0.000000e+00
      vertex   2.978382e+01 2.527366e+01 0.000000e+00
      vertex   2.962568e+01 2.478856e+01 0.000000e+00
    endloop
  endfacet
  facet normal 0.000000e+00 -0.000000e+00 -1.000000e+00
    outer loop
      vertex   2.950527e+01 3.297632e+01 0.000000e+00
      vertex   2.962568e+01 2.478856e+01 0.000000e+00
      vertex   2.943547e+01 2.432024e+01 0.000000e+00
    endloop
  endfacet
  facet normal -0.000000e+00 0.000000e+00 -1.000000e+00
    outer loop
      vertex   2.943547e+01 2.432024e+01 0.000000e+00
      vertex   2.921620e+01 2.386941e+01 0.000000e+00
      vertex   2.950527e+01 3.297632e+01 0.000000e+00
    endloop
  endfacet
  facet normal 0.000000e+00 0.000000e+00 -1.000000e+00
    outer loop
      vertex   2.950527e+01 3.297632e+01 0.000000e+00
      vertex   2.921620e+01 2.386941e+01 0.000000e+00
      vertex   2.870072e+01 2.300198e+01 0.000000e+00
    endloop
  endfacet
  facet normal -0.000000e+00 0.000000e+00 -1.000000e+00
    outer loop
      vertex   2.531684e+01 1.970411e+01 0.000000e+00
      vertex   2.477440e+01 1.939363e+01 0.000000e+00
      vertex   1.700000e+01 3.906880e+01 0.000000e+00
    endloop
  endfacet
  facet normal 0.000000e+00 0.000000e+00 -1.000000e+00
    outer loop
      vertex   2.300000e+01 1.445904e+01 0.000000e+00
      vertex   2.411113e+01 1.463938e+01 0.000000e+00
      vertex   3.750000e+01 0.000000e+00 0.000000e+00
    endloop
  endfacet
  facet normal 0.000000e+00 0.000000e+00 -1.000000e+00
    outer loop
      vertex   3.750000e+01 0.000000e+00 0.000000e+00
      vertex   2.411113e+01 1.463938e+01 0.000000e+00
      vertex   2.519230e+01 1.489795e+01 0.000000e+00
    endloop
  endfacet
  facet normal 0.000000e+00 0.000000e+00 -1.000000e+00
    outer loop
      vertex   3.750000e+01 0.000000e+00 0.000000e+00
      vertex   2.519230e+01 1.489795e+01 0.000000e+00
      vertex   2.571910e+01 1.506323e+01 0.000000e+00
    endloop
  endfacet
  facet normal 0.000000e+00 0.000000e+00 -1.000000e+00
    outer loop
      vertex   2.571910e+01 1.506323e+01 0.000000e+00
      vertex   2.623359e+01 1.525511e+01 0.000000e+00
      vertex   3.750000e+01 0.000000e+00 0.000000e+00
    endloop
  endfacet
  facet normal 0.000000e+00 0.000000e+00 -1.000000e+00
    outer loop
      vertex   3.750000e+01 0.000000e+00 0.000000e+00
      vertex   2.623359e+01 1.525511e+01 0.000000e+00
      vertex   2.721545e+01 1.571095e+01 0.000000e+00
    endloop
  endfacet
  facet normal 0.000000e+00 0.000000e+00 -1.000000e+00
    outer loop
      vertex   3.750000e+01 0.000000e+00 0.000000e+00
      vertex   2.721545e+01 1.571095e+01 0.000000e+00
      vertex   2.815363e+01 1.625319e+01 0.000000e+00
    endloop
  endfacet
  facet normal 0.000000e+00 0.000000e+00 -1.000000e+00
    outer loop
      vertex   2.815363e+01 1.625319e+01 0.000000e+00
      vertex   2.907240e+01 1.687059e+01 0.000000e+00
      vertex   3.750000e+01 0.000000e+00 0.000000e+00
    endloop
  endfacet
  facet normal 0.000000e+00 0.000000e+00 -1.000000e+00
    outer loop
      vertex   3.750000e+01 0.000000e+00 0.000000e+00
      vertex   2.907240e+01 1.687059e+01 0.000000e+00
      vertex   2.999603e+01 1.755189e+01 0.000000e+00
    endloop
  endfacet
  facet normal 0.000000e+00 0.000000e+00 -1.000000e+00
    outer loop
      vertex   3.750000e+01 0.000000e+00 0.000000e+00
      vertex   2.999603e+01 1.755189e+01 0.000000e+00
      vertex   3.094877e+01 1.828585e+01 0.000000e+00
    endloop
  endfacet
  facet normal 0.000000e+00 0.000000e+00 -1.000000e+00
    outer loop
      vertex   3.094877e+01 1.828585e+01 0.000000e+00
      vertex   3.191701e+01 1.953514e+01 0.000000e+00
      vertex   3.750000e+01 0.000000e+00 0.000000e+00
    endloop
  endfacet
  facet normal 0.000000e+00 0.000000e+00 -1.000000e+00
    outer loop
      vertex   3.750000e+01 0.000000e+00 0.000000e+00
      vertex   3.191701e+01 1.953514e+01 0.000000e+00
      vertex   3.278678e+01 2.075013e+01 0.000000e+00
    endloop
  endfacet
  facet normal 0.000000e+00 0.000000e+00 -1.000000e+00
    outer loop
      vertex   3.750000e+01 0.000000e+00 0.000000e+00
      vertex   3.278678e+01 2.075013e+01 0.000000e+00
      vertex   4.000000e+01 2.500000e+00 0.000000e+00
    endloop
  endfacet
  facet normal 0.000000e+00 0.000000e+00 -1.000000e+00
    outer loop
      vertex   4.000000e+01 2.500000e+00 0.000000e+00
      vertex   3.278678e+01 2.075013e+01 0.000000e+00
      vertex   3.317608e+01 2.136221e+01 0.000000e+00
    endloop
  endfacet
  facet normal 0.000000e+00 0.000000e+00 -1.000000e+00
    outer loop
      vertex   4.000000e+01 2.500000e+00 0.000000e+00
      vertex   3.317608e+01 2.136221e+01 0.000000e+00
      vertex   3.353036e+01 2.198666e+01 0.000000e+00
    endloop
  endfacet
  facet normal 0.000000e+00 0.000000e+00 -1.000000e+00
    outer loop
      vertex   3.353036e+01 2.198666e+01 0.000000e+00
      vertex   3.384617e+01 2.263047e+01 0.000000e+00
      vertex   4.000000e+01 2.500000e+00 0.000000e+00
    endloop
  endfacet
  facet normal 0.000000e+00 0.000000e+00 -1.000000e+00
    outer loop
      vertex   4.000000e+01 2.500000e+00 0.000000e+00
      vertex   3.384617e+01 2.263047e+01 0.000000e+00
      vertex   3.412003e+01 2.330060e+01 0.000000e+00
    endloop
  endfacet
  facet normal 0.000000e+00 0.000000e+00 -1.000000e+00
    outer loop
      vertex   4.000000e+01 2.500000e+00 0.000000e+00
      vertex   3.412003e+01 2.330060e+01 0.000000e+00
      vertex   3.434757e+01 2.399583e+01 0.000000e+00
    endloop
  endfacet
  facet normal 0.000000e+00 0.000000e+00 -1.000000e+00
    outer loop
      vertex   3.434757e+01 2.399583e+01 0.000000e+00
      vertex   3.453081e+01 2.470821e+01 0.000000e+00
      vertex   4.000000e+01 2.500000e+00 0.000000e+00
    endloop
  endfacet
  facet normal 0.000000e+00 0.000000e+00 -1.000000e+00
    outer loop
      vertex   4.000000e+01 2.500000e+00 0.000000e+00
      vertex   3.453081e+01 2.470821e+01 0.000000e+00
      vertex   3.467607e+01 2.543527e+01 0.000000e+00
    endloop
  endfacet
  facet normal 0.000000e+00 0.000000e+00 -1.000000e+00
    outer loop
      vertex   4.000000e+01 2.500000e+00 0.000000e+00
      vertex   3.467607e+01 2.543527e+01 0.000000e+00
      vertex   3.478968e+01 2.617459e+01 0.000000e+00
    endloop
  endfacet
  facet normal 0.000000e+00 0.000000e+00 -1.000000e+00
    outer loop
      vertex   3.478968e+01 2.617459e+01 0.000000e+00
      vertex   3.494727e+01 2.768016e+01 0.000000e+00
      vertex   4.000000e+01 2.500000e+00 0.000000e+00
    endloop
  endfacet
  facet normal 0.000000e+00 0.000000e+00 -1.000000e+00
    outer loop
      vertex   4.000000e+01 2.500000e+00 0.000000e+00
      vertex   3.494727e+01 2.768016e+01 0.000000e+00
      vertex   3.505422e+01 2.920532e+01 0.000000e+00
    endloop
  endfacet
  facet normal 0.000000e+00 0.000000e+00 -1.000000e+00
    outer loop
      vertex   4.000000e+01 2.500000e+00 0.000000e+00
      vertex   3.505422e+01 2.920532e+01 0.000000e+00
      vertex   4.000000e+01 7.750000e+01 0.000000e+00
    endloop
  endfacet
  facet normal 0.000000e+00 0.000000e+00 -1.000000e+00
    outer loop
      vertex   4.000000e+01 7.750000e+01 0.000000e+00
      vertex   3.505422e+01 2.920532e+01 0.000000e+00
      vertex   3.497237e+01 3.027735e+01 0.000000e+00
    endloop
  endfacet
  facet normal 0.000000e+00 0.000000e+00 -1.000000e+00
    outer loop
      vertex   4.000000e+01 7.750000e+01 0.000000e+00
      vertex   3.497237e+01 3.027735e+01 0.000000e+00
      vertex   3.486098e+01 3.134009e+01 0.000000e+00
    endloop
  endfacet
  facet normal 0.000000e+00 0.000000e+00 -1.000000e+00
    outer loop
      vertex   3.486098e+01 3.134009e+01 0.000000e+00
      vertex   3.469052e+01 3.238423e+01 0.000000e+00
      vertex   4.000000e+01 7.750000e+01 0.000000e+00
    endloop
  endfacet
  facet normal -0.000000e+00 0.000000e+00 -1.000000e+00
    outer loop
      vertex   3.995196e+01 2.012274e+00 0.000000e+00
      vertex   3.980970e+01 1.543291e+00 0.000000e+00
      vertex   4.000000e+01 2.500000e+00 0.000000e+00
    endloop
  endfacet
  facet normal 0.000000e+00 0.000000e+00 -1.000000e+00
    outer loop
      vertex   4.000000e+01 2.500000e+00 0.000000e+00
      vertex   3.980970e+01 1.543291e+00 0.000000e+00
      vertex   3.957867e+01 1.111074e+00 0.000000e+00
    endloop
  endfacet
  facet normal 0.000000e+00 0.000000e+00 -1.000000e+00
    outer loop
      vertex   4.000000e+01 2.500000e+00 0.000000e+00
      vertex   3.957867e+01 1.111074e+00 0.000000e+00
      vertex   3.926777e+01 7.322330e-01 0.000000e+00
    endloop
  endfacet
  facet normal -0.000000e+00 0.000000e+00 -1.000000e+00
    outer loop
      vertex   3.926777e+01 7.322330e-01 0.000000e+00
      vertex   3.888893e+01 4.213260e-01 0.000000e+00
      vertex   4.000000e+01 2.500000e+00 0.000000e+00
    endloop
  endfacet
  facet normal 0.000000e+00 0.000000e+00 -1.000000e+00
    outer loop
      vertex   4.000000e+01 2.500000e+00 0.000000e+00
      vertex   3.888893e+01 4.213260e-01 0.000000e+00
      vertex   3.845671e+01 1.903012e-01 0.000000e+00
    endloop
  endfacet
  facet normal 0.000000e+00 0.000000e+00 -1.000000e+00
    outer loop
      vertex   4.000000e+01 2.500000e+00 0.000000e+00
      vertex   3.845671e+01 1.903012e-01 0.000000e+00
      vertex   3.798773e+01 4.803680e-02 0.000000e+00
    endloop
  endfacet
  facet normal -0.000000e+00 0.000000e+00 -1.000000e+00
    outer loop
      vertex   3.798773e+01 4.803680e-02 0.000000e+00
      vertex   3.750000e+01 0.000000e+00 0.000000e+00
      vertex   4.000000e+01 2.500000e+00 0.000000e+00
    endloop
  endfacet
  facet normal 0.000000e+00 0.000000e+00 -1.000000e+00
    outer loop
      vertex   2.012274e+00 4.803680e-02 0.000000e+00
      vertex   1.543291e+00 1.903012e-01 0.000000e+00
      vertex   0.000000e+00 2.500000e+00 0.000000e+00
    endloop
  endfacet
  facet normal 0.000000e+00 0.000000e+00 -1.000000e+00
    outer loop
      vertex   0.000000e+00 2.500000e+00 0.000000e+00
      vertex   1.543291e+00 1.903012e-01 0.000000e+00
      vertex   1.111074e+00 4.213260e-01 0.000000e+00
    endloop
  endfacet
  facet normal 0.000000e+00 0.000000e+00 -1.000000e+00
    outer loop
      vertex   0.000000e+00 2.500000e+00 0.000000e+00
      vertex   1.111074e+00 4.213260e-01 0.000000e+00
      vertex   7.322330e-01 7.322330e-01 0.000000e+00
    endloop
  endfacet
  facet normal 0.000000e+00 0.000000e+00 -1.000000e+00
    outer loop
      vertex   7.322330e-01 7.322330e-01 0.000000e+00
      vertex   4.213260e-01 1.111074e+00 0.000000e+00
      vertex   0.000000e+00 2.500000e+00 0.000000e+00
    endloop
  endfacet
  facet normal 0.000000e+00 0.000000e+00 -1.000000e+00
    outer loop
      vertex   0.000000e+00 2.500000e+00 0.000000e+00
      vertex   4.213260e-01 1.111074e+00 0.000000e+00
      vertex   1.903012e-01 1.543291e+00 0.000000e+00
    endloop
  endfacet
  facet normal 0.000000e+00 0.000000e+00 -1.000000e+00
    outer loop
      vertex   0.000000e+00 2.500000e+00 0.000000e+00
      vertex   1.903012e-01 1.543291e+00 0.000000e+00
      vertex   4.803680e-02 2.012274e+00 0.000000e+00
    endloop
  endfacet
  facet normal 0.000000e+00 0.000000e+00 -1.000000e+00
    outer loop
      vertex   4.000000e+01 7.750000e+01 0.000000e+00
      vertex   0.000000e+00 7.750000e+01 0.000000e+00
      vertex   3.995196e+01 7.798773e+01 0.000000e+00
    endloop
  endfacet
  facet normal -0.000000e+00 0.000000e+00 -1.000000e+00
    outer loop
      vertex   3.995196e+01 7.798773e+01 0.000000e+00
      vertex   0.000000e+00 7.750000e+01 0.000000e+00
      vertex   4.803680e-02 7.798773e+01 0.000000e+00
    endloop
  endfacet
  facet normal 0.000000e+00 0.000000e+00 -1.000000e+00
    outer loop
      vertex   3.995196e+01 7.798773e+01 0.000000e+00
      vertex   4.803680e-02 7.798773e+01 0.000000e+00
      vertex   3.980970e+01 7.845671e+01 0.000000e+00
    endloop
  endfacet
  facet normal -0.000000e+00 0.000000e+00 -1.000000e+00
    outer loop
      vertex   3.980970e+01 7.845671e+01 0.000000e+00
      vertex   4.803680e-02 7.798773e+01 0.000000e+00
      vertex   1.903012e-01 7.845671e+01 0.000000e+00
    endloop
  endfacet
  facet normal 0.000000e+00 0.000000e+00 -1.000000e+00
    outer loop
      vertex   3.980970e+01 7.845671e+01 0.000000e+00
      vertex   1.903012e-01 7.845671e+01 0.000000e+00
      vertex   3.957867e+01 7.888893e+01 0.000000e+00
    endloop
  endfacet
  facet normal -0.000000e+00 0.000000e+00 -1.000000e+00
    outer loop
      vertex   3.957867e+01 7.888893e+01 0.000000e+00
      vertex   1.903012e-01 7.845671e+01 0.000000e+00
      vertex   4.213260e-01 7.888893e+01 0.000000e+00
    endloop
  endfacet
  facet normal 0.000000e+00 0.000000e+00 -1.000000e+00
    outer loop
      vertex   3.957867e+01 7.888893e+01 0.000000e+00
      vertex   4.213260e-01 7.888893e+01 0.000000e+00
      vertex   3.926777e+01 7.926777e+01 0.000000e+00
    endloop
  endfacet
  facet normal -0.000000e+00 0.000000e+00 -1.000000e+00
    outer loop
      vertex   3.926777e+01 7.926777e+01 0.000000e+00
      vertex   4.213260e-01 7.888893e+01 0.000000e+00
      vertex   7.322330e-01 7.926777e+01 0.000000e+00
    endloop
  endfacet
  facet normal 0.000000e+00 0.000000e+00 -1.000000e+00
    outer loop
      vertex   3.926777e+01 7.926777e+01 0.000000e+00
      vertex   7.322330e-01 7.926777e+01 0.000000e+00
      vertex   3.888893e+01 7.957867e+01 0.000000e+00
    endloop
  endfacet
  facet normal -0.000000e+00 0.000000e+00 -1.000000e+00
    outer loop
      vertex   3.888893e+01 7.957867e+01 0.000000e+00
      vertex   7.322330e-01 7.926777e+01 0.000000e+00
      vertex   1.111074e+00 7.957867e+01 0.000000e+00
    endloop
  endfacet
  facet normal 0.000000e+00 0.000000e+00 -1.000000e+00
    outer loop
      vertex   3.888893e+01 7.957867e+01 0.000000e+00
      vertex   1.111074e+00 7.957867e+01 0.000000e+00
      vertex   3.845671e+01 7.980970e+01 0.000000e+00
    endloop
  endfacet
  facet normal -0.000000e+00 0.000000e+00 -1.000000e+00
    outer loop
      vertex   3.845671e+01 7.980970e+01 0.000000e+00
      vertex   1.111074e+00 7.957867e+01 0.000000e+00
      vertex   1.543291e+00 7.980970e+01 0.000000e+00
    endloop
  endfacet
  facet normal 0.000000e+00 0.000000e+00 -1.000000e+00
    outer loop
      vertex   3.845671e+01 7.980970e+01 0.000000e+00
      vertex   1.543291e+00 7.980970e+01 0.000000e+00
      vertex   3.798773e+01 7.995196e+01 0.000000e+00
    endloop
  endfacet
  facet normal -0.000000e+00 0.000000e+00 -1.000000e+00
    outer loop
      vertex   3.798773e+01 7.995196e+01 0.000000e+00
      vertex   1.543291e+00 7.980970e+01 0.000000e+00
      vertex   2.012274e+00 7.995196e+01 0.000000e+00
    endloop
  endfacet
  facet normal 0.000000e+00 0.000000e+00 -1.000000e+00
    outer loop
      vertex   3.798773e+01 7.995196e+01 0.000000e+00
      vertex   2.012274e+00 7.995196e+01 0.000000e+00
      vertex   3.750000e+01 8.000000e+01 0.000000e+00
    endloop
  endfacet
  facet normal -0.000000e+00 0.000000e+00 -1.000000e+00
    outer loop
      vertex   3.750000e+01 8.000000e+01 0.000000e+00
      vertex   2.012274e+00 7.995196e+01 0.000000e+00
      vertex   2.500000e+00 8.000000e+01 0.000000e+00
    endloop
  endfacet
  facet normal 3.606692e-01 9.326938e-01 0.000000e+00
    outer loop
      vertex   2.300000e+01 6.106052e+01 1.500000e+01
      vertex   2.343422e+01 6.089260e+01 1.500000e+01
      vertex   2.300000e+01 6.106052e+01 0.000000e+00
    endloop
  endfacet
  facet normal 3.606418e-01 9.327044e-01 9.105971e-07
    outer loop
      vertex   2.300000e+01 6.106052e+01 0.000000e+00
      vertex   2.343422e+01 6.089260e+01 1.500000e+01
      vertex   2.343424e+01 6.089261e+01 2.213418e-15
    endloop
  endfacet
  facet normal 4.361948e-01 8.998523e-01 9.582903e-07
    outer loop
      vertex   2.343424e+01 6.089261e+01 2.213418e-15
      vertex   2.343422e+01 6.089260e+01 1.500000e+01
      vertex   2.385247e+01 6.068988e+01 2.047853e-15
    endloop
  endfacet
  facet normal 4.368628e-01 8.995282e-01 2.396561e-05
    outer loop
      vertex   2.385247e+01 6.068988e+01 2.047853e-15
      vertex   2.343422e+01 6.089260e+01 1.500000e+01
      vertex   2.385355e+01 6.068895e+01 1.500000e+01
    endloop
  endfacet
  facet normal 5.259028e-01 8.505447e-01 1.453924e-05
    outer loop
      vertex   2.385247e+01 6.068988e+01 2.047853e-15
      vertex   2.385355e+01 6.068895e+01 1.500000e+01
      vertex   2.464977e+01 6.019690e+01 1.284973e-15
    endloop
  endfacet
  facet normal 5.266208e-01 8.501003e-01 6.723485e-05
    outer loop
      vertex   2.464977e+01 6.019690e+01 1.284973e-15
      vertex   2.385355e+01 6.068895e+01 1.500000e+01
      vertex   2.465505e+01 6.019244e+01 1.500000e+01
    endloop
  endfacet
  facet normal 6.036167e-01 7.972747e-01 2.447162e-05
    outer loop
      vertex   2.464977e+01 6.019690e+01 1.284973e-15
      vertex   2.465505e+01 6.019244e+01 1.500000e+01
      vertex   2.541457e+01 5.961787e+01 4.149473e-16
    endloop
  endfacet
  facet normal 6.037121e-01 7.972024e-01 3.206960e-05
    outer loop
      vertex   2.541457e+01 5.961787e+01 4.149473e-16
      vertex   2.465505e+01 6.019244e+01 1.500000e+01
      vertex   2.542155e+01 5.961198e+01 1.500000e+01
    endloop
  endfacet
  facet normal 6.391869e-01 7.690515e-01 4.502116e-06
    outer loop
      vertex   2.541457e+01 5.961787e+01 4.149473e-16
      vertex   2.542155e+01 5.961198e+01 1.500000e+01
      vertex   2.617057e+01 5.898953e+01 0.000000e+00
    endloop
  endfacet
  facet normal 6.391335e-01 7.690958e-01 -0.000000e+00
    outer loop
      vertex   2.617057e+01 5.898953e+01 0.000000e+00
      vertex   2.542155e+01 5.961198e+01 1.500000e+01
      vertex   2.617057e+01 5.898953e+01 1.500000e+01
    endloop
  endfacet
  facet normal -8.264572e-01 -5.629996e-01 -0.000000e+00
    outer loop
      vertex   1.248040e+01 4.811342e+01 1.500000e+01
      vertex   1.248040e+01 4.811342e+01 0.000000e+00
      vertex   1.312735e+01 4.716374e+01 1.500000e+01
    endloop
  endfacet
  facet normal -8.264570e-01 -5.629998e-01 -2.080222e-08
    outer loop
      vertex   1.312735e+01 4.716374e+01 1.500000e+01
      vertex   1.248040e+01 4.811342e+01 0.000000e+00
      vertex   1.312735e+01 4.716373e+01 0.000000e+00
    endloop
  endfacet
  facet normal -7.903160e-01 -6.126994e-01 1.837450e-08
    outer loop
      vertex   1.312735e+01 4.716374e+01 1.500000e+01
      vertex   1.312735e+01 4.716373e+01 0.000000e+00
      vertex   1.347606e+01 4.671393e+01 1.500000e+01
    endloop
  endfacet
  facet normal -7.903152e-01 -6.127005e-01 -3.149924e-08
    outer loop
      vertex   1.347606e+01 4.671393e+01 1.500000e+01
      vertex   1.312735e+01 4.716373e+01 0.000000e+00
      vertex   1.347607e+01 4.671392e+01 0.000000e+00
    endloop
  endfacet
  facet normal -7.422182e-01 -6.701583e-01 3.962410e-08
    outer loop
      vertex   1.347606e+01 4.671393e+01 1.500000e+01
      vertex   1.347607e+01 4.671392e+01 0.000000e+00
      vertex   1.385507e+01 4.629418e+01 1.500000e+01
    endloop
  endfacet
  facet normal -7.422165e-01 -6.701602e-01 -5.811552e-08
    outer loop
      vertex   1.385507e+01 4.629418e+01 1.500000e+01
      vertex   1.347607e+01 4.671392e+01 0.000000e+00
      vertex   1.385508e+01 4.629416e+01 0.000000e+00
    endloop
  endfacet
  facet normal -6.772607e-01 -7.357431e-01 5.824645e-08
    outer loop
      vertex   1.385507e+01 4.629418e+01 1.500000e+01
      vertex   1.385508e+01 4.629416e+01 0.000000e+00
      vertex   1.427070e+01 4.591158e+01 0.000000e+00
    endloop
  endfacet
  facet normal -6.771406e-01 -7.358536e-01 6.204390e-06
    outer loop
      vertex   1.385507e+01 4.629418e+01 1.500000e+01
      vertex   1.427070e+01 4.591158e+01 0.000000e+00
      vertex   1.427120e+01 4.591124e+01 1.500000e+01
    endloop
  endfacet
  facet normal -6.198963e-01 -7.846838e-01 3.223733e-06
    outer loop
      vertex   1.427120e+01 4.591124e+01 1.500000e+01
      vertex   1.427070e+01 4.591158e+01 0.000000e+00
      vertex   1.471644e+01 4.555944e+01 0.000000e+00
    endloop
  endfacet
  facet normal -6.197862e-01 -7.847707e-01 8.528170e-06
    outer loop
      vertex   1.427120e+01 4.591124e+01 1.500000e+01
      vertex   1.471644e+01 4.555944e+01 0.000000e+00
      vertex   1.471780e+01 4.555853e+01 1.500000e+01
    endloop
  endfacet
  facet normal -5.700905e-01 -8.215819e-01 1.800750e-06
    outer loop
      vertex   1.471780e+01 4.555853e+01 1.500000e+01
      vertex   1.471644e+01 4.555944e+01 0.000000e+00
      vertex   1.566178e+01 4.490348e+01 0.000000e+00
    endloop
  endfacet
  facet normal -5.701098e-01 -8.215685e-01 0.000000e+00
    outer loop
      vertex   1.471780e+01 4.555853e+01 1.500000e+01
      vertex   1.566178e+01 4.490348e+01 0.000000e+00
      vertex   1.566178e+01 4.490348e+01 1.500000e+01
    endloop
  endfacet
  facet normal -9.971844e-01 -7.498832e-02 -0.000000e+00
    outer loop
      vertex   1.131254e+01 5.258970e+01 1.500000e+01
      vertex   1.131254e+01 5.258970e+01 0.000000e+00
      vertex   1.140071e+01 5.141720e+01 1.500000e+01
    endloop
  endfacet
  facet normal -9.971842e-01 -7.499075e-02 -1.912592e-07
    outer loop
      vertex   1.140071e+01 5.141720e+01 1.500000e+01
      vertex   1.131254e+01 5.258970e+01 0.000000e+00
      vertex   1.140072e+01 5.141711e+01 0.000000e+00
    endloop
  endfacet
  facet normal -9.908545e-01 -1.349345e-01 1.688677e-07
    outer loop
      vertex   1.140071e+01 5.141720e+01 1.500000e+01
      vertex   1.140072e+01 5.141711e+01 0.000000e+00
      vertex   1.147931e+01 5.084000e+01 1.500000e+01
    endloop
  endfacet
  facet normal -9.908529e-01 -1.349462e-01 -2.894954e-07
    outer loop
      vertex   1.147931e+01 5.084000e+01 1.500000e+01
      vertex   1.140072e+01 5.141711e+01 0.000000e+00
      vertex   1.147934e+01 5.083987e+01 0.000000e+00
    endloop
  endfacet
  facet normal -9.782725e-01 -2.073233e-01 3.640868e-07
    outer loop
      vertex   1.147931e+01 5.084000e+01 1.500000e+01
      vertex   1.147934e+01 5.083987e+01 0.000000e+00
      vertex   1.159934e+01 5.027366e+01 1.500000e+01
    endloop
  endfacet
  facet normal -9.782677e-01 -2.073460e-01 -5.340076e-07
    outer loop
      vertex   1.159934e+01 5.027366e+01 1.500000e+01
      vertex   1.147934e+01 5.083987e+01 0.000000e+00
      vertex   1.159938e+01 5.027349e+01 0.000000e+00
    endloop
  endfacet
  facet normal -9.554546e-01 -2.951380e-01 5.378079e-07
    outer loop
      vertex   1.159934e+01 5.027366e+01 1.500000e+01
      vertex   1.159938e+01 5.027349e+01 0.000000e+00
      vertex   1.176967e+01 4.972222e+01 0.000000e+00
    endloop
  endfacet
  facet normal -9.553203e-01 -2.955724e-01 1.803565e-05
    outer loop
      vertex   1.159934e+01 5.027366e+01 1.500000e+01
      vertex   1.176967e+01 4.972222e+01 0.000000e+00
      vertex   1.177042e+01 4.972071e+01 1.500000e+01
    endloop
  endfacet
  facet normal -9.306951e-01 -3.657959e-01 9.737484e-06
    outer loop
      vertex   1.177042e+01 4.972071e+01 1.500000e+01
      vertex   1.176967e+01 4.972222e+01 0.000000e+00
      vertex   1.198154e+01 4.918316e+01 0.000000e+00
    endloop
  endfacet
  facet normal -9.305468e-01 -3.661729e-01 2.533292e-05
    outer loop
      vertex   1.177042e+01 4.972071e+01 1.500000e+01
      vertex   1.198154e+01 4.918316e+01 0.000000e+00
      vertex   1.198366e+01 4.917880e+01 1.500000e+01
    endloop
  endfacet
  facet normal -9.062953e-01 -4.226450e-01 5.493474e-06
    outer loop
      vertex   1.198366e+01 4.917880e+01 1.500000e+01
      vertex   1.198154e+01 4.918316e+01 0.000000e+00
      vertex   1.248040e+01 4.811342e+01 0.000000e+00
    endloop
  endfacet
  facet normal -9.063249e-01 -4.225815e-01 0.000000e+00
    outer loop
      vertex   1.198366e+01 4.917880e+01 1.500000e+01
      vertex   1.248040e+01 4.811342e+01 0.000000e+00
      vertex   1.248040e+01 4.811342e+01 1.500000e+01
    endloop
  endfacet
  facet normal -7.933196e-01 6.088054e-01 0.000000e+00
    outer loop
      vertex   1.376779e+01 5.901133e+01 1.500000e+01
      vertex   1.376779e+01 5.901133e+01 0.000000e+00
      vertex   1.322269e+01 5.830102e+01 1.500000e+01
    endloop
  endfacet
  facet normal -7.932315e-01 6.089201e-01 8.628729e-06
    outer loop
      vertex   1.322269e+01 5.830102e+01 1.500000e+01
      vertex   1.376779e+01 5.901133e+01 0.000000e+00
      vertex   1.320987e+01 5.828454e+01 0.000000e+00
    endloop
  endfacet
  facet normal -8.146661e-01 5.799303e-01 5.880664e-05
    outer loop
      vertex   1.322269e+01 5.830102e+01 1.500000e+01
      vertex   1.320987e+01 5.828454e+01 0.000000e+00
      vertex   1.270851e+01 5.757872e+01 1.500000e+01
    endloop
  endfacet
  facet normal -8.147121e-01 5.798657e-01 5.422777e-05
    outer loop
      vertex   1.270851e+01 5.757872e+01 1.500000e+01
      vertex   1.320987e+01 5.828454e+01 0.000000e+00
      vertex   1.269758e+01 5.756477e+01 0.000000e+00
    endloop
  endfacet
  facet normal -8.551774e-01 5.183354e-01 1.408957e-04
    outer loop
      vertex   1.270851e+01 5.757872e+01 1.500000e+01
      vertex   1.269758e+01 5.756477e+01 0.000000e+00
      vertex   1.225617e+01 5.683243e+01 1.500000e+01
    endloop
  endfacet
  facet normal -8.559421e-01 5.170718e-01 5.670099e-05
    outer loop
      vertex   1.225617e+01 5.683243e+01 1.500000e+01
      vertex   1.269758e+01 5.756477e+01 0.000000e+00
      vertex   1.225277e+01 5.682844e+01 0.000000e+00
    endloop
  endfacet
  facet normal -8.940836e-01 4.479000e-01 8.372529e-05
    outer loop
      vertex   1.225617e+01 5.683243e+01 1.500000e+01
      vertex   1.225277e+01 5.682844e+01 0.000000e+00
      vertex   1.206285e+01 5.644654e+01 1.500000e+01
    endloop
  endfacet
  facet normal -9.092362e-01 4.162796e-01 -9.131848e-04
    outer loop
      vertex   1.206285e+01 5.644654e+01 1.500000e+01
      vertex   1.225277e+01 5.682844e+01 0.000000e+00
      vertex   1.189726e+01 5.605194e+01 0.000000e+00
    endloop
  endfacet
  facet normal -9.221580e-01 3.868134e-01 4.628912e-06
    outer loop
      vertex   1.206285e+01 5.644654e+01 1.500000e+01
      vertex   1.189726e+01 5.605194e+01 0.000000e+00
      vertex   1.189659e+01 5.605016e+01 1.500000e+01
    endloop
  endfacet
  facet normal -9.572380e-01 2.893014e-01 -8.518999e-06
    outer loop
      vertex   1.189659e+01 5.605016e+01 1.500000e+01
      vertex   1.189726e+01 5.605194e+01 0.000000e+00
      vertex   1.164777e+01 5.522645e+01 0.000000e+00
    endloop
  endfacet
  facet normal -9.573103e-01 2.890624e-01 5.807364e-06
    outer loop
      vertex   1.189659e+01 5.605016e+01 1.500000e+01
      vertex   1.164777e+01 5.522645e+01 0.000000e+00
      vertex   1.164744e+01 5.522505e+01 1.500000e+01
    endloop
  endfacet
  facet normal -9.829305e-01 1.839772e-01 -4.583476e-06
    outer loop
      vertex   1.164744e+01 5.522505e+01 1.500000e+01
      vertex   1.164777e+01 5.522645e+01 0.000000e+00
      vertex   1.148684e+01 5.436661e+01 0.000000e+00
    endloop
  endfacet
  facet normal -9.829534e-01 1.838547e-01 2.673130e-06
    outer loop
      vertex   1.164744e+01 5.522505e+01 1.500000e+01
      vertex   1.148684e+01 5.436661e+01 0.000000e+00
      vertex   1.148670e+01 5.436565e+01 1.500000e+01
    endloop
  endfacet
  facet normal -9.934022e-01 1.146825e-01 -1.881076e-06
    outer loop
      vertex   1.148670e+01 5.436565e+01 1.500000e+01
      vertex   1.148684e+01 5.436661e+01 0.000000e+00
      vertex   1.138493e+01 5.348388e+01 0.000000e+00
    endloop
  endfacet
  facet normal -9.934073e-01 1.146383e-01 7.522761e-07
    outer loop
      vertex   1.148670e+01 5.436565e+01 1.500000e+01
      vertex   1.138493e+01 5.348388e+01 0.000000e+00
      vertex   1.138488e+01 5.348339e+01 1.500000e+01
    endloop
  endfacet
  facet normal -9.967389e-01 8.069382e-02 -3.728316e-07
    outer loop
      vertex   1.138488e+01 5.348339e+01 1.500000e+01
      vertex   1.138493e+01 5.348388e+01 0.000000e+00
      vertex   1.131254e+01 5.258970e+01 0.000000e+00
    endloop
  endfacet
  facet normal -9.967394e-01 8.068761e-02 0.000000e+00
    outer loop
      vertex   1.138488e+01 5.348339e+01 1.500000e+01
      vertex   1.131254e+01 5.258970e+01 0.000000e+00
      vertex   1.131254e+01 5.258970e+01 1.500000e+01
    endloop
  endfacet
  facet normal -3.450411e-01 9.385876e-01 0.000000e+00
    outer loop
      vertex   1.700000e+01 6.109887e+01 1.500000e+01
      vertex   1.700000e+01 6.109887e+01 0.000000e+00
      vertex   1.655530e+01 6.093539e+01 1.500000e+01
    endloop
  endfacet
  facet normal -3.450529e-01 9.385832e-01 -3.979559e-07
    outer loop
      vertex   1.655530e+01 6.093539e+01 1.500000e+01
      vertex   1.700000e+01 6.109887e+01 0.000000e+00
      vertex   1.655516e+01 6.093534e+01 0.000000e+00
    endloop
  endfacet
  facet normal -4.237034e-01 9.058010e-01 4.548703e-07
    outer loop
      vertex   1.655530e+01 6.093539e+01 1.500000e+01
      vertex   1.655516e+01 6.093534e+01 0.000000e+00
      vertex   1.612743e+01 6.073526e+01 0.000000e+00
    endloop
  endfacet
  facet normal -4.244912e-01 9.054320e-01 2.784932e-05
    outer loop
      vertex   1.655530e+01 6.093539e+01 1.500000e+01
      vertex   1.612743e+01 6.073526e+01 0.000000e+00
      vertex   1.612631e+01 6.073427e+01 1.500000e+01
    endloop
  endfacet
  facet normal -4.919388e-01 8.706298e-01 2.053940e-05
    outer loop
      vertex   1.612631e+01 6.073427e+01 1.500000e+01
      vertex   1.612743e+01 6.073526e+01 0.000000e+00
      vertex   1.571549e+01 6.050249e+01 0.000000e+00
    endloop
  endfacet
  facet normal -4.931905e-01 8.699213e-01 6.576975e-05
    outer loop
      vertex   1.612631e+01 6.073427e+01 1.500000e+01
      vertex   1.571549e+01 6.050249e+01 0.000000e+00
      vertex   1.571153e+01 6.049912e+01 1.500000e+01
    endloop
  endfacet
  facet normal -5.464236e-01 8.375089e-01 4.441247e-05
    outer loop
      vertex   1.571153e+01 6.049912e+01 1.500000e+01
      vertex   1.571549e+01 6.050249e+01 0.000000e+00
      vertex   1.531577e+01 6.024170e+01 0.000000e+00
    endloop
  endfacet
  facet normal -5.473268e-01 8.369190e-01 7.836669e-05
    outer loop
      vertex   1.571153e+01 6.049912e+01 1.500000e+01
      vertex   1.531577e+01 6.024170e+01 0.000000e+00
      vertex   1.530858e+01 6.023559e+01 1.500000e+01
    endloop
  endfacet
  facet normal -6.028075e-01 7.978867e-01 3.587685e-05
    outer loop
      vertex   1.530858e+01 6.023559e+01 1.500000e+01
      vertex   1.531577e+01 6.024170e+01 0.000000e+00
      vertex   1.453873e+01 5.965465e+01 0.000000e+00
    endloop
  endfacet
  facet normal -6.029708e-01 7.977633e-01 4.903794e-05
    outer loop
      vertex   1.530858e+01 6.023559e+01 1.500000e+01
      vertex   1.453873e+01 5.965465e+01 0.000000e+00
      vertex   1.452871e+01 5.964615e+01 1.500000e+01
    endloop
  endfacet
  facet normal -6.406917e-01 7.677983e-01 6.881001e-06
    outer loop
      vertex   1.452871e+01 5.964615e+01 1.500000e+01
      vertex   1.453873e+01 5.965465e+01 0.000000e+00
      vertex   1.376779e+01 5.901133e+01 0.000000e+00
    endloop
  endfacet
  facet normal -6.406117e-01 7.678650e-01 0.000000e+00
    outer loop
      vertex   1.452871e+01 5.964615e+01 1.500000e+01
      vertex   1.376779e+01 5.901133e+01 0.000000e+00
      vertex   1.376779e+01 5.901133e+01 1.500000e+01
    endloop
  endfacet
  facet normal 9.963450e-01 8.542066e-02 0.000000e+00
    outer loop
      vertex   2.867643e+01 5.258970e+01 1.500000e+01
      vertex   2.867643e+01 5.258970e+01 0.000000e+00
      vertex   2.859982e+01 5.348327e+01 1.500000e+01
    endloop
  endfacet
  facet normal 9.963447e-01 8.542384e-02 -1.908682e-07
    outer loop
      vertex   2.859982e+01 5.348327e+01 1.500000e+01
      vertex   2.867643e+01 5.258970e+01 0.000000e+00
      vertex   2.859980e+01 5.348352e+01 0.000000e+00
    endloop
  endfacet
  facet normal 9.927882e-01 1.198812e-01 3.853345e-07
    outer loop
      vertex   2.859982e+01 5.348327e+01 1.500000e+01
      vertex   2.859980e+01 5.348352e+01 0.000000e+00
      vertex   2.849335e+01 5.436503e+01 1.500000e+01
    endloop
  endfacet
  facet normal 9.927855e-01 1.199039e-01 -9.634361e-07
    outer loop
      vertex   2.849335e+01 5.436503e+01 1.500000e+01
      vertex   2.859980e+01 5.348352e+01 0.000000e+00
      vertex   2.849328e+01 5.436551e+01 0.000000e+00
    endloop
  endfacet
  facet normal 9.817557e-01 1.901468e-01 1.370031e-06
    outer loop
      vertex   2.849335e+01 5.436503e+01 1.500000e+01
      vertex   2.849328e+01 5.436551e+01 0.000000e+00
      vertex   2.832715e+01 5.522316e+01 1.500000e+01
    endloop
  endfacet
  facet normal 9.817435e-01 1.902095e-01 -2.348875e-06
    outer loop
      vertex   2.832715e+01 5.522316e+01 1.500000e+01
      vertex   2.849328e+01 5.436551e+01 0.000000e+00
      vertex   2.832697e+01 5.522387e+01 0.000000e+00
    endloop
  endfacet
  facet normal 9.549069e-01 2.969055e-01 2.977673e-06
    outer loop
      vertex   2.832715e+01 5.522316e+01 1.500000e+01
      vertex   2.832697e+01 5.522387e+01 0.000000e+00
      vertex   2.807135e+01 5.604586e+01 1.500000e+01
    endloop
  endfacet
  facet normal 9.548688e-01 2.970278e-01 -4.367665e-06
    outer loop
      vertex   2.807135e+01 5.604586e+01 1.500000e+01
      vertex   2.832697e+01 5.522387e+01 0.000000e+00
      vertex   2.807100e+01 5.604675e+01 0.000000e+00
    endloop
  endfacet
  facet normal 9.184193e-01 3.956084e-01 2.353124e-06
    outer loop
      vertex   2.807135e+01 5.604586e+01 1.500000e+01
      vertex   2.807100e+01 5.604675e+01 0.000000e+00
      vertex   2.790133e+01 5.644055e+01 1.500000e+01
    endloop
  endfacet
  facet normal 9.050515e-01 4.253011e-01 -9.283761e-04
    outer loop
      vertex   2.790133e+01 5.644055e+01 1.500000e+01
      vertex   2.807100e+01 5.604675e+01 0.000000e+00
      vertex   2.770704e+01 5.682128e+01 0.000000e+00
    endloop
  endfacet
  facet normal 8.897027e-01 4.565403e-01 6.335912e-05
    outer loop
      vertex   2.790133e+01 5.644055e+01 1.500000e+01
      vertex   2.770704e+01 5.682128e+01 0.000000e+00
      vertex   2.770429e+01 5.682455e+01 1.500000e+01
    endloop
  endfacet
  facet normal 8.506447e-01 5.257409e-01 4.113970e-05
    outer loop
      vertex   2.770429e+01 5.682455e+01 1.500000e+01
      vertex   2.770704e+01 5.682128e+01 0.000000e+00
      vertex   2.725282e+01 5.755619e+01 0.000000e+00
    endloop
  endfacet
  facet normal 8.500632e-01 5.266808e-01 1.044868e-04
    outer loop
      vertex   2.770429e+01 5.682455e+01 1.500000e+01
      vertex   2.725282e+01 5.755619e+01 0.000000e+00
      vertex   2.724455e+01 5.756658e+01 1.500000e+01
    endloop
  endfacet
  facet normal 8.089585e-01 5.878657e-01 3.946685e-05
    outer loop
      vertex   2.724455e+01 5.756658e+01 1.500000e+01
      vertex   2.725282e+01 5.755619e+01 0.000000e+00
      vertex   2.673259e+01 5.827208e+01 0.000000e+00
    endloop
  endfacet
  facet normal 8.089198e-01 5.879190e-01 4.329416e-05
    outer loop
      vertex   2.724455e+01 5.756658e+01 1.500000e+01
      vertex   2.673259e+01 5.827208e+01 0.000000e+00
      vertex   2.672301e+01 5.828416e+01 1.500000e+01
    endloop
  endfacet
  facet normal 7.872181e-01 6.166746e-01 6.272602e-06
    outer loop
      vertex   2.672301e+01 5.828416e+01 1.500000e+01
      vertex   2.673259e+01 5.827208e+01 0.000000e+00
      vertex   2.617057e+01 5.898953e+01 0.000000e+00
    endloop
  endfacet
  facet normal 7.872829e-01 6.165920e-01 0.000000e+00
    outer loop
      vertex   2.672301e+01 5.828416e+01 1.500000e+01
      vertex   2.617057e+01 5.898953e+01 0.000000e+00
      vertex   2.617057e+01 5.898953e+01 1.500000e+01
    endloop
  endfacet
  facet normal 7.784646e-01 -6.276886e-01 0.000000e+00
    outer loop
      vertex   2.612923e+01 4.632667e+01 1.500000e+01
      vertex   2.612923e+01 4.632667e+01 0.000000e+00
      vertex   2.668311e+01 4.701360e+01 1.500000e+01
    endloop
  endfacet
  facet normal 7.784520e-01 -6.277041e-01 1.173147e-06
    outer loop
      vertex   2.668311e+01 4.701360e+01 1.500000e+01
      vertex   2.612923e+01 4.632667e+01 0.000000e+00
      vertex   2.668500e+01 4.701591e+01 0.000000e+00
    endloop
  endfacet
  facet normal 8.003541e-01 -5.995276e-01 8.264243e-06
    outer loop
      vertex   2.668311e+01 4.701360e+01 1.500000e+01
      vertex   2.668500e+01 4.701591e+01 0.000000e+00
      vertex   2.720688e+01 4.771281e+01 1.500000e+01
    endloop
  endfacet
  facet normal 8.003632e-01 -5.995154e-01 7.377746e-06
    outer loop
      vertex   2.720688e+01 4.771281e+01 1.500000e+01
      vertex   2.668500e+01 4.701591e+01 0.000000e+00
      vertex   2.720854e+01 4.771485e+01 0.000000e+00
    endloop
  endfacet
  facet normal 8.421085e-01 -5.393081e-01 2.021204e-05
    outer loop
      vertex   2.720688e+01 4.771281e+01 1.500000e+01
      vertex   2.720854e+01 4.771485e+01 0.000000e+00
      vertex   2.767039e+01 4.843656e+01 1.500000e+01
    endloop
  endfacet
  facet normal 8.422272e-01 -5.391228e-01 7.643800e-06
    outer loop
      vertex   2.767039e+01 4.843656e+01 1.500000e+01
      vertex   2.720854e+01 4.771485e+01 0.000000e+00
      vertex   2.767100e+01 4.843731e+01 0.000000e+00
    endloop
  endfacet
  facet normal 8.977781e-01 -4.404481e-01 1.481603e-05
    outer loop
      vertex   2.767039e+01 4.843656e+01 1.500000e+01
      vertex   2.767100e+01 4.843731e+01 0.000000e+00
      vertex   2.804353e+01 4.919714e+01 1.500000e+01
    endloop
  endfacet
  facet normal 8.978926e-01 -4.402146e-01 1.466493e-07
    outer loop
      vertex   2.804353e+01 4.919714e+01 1.500000e+01
      vertex   2.767100e+01 4.843731e+01 0.000000e+00
      vertex   2.804351e+01 4.919711e+01 0.000000e+00
    endloop
  endfacet
  facet normal 9.505973e-01 -3.104268e-01 -1.462883e-07
    outer loop
      vertex   2.804353e+01 4.919714e+01 1.500000e+01
      vertex   2.804351e+01 4.919711e+01 0.000000e+00
      vertex   2.830654e+01 5.000256e+01 0.000000e+00
    endloop
  endfacet
  facet normal 9.505987e-01 -3.104226e-01 9.974172e-08
    outer loop
      vertex   2.804353e+01 4.919714e+01 1.500000e+01
      vertex   2.830654e+01 5.000256e+01 0.000000e+00
      vertex   2.830655e+01 5.000258e+01 1.500000e+01
    endloop
  endfacet
  facet normal 9.794942e-01 -2.014724e-01 -7.864646e-08
    outer loop
      vertex   2.830655e+01 5.000258e+01 1.500000e+01
      vertex   2.830654e+01 5.000256e+01 0.000000e+00
      vertex   2.847974e+01 5.084461e+01 0.000000e+00
    endloop
  endfacet
  facet normal 9.794946e-01 -2.014703e-01 4.587694e-08
    outer loop
      vertex   2.830655e+01 5.000258e+01 1.500000e+01
      vertex   2.847974e+01 5.084461e+01 0.000000e+00
      vertex   2.847974e+01 5.084462e+01 1.500000e+01
    endloop
  endfacet
  facet normal 9.915560e-01 -1.296791e-01 -3.223905e-08
    outer loop
      vertex   2.847974e+01 5.084462e+01 1.500000e+01
      vertex   2.847974e+01 5.084461e+01 0.000000e+00
      vertex   2.859306e+01 5.171105e+01 0.000000e+00
    endloop
  endfacet
  facet normal 9.915561e-01 -1.296783e-01 1.289557e-08
    outer loop
      vertex   2.847974e+01 5.084462e+01 1.500000e+01
      vertex   2.859306e+01 5.171105e+01 0.000000e+00
      vertex   2.859306e+01 5.171106e+01 1.500000e+01
    endloop
  endfacet
  facet normal 9.955281e-01 -9.446567e-02 -6.383810e-09
    outer loop
      vertex   2.859306e+01 5.171106e+01 1.500000e+01
      vertex   2.859306e+01 5.171105e+01 0.000000e+00
      vertex   2.867643e+01 5.258970e+01 0.000000e+00
    endloop
  endfacet
  facet normal 9.955281e-01 -9.446556e-02 0.000000e+00
    outer loop
      vertex   2.859306e+01 5.171106e+01 1.500000e+01
      vertex   2.867643e+01 5.258970e+01 0.000000e+00
      vertex   2.867643e+01 5.258970e+01 1.500000e+01
    endloop
  endfacet
  facet normal 3.694722e-01 -9.292418e-01 1.320532e-15
    outer loop
      vertex   2.300000e+01 4.426486e+01 0.000000e+00
      vertex   2.342786e+01 4.443498e+01 0.000000e+00
      vertex   2.300000e+01 4.426486e+01 1.500000e+01
    endloop
  endfacet
  facet normal 3.694734e-01 -9.292413e-01 3.668436e-08
    outer loop
      vertex   2.300000e+01 4.426486e+01 1.500000e+01
      vertex   2.342786e+01 4.443498e+01 0.000000e+00
      vertex   2.342786e+01 4.443498e+01 1.500000e+01
    endloop
  endfacet
  facet normal 4.438652e-01 -8.960936e-01 2.772532e-08
    outer loop
      vertex   2.342786e+01 4.443498e+01 1.500000e+01
      vertex   2.342786e+01 4.443498e+01 0.000000e+00
      vertex   2.384119e+01 4.463971e+01 0.000000e+00
    endloop
  endfacet
  facet normal 4.438788e-01 -8.960868e-01 4.970450e-07
    outer loop
      vertex   2.342786e+01 4.443498e+01 1.500000e+01
      vertex   2.384119e+01 4.463971e+01 0.000000e+00
      vertex   2.384121e+01 4.463973e+01 1.500000e+01
    endloop
  endfacet
  facet normal 5.306674e-01 -8.475802e-01 2.942247e-07
    outer loop
      vertex   2.384121e+01 4.463973e+01 1.500000e+01
      vertex   2.384119e+01 4.463971e+01 0.000000e+00
      vertex   2.463192e+01 4.513479e+01 0.000000e+00
    endloop
  endfacet
  facet normal 5.306809e-01 -8.475717e-01 1.288125e-06
    outer loop
      vertex   2.384121e+01 4.463973e+01 1.500000e+01
      vertex   2.463192e+01 4.513479e+01 0.000000e+00
      vertex   2.463203e+01 4.513488e+01 1.500000e+01
    endloop
  endfacet
  facet normal 6.053429e-01 -7.959648e-01 4.656172e-07
    outer loop
      vertex   2.463203e+01 4.513488e+01 1.500000e+01
      vertex   2.463192e+01 4.513479e+01 0.000000e+00
      vertex   2.538894e+01 4.571051e+01 0.000000e+00
    endloop
  endfacet
  facet normal 6.053446e-01 -7.959635e-01 6.032771e-07
    outer loop
      vertex   2.463203e+01 4.513488e+01 1.500000e+01
      vertex   2.538894e+01 4.571051e+01 0.000000e+00
      vertex   2.538907e+01 4.571062e+01 1.500000e+01
    endloop
  endfacet
  facet normal 6.397243e-01 -7.686044e-01 8.510983e-08
    outer loop
      vertex   2.538907e+01 4.571062e+01 1.500000e+01
      vertex   2.538894e+01 4.571051e+01 0.000000e+00
      vertex   2.612923e+01 4.632667e+01 0.000000e+00
    endloop
  endfacet
  facet normal 6.397233e-01 -7.686053e-01 0.000000e+00
    outer loop
      vertex   2.538907e+01 4.571062e+01 1.500000e+01
      vertex   2.612923e+01 4.632667e+01 0.000000e+00
      vertex   2.612923e+01 4.632667e+01 1.500000e+01
    endloop
  endfacet
endsolid
